id,sess,block,auc,std_wtw,auc1,auc2,auc3,auc4,std_wtw1,std_wtw2,std_wtw3,std_wtw4,ready_RT_mean,ready_RT_se,sell_RT_median,sell_RT_mean,sell_RT_se,condition
s0001,1,1,10.0358695665094,3.745125224296793,8.944070707070708,8.394921428571429,12.0,11.19325,4.217004471443234,8.394921428571429,0.0,1.397331989006192,0.22284507042253274,0.07128972169197914,0.741,0.8045084745762713,0.03589524300636885,LP
s0001,1,2,11.20751206140351,1.918846642356965,12.0,9.99458181818182,11.242,11.300666666666666,0.0,9.99458181818182,1.0719738802788055,2.31942627005521,0.2914242424242396,0.052621576666390675,0.721,0.87244262295082,0.05889847292292561,HP
s0003,1,1,3.8163200168208578,1.6821833714152892,4.203026315789474,3.73149,3.9489788359788354,3.4282121212121206,2.4852725276921777,3.73149,1.4173110241702858,1.442458943432859,0.3015826771653512,0.019351929404363963,0.7879999999999999,0.8344426229508197,0.03245599857299341,LP
s0003,1,2,8.293998854585526,4.429615217582565,3.7141172413793098,12.0,10.674084033613443,11.260928571428572,2.6467862941582787,12.0,2.808971358661154,2.6647599319447064,0.38167948717948863,0.04213808853583188,0.727,0.7805294117647059,0.0171212370276148,HP
s0005,1,1,5.528635090218424,1.6816176295114142,6.844538461538462,5.116914285714286,5.034738095238096,5.169684615384616,2.7527984422956444,5.116914285714286,0.551028478199492,0.7481245374999188,0.2784545454545462,0.010464142917709647,0.71,0.7779384615384615,0.018681483119956505,LP
s0005,1,2,10.754731501057083,2.55564628835137,8.846461538461538,12.0,11.386545454545455,11.493428571428572,3.4208988385956878,12.0,1.9399136046196568,1.2408415182727353,0.351803030303031,0.024271026873601078,0.8370000000000001,0.8147017543859649,0.01723749991892021,HP
s0006,1,1,7.230714091246596,1.522572162206089,8.240999999999998,6.956270833333333,6.8004999999999995,7.022222222222222,1.9867712873272931,6.956270833333333,1.3331080343505548,0.5155214787588666,0.31231958762886364,0.014241957762471003,0.745,0.772095238095238,0.01673810410840251,LP
s0006,1,2,9.941263092427054,1.7132730676578858,8.436625000000001,9.394857142857143,11.15,10.806375,1.645749468897074,9.394857142857143,0.7430292053479461,1.5195560978045528,0.4110746268656757,0.02532023734079846,0.765,0.72406,0.02971175403775415,HP
s0007,1,1,4.8860980819529205,2.15214676065429,7.276757575757577,5.781092307692308,4.442571428571428,2.8626559999999994,1.708598114533685,5.781092307692308,0.9417676172485221,0.3698648910940318,0.18176470588235172,0.014302568929613362,0.75,0.7669999999999997,0.013211358243344783,LP
s0007,1,2,6.398088546270857,2.8166933515048838,6.414807057416269,6.259322916666667,4.897078947368421,9.50521212121212,3.144396365359507,6.259322916666667,2.287958195486454,3.118680769633753,0.24649999999999958,0.023906656038597814,0.805,0.8121351351351352,0.02274700189468341,HP
s0008,1,1,7.059127926052379,2.1787997864334705,9.324,7.071449760765551,5.724857142857145,6.0570462962962965,1.6998728628929873,7.071449760765551,0.6878532710171407,1.763015337763681,0.25979381443299066,0.012263708306511769,0.7245,0.8030666666666664,0.026007529536512933,LP
s0008,1,2,8.223961087683582,1.7056088457000613,8.000186813186813,9.35138888888889,6.796691666666667,8.679649999999999,1.547945599976126,9.35138888888889,1.3887354447432065,1.6595875474044748,0.29423287671232795,0.02129585464035649,0.7535000000000001,0.774452380952381,0.01875728739354099,HP
s0009,1,1,3.842541025641026,1.5815717816491257,5.977247863247864,3.5567954545454548,3.35855,3.0867777777777774,1.8967465528036045,3.5567954545454548,1.1359163470520182,0.6755784809706548,0.5324749999999991,0.033798403484854196,0.7430000000000001,0.8271206896551726,0.02914570471274049,LP
s0009,1,2,3.4941084401003835,0.9310084257148776,3.5442488687782805,3.3571250000000004,3.8291304347826087,3.80717075,0.885456671582439,3.3571250000000004,0.9646243041745104,2.5295754543521936,0.43554867256636937,0.02209423850047506,0.829,0.82135,0.04054462202314876,HP
s0010,1,1,5.087962201825884,2.840858184443675,8.7026875,6.087647727272727,3.5041243333333343,3.913740259740259,2.3928542898270573,6.087647727272727,1.1033474637247729,2.502296737566916,0.24019469026548554,0.03408066253750853,0.6920000000000001,0.7623442622950821,0.02275180558730108,LP
s0010,1,2,6.611103401727184,2.460081257773192,7.982904761904761,6.991660714285713,6.75475625,4.821360888888889,2.677853198521993,6.991660714285713,1.4089065695907366,2.0424235885566304,0.4121234567901205,0.1415238311455394,0.7055,0.7719249999999998,0.018893298663150378,HP
s0011,1,1,5.007127355425599,2.0293239004618524,7.618818181818181,5.029190476190475,4.155538461538462,3.3544375,2.176261326422344,5.029190476190475,0.6788156445530265,0.5981554949122762,0.34974782608695454,0.020685674772428136,0.7435,0.7225441176470588,0.01854462999972731,LP
s0011,1,2,4.789381660899654,0.913091351569557,4.947529824561403,4.789352941176471,3.9360909090909093,5.565733333333333,0.6726345296771524,4.789352941176471,0.6341394007742501,0.9570277421575925,0.37079166666666086,0.024580221010023964,0.741,0.6771851851851852,0.024824599344438543,HP
s0012,1,1,5.009553333333333,1.08845587101892,5.9350555555555555,4.934345454545455,4.863294642857143,4.419759615384616,0.9018324332459559,4.934345454545455,1.1946000499150395,0.39961971093663895,0.8084174757281589,0.11480005324210052,0.762,0.86527868852459,0.026216842548039247,LP
s0012,1,2,8.158797055041154,2.4286010302930796,5.691133333333333,9.274666666666667,8.455324999999998,10.49835,0.7774224820234849,9.274666666666667,0.9835720458487014,2.2889096044841963,1.1554626865671735,0.22505216278920853,0.7245,0.7612500000000002,0.023865187774245563,HP
s0013,1,1,6.314898403483308,1.7934066499345265,5.199468253968254,5.797015873015873,7.202,7.1754,1.8636845383583562,5.797015873015873,1.6290484673854582,1.235748777057861,0.1270467289719653,0.006490563481162778,0.6890000000000001,0.7369047619047621,0.01152968310425802,LP
s0013,1,2,8.904081801470591,2.4796479068589123,6.424281481481482,8.676,9.35375,12.0,1.087783683914407,8.676,1.0870575824214652,0.0,0.10925000000000135,0.02247403122440012,0.74,0.8216938775510202,0.04468957396186112,HP
s0014,1,1,8.356444055944058,2.3439101987680564,6.501488636363637,7.928555555555555,10.2235,10.3505,2.2881288727926217,7.928555555555555,0.8647515539159207,0.6387274457857594,0.20907142857142208,0.005964671955510617,0.73,0.7052428571428573,0.014022364581439553,LP
s0014,1,2,10.360135822580643,1.7172870887388052,8.786270833333333,11.409333333333334,11.464,10.991499999999998,1.9619003854637065,11.409333333333334,0.0,1.7099993421051365,0.3853823529411726,0.144633072951065,0.722,0.6939433962264148,0.014414783536468115,HP
s0015,1,1,5.69764499484004,1.953889835704769,5.988550000000001,4.951566666666667,6.766678571428572,5.305183673469388,2.3573057655934244,4.951566666666667,2.135540352946913,1.3367108531913576,0.2757064220183497,0.015433801297751945,0.726,0.7624193548387094,0.012497878038144948,LP
s0015,1,2,5.883873586456279,1.268184416681928,5.2445151515151505,6.314198888888889,6.550111111111111,5.822723981900452,0.8482661722175893,6.314198888888889,2.069285716507803,0.7518819951785901,0.17986363636363822,0.014413330873692232,0.743,0.7652702702702702,0.014211881398954636,HP
s0016,1,1,5.273878557684449,2.3126734619697706,6.338671708683473,4.6476539941690955,4.366748251748253,5.379792592592593,3.1631968472521135,4.6476539941690955,1.5319539158405455,0.988412180450873,0.24961607142856618,0.013686333618738982,0.7104999999999999,0.836212121212121,0.041329348176939874,LP
s0016,1,2,6.631241199557767,1.675191559028472,6.578140625,7.25575,6.495061538461539,6.148420202020201,1.6523647854642953,7.25575,1.975887063705998,1.4895309088705637,0.5151428571428516,0.13710946528042525,0.722,1.1223939393939397,0.14907082236820046,HP
s0017,1,1,2.0761174004192875,0.688851984426081,2.28604,2.0578461538461537,1.7827419354838712,2.2608333333333337,0.6588359237321537,2.0578461538461537,0.28465201933656287,0.7422959128421918,0.30683333333333146,0.006723082340193922,0.703,0.7303508771929824,0.01929097935337856,LP
s0017,1,2,7.3397049014293545,4.77330436435731,2.8295611764705884,9.77508,11.48025,11.2775,2.4398282874292194,9.77508,1.375129243925821,2.1674999999999995,0.4779764705882363,0.020879234076756507,0.503,0.5648775510204082,0.0225553811030522,HP
s0018,1,1,2.6796069524200172,0.9200932711467797,3.1648579545454547,2.4569331103678933,2.36284,2.755188811188811,1.186560545731538,2.4569331103678933,0.49815828430146747,0.973902203925976,0.26558333333333284,0.014587021689662928,0.885,0.9388852459016392,0.025501791289404985,LP
s0018,1,2,5.4379839112526565,2.5287091571084304,3.631294387755102,4.030839464882944,7.264303703703703,8.955892857142858,2.0729225541931835,4.030839464882944,1.1800305223552425,1.2942969503414836,0.3300329670329666,0.03829114989785252,0.9009999999999999,0.9010000000000001,0.03495078455664349,HP
s0019,1,1,10.852516666666666,2.2389856721735426,11.5558,10.348714285714287,12.0,9.547857142857143,0.8883999999999999,10.348714285714287,0.0,2.866427065607806,0.18681944444444445,0.0170362192052847,0.6845000000000001,0.8747499999999999,0.12261536206319697,LP
s0019,1,2,10.279421073563299,2.4929910149853045,10.086083333333333,11.6475,10.653833333333331,8.869520833333333,2.2276520695691144,11.6475,2.9900943998210607,2.671845867271326,0.20775362318840884,0.02459768625718562,0.715,0.75159649122807,0.014838742509209312,HP
s0020,1,1,9.43180132493769,2.3416329219801546,11.2118,9.61292105263158,10.470600000000001,7.809454545454546,1.535728413489833,9.61292105263158,1.7067823059781235,2.0315744169412673,0.17282558139534773,0.012690071323046214,0.7659999999999999,0.7443770491803278,0.012346105362473572,LP
s0020,1,2,8.685866008631717,2.148515431892663,9.06018181818182,8.859222222222224,8.962200000000001,8.179476562500001,1.3510494619962403,8.859222222222224,2.0475004542124036,2.7656915216995337,0.18730136986300858,0.015573212043687534,0.6705,0.7251200000000001,0.012902174700413879,HP
s0021,1,1,7.6963589878006164,2.6781349507677454,7.112342857142857,7.951259259259259,7.995535353535354,7.862444444444444,3.059403553615893,7.951259259259259,2.905098869344952,2.1796817867198013,0.7497228915662618,0.3544968458757908,0.831,1.1719411764705883,0.14336634477223842,LP
s0021,1,2,10.68965583133436,2.987360017048295,9.052486666666669,12.0,11.084696969696969,11.361333333333333,3.853163015388209,12.0,2.6364199610841474,2.633290126227813,0.5721774193548373,0.08885791580344993,0.8614999999999999,1.5494259259259253,0.24163749448143884,HP
s0022,1,1,4.937840312213041,2.2202384042483088,5.8135042735042735,4.422007936507937,4.536557692307692,4.8218000000000005,3.4447473506500876,4.422007936507937,0.6526094783919265,2.0236791313512787,0.1759741379310344,0.007175785236366561,0.682,0.7518571428571428,0.02191990340655984,LP
s0022,1,2,10.267265020604395,2.470030575558535,6.6871328125,12.0,11.411,11.793000000000001,1.4385176852574109,12.0,0.0,0.29274220741123,0.17190140845070825,0.01747214923190158,0.6895,0.7267241379310346,0.012601969183067854,HP
s0025,1,1,7.88077427560647,3.068022727825483,7.371723076923077,8.259761437908496,9.679714285714287,6.388156363636364,1.5985582752002023,8.259761437908496,1.5017324485202992,2.6450830254255857,0.2829574468085118,0.036020019567155837,0.813,0.9537777777777777,0.0902786019692207,LP
s0025,1,2,9.167304899852372,3.26049245884944,8.591634976134978,9.636363636363637,8.301186666666666,10.187119658119657,3.1398799817724745,9.636363636363637,3.414263680769577,3.1723877096839423,0.24893055555556115,0.03777639053002809,0.8015,0.8071153846153849,0.024454547468682444,HP
s0026,1,1,4.672735470828562,1.0199322715962906,4.933098039215686,5.269318518518519,4.659113636363637,3.959954887218046,1.1444420038570036,5.269318518518519,0.5977133497341458,0.7601067284048605,0.36438260869565336,0.010741792189822004,0.845,0.8081451612903225,0.019278111988979156,LP
s0026,1,2,5.292848020283747,1.5439051977336486,5.750451923076923,5.127382225617518,4.753806249999999,6.12106125,1.0612618249754149,5.127382225617518,1.8967746060644473,2.137197357521864,0.37620000000000176,0.014458977304476388,0.6995,0.7310999999999999,0.01642080996784263,HP
s0027,1,1,5.398157575757575,1.865414333158458,7.7751874999999995,5.699346666666667,5.211506666666667,3.9425138888888887,2.1356888589735514,5.699346666666667,1.16246454711053,0.9918419446365596,0.14400909090909417,0.02258097456868996,0.8755,1.0717258064516126,0.0920557791629173,LP
s0027,1,2,4.22571435706358,1.5146398212670573,5.113797619047618,5.119072751322752,4.5660815508021395,2.774852941176471,0.9865591814816583,5.119072751322752,1.0814584033187893,0.8670710840906167,0.24559433962264024,0.024275991045532387,0.8514999999999999,0.8541153846153848,0.04275364017593271,HP
s0028,1,1,7.458860500328349,3.261238765716015,6.443363636363637,8.27513492063492,6.394154761904762,10.812,2.0812181458941055,8.27513492063492,3.515082765042151,1.6800857120992367,0.30522340425531785,0.025747626674505336,0.802,0.7903731343283581,0.018132686318642146,LP
s0028,1,2,11.832736842105264,1.0174220695414595,11.3644,12.0,12.0,12.0,1.9067999999999996,12.0,0.0,0.0,0.2638906250000048,0.048128597253884874,0.8290000000000001,0.8652698412698415,0.031077437285973987,HP
s0029,1,1,4.514273015873015,2.3254407430145063,7.546909090909091,5.955500000000001,2.8222857142857145,2.8816818181818182,1.9596388328903622,5.955500000000001,0.5930761729649705,0.3767540053914654,0.24343801652893002,0.016782028648609056,0.7170000000000001,0.7631538461538463,0.013905602817326739,LP
s0029,1,2,8.775051710755683,3.9014665038257816,4.310922015182884,12.0,10.473461538461539,12.0,0.9347474964487075,12.0,3.581740200503845,0.0,0.2727142857142839,0.028968002523968167,0.725,0.8258545454545454,0.036238889828304324,HP
s0030,1,1,6.306338695283872,3.04013825646845,8.772793650793648,7.168777777777778,6.607674208144796,4.206300000000001,4.366600634392519,7.168777777777778,2.0787036254930493,2.097181038918672,0.27578095238094713,0.022471432026367182,0.7090000000000001,0.7776349206349203,0.023675020100594812,LP
s0030,1,2,9.460437021181153,3.539425843336085,7.1287400000000005,10.4319375,9.97682905982906,11.302307692307693,3.1033656040498996,10.4319375,3.7376322834334674,2.4168770499461094,0.562338235294125,0.09230072664611261,0.75,0.9691730769230769,0.0697195975243686,HP
s0031,1,1,5.3727326388888885,1.9780039898448412,7.6833,4.9865916666666665,4.464791208791208,4.459032967032968,2.428523970782802,4.9865916666666665,0.5990234088233273,0.2755652113862733,0.4676571428571443,0.020759894304456575,0.868,1.0229833333333334,0.07068840660747491,LP
s0031,1,2,4.536026071586391,0.7835283422065837,4.553725,4.336336842105264,4.1413,4.934435294117646,0.6671015285359493,4.336336842105264,0.22451505517448034,0.812596527436208,1.428289156626505,0.7464156553393497,0.8690000000000001,0.9115652173913046,0.04243588853187169,HP
s0032,1,1,7.2308208260797855,2.943873495727632,10.149878787878786,8.057166666666667,5.422610057142857,5.338942486085344,2.6610519765068963,8.057166666666667,1.9130165827528587,1.9790889356582804,0.41969072164948373,0.020669608759930843,0.779,0.9134603174603175,0.04807586086365191,LP
s0032,1,2,8.159669170651206,2.298770085269158,7.262107793522268,8.536191358024691,7.407681018518518,9.542402777777777,2.579279646325182,8.536191358024691,2.457769568490952,2.0392083305900455,0.36490666666666266,0.03171332239272948,0.7525,0.7517727272727271,0.018997957253074127,HP
s0036,1,1,3.3588318281335523,1.7910244808293503,5.219672268907563,3.6457428571428574,2.47255,2.6541099137931035,2.5619208560032187,3.6457428571428574,0.7632452079770958,0.9241805146695207,0.14260294117647673,0.013254317535331796,0.86,0.8869649122807016,0.04837023117925988,LP
s0036,1,2,3.5323536431692255,1.1613597380035612,3.5464027777777782,4.435009153318078,3.0185976562499994,3.6114919354838713,1.2242311267317747,4.435009153318078,0.8372753333084811,1.291662497713501,0.12214166666666673,0.017734759873046717,0.7240000000000001,0.851695652173913,0.070921464986106,HP
s0037,1,1,3.5460855326254257,2.6482144277154975,5.9833999433106575,3.658774458874459,2.6339615885416663,2.602141535354772,3.2717196747215067,3.658774458874459,1.8484392080038818,1.1871892002180076,0.43343846153846094,0.04443912664293177,0.727,0.7529811320754717,0.024505279334220167,LP
s0037,1,2,4.196159536541892,2.6404356745890567,3.9784470857142864,3.3927109375,3.9544404279930596,6.029851835471031,2.0930891049492426,3.3927109375,2.150419011466838,3.0742395405178433,0.4985196078431414,0.062277670269718456,0.748,0.7910384615384617,0.0595390946291433,HP
s0038,1,1,3.5473049872464864,2.714364854078643,9.087175,2.4326477768090675,2.8324654545454546,3.26568021724819,4.209358519344129,2.4326477768090675,0.957341566140924,1.5602449176454736,0.17875968992247715,0.01596778717208846,0.701,0.8264067796610167,0.07734549283621156,LP
s0038,1,2,4.894134280024099,2.073899670032393,5.113731225296442,5.715799145299146,4.775970906862746,4.011012737262738,3.204272972070079,5.715799145299146,1.356438817004342,1.5168126465770637,0.28687628865980586,0.02758155380436244,0.7495,0.8068124999999999,0.035920714490279664,HP
s0039,1,1,6.12203882682446,2.538248038819682,9.2444,5.17244066985646,5.474285714285715,4.810846153846153,2.247366912633538,5.17244066985646,1.2492210960989956,1.3347761751956102,0.44022115384615257,0.07643649827553756,0.7,0.7299692307692308,0.01117505610392216,LP
s0039,1,2,6.888481560606061,1.6868488317114703,7.128552631578948,6.930452991452991,6.891618181818181,6.733355769230769,2.316513762620913,6.930452991452991,1.9732982310741403,1.2609560926769117,0.3574500000000062,0.03524479970506252,0.7040000000000001,0.7089459459459458,0.018138938898867227,HP
s0040,1,1,2.150169118880981,0.6746903143256466,2.8538899521531094,1.94756,2.045164,1.8890344827586207,0.834894023784859,1.94756,0.6172472403912933,0.4477769982817894,0.44371428571428556,0.03210122545195799,0.765,0.8204905660377361,0.03212351144630369,LP
s0040,1,2,3.05284608224105,1.1090270404404743,2.302752010233919,4.023652406417113,3.3927946127946127,2.938638888888889,1.4280557529872444,4.023652406417113,0.46848887913158377,0.4950616545653558,0.16635658914728585,0.014562909614912094,0.758,0.901,0.1255297031430854,HP
s0041,1,1,6.993773809523809,2.5429924574009872,7.443545454545455,7.6770000000000005,7.055821428571429,5.91236111111111,1.611127914544588,7.6770000000000005,3.323529914580617,2.4920458145509663,0.1415384615384565,0.011603015917407233,0.696,0.7538985507246379,0.019920174080647283,LP
s0041,1,2,6.030316253154292,2.3004195257309448,5.906755656108597,5.363767928004536,7.468529411764707,5.96087037037037,1.105264028990461,5.363767928004536,3.320395698941805,1.6334453708319898,0.13813636363636703,0.018653977138210227,0.7010000000000001,0.6946176470588237,0.009732051593105594,HP
s0043,1,1,6.863038971929054,2.9525733977455264,7.889428571428571,7.028405502392344,5.315783380018674,7.071589743589744,3.5030902660715,7.028405502392344,2.5852181257934617,1.7596711335804607,0.5533736263736206,0.15221491842371548,0.9380000000000001,1.4047857142857139,0.13393657289023106,LP
s0043,1,2,8.779869497211296,3.51493535031276,8.866937499999999,9.472611764705881,6.987602867720515,9.7866875,3.3110651622391476,9.472611764705881,3.4865781997283114,3.6978954271103652,0.6311515151515179,0.19871446496662418,0.9815,1.7117380952380952,0.29691796102238643,HP
s0044,1,1,11.096841294298923,2.4874656384796476,10.034808888888888,12.0,11.6556,11.03811111111111,3.621642708587048,12.0,0.6888000000000005,2.720632624325308,0.2914558823529383,0.017903074703349165,0.815,0.8086065573770489,0.01404548373596763,LP
s0044,1,2,11.704360248447204,0.7380241167666073,11.622666666666667,12.0,11.536857142857142,12.0,0.5336299175354476,12.0,1.1344636780147235,0.0,0.22523437499999854,0.015169239636390242,0.801,0.7765483870967741,0.02371597104772219,HP
s0045,1,1,5.420257945661924,2.2046212297365586,7.949311111111112,5.28011111111111,4.806057692307693,3.9207408163265303,3.0072946751540455,5.28011111111111,0.8147718631489983,0.9183911538093408,0.2858256880733938,0.016004874920364922,0.738,0.8356557377049182,0.04432040438926042,LP
s0045,1,2,5.034855800787809,0.7736623487073107,4.730049999999999,4.938104166666667,5.0414375,5.448333333333334,0.9307882015106492,4.938104166666667,0.7691106898914412,0.5581412604947487,0.3130319148936192,0.017461050570815564,0.7140000000000001,0.7374827586206898,0.01960080931436288,HP
s0046,1,1,4.147308549783549,1.6652356209893384,6.600312499999999,4.05615811965812,2.9950000000000006,3.263684210526316,1.4504673953053029,4.05615811965812,0.42082968645284524,0.5729203171041263,0.23453600000000155,0.009191492024258308,0.7044999999999999,0.8159393939393935,0.034160352697435184,LP
s0046,1,2,4.544916207539803,1.2843341003855522,4.832578947368422,4.749304812834225,4.240017613636363,4.348852272727273,1.6834753625755539,4.749304812834225,1.1513598665505917,0.6330975804395963,0.278819999999998,0.025662390301762428,0.724,0.7267307692307694,0.025196655977777066,HP
s0047,1,1,5.968462866803527,2.1884669872945093,7.726837500000001,6.944437499999999,4.629685714285714,4.52653846153846,2.087871133053141,6.944437499999999,1.2203838499523378,1.2108066996450446,0.38857547169810924,0.010987581164950754,0.8540000000000001,0.832686567164179,0.018336587303249895,LP
s0047,1,2,7.1511388900526,1.6837402247206743,6.182425,6.685,7.378385714285716,8.744625000000001,1.6549388560011131,6.685,0.7930674497140319,1.8146104910903056,0.333909090909093,0.015089156321508096,0.888,0.9077368421052632,0.03938675839839696,HP
s0048,1,1,8.019878240335832,4.157177642890949,8.341010416666666,7.475508948306595,8.112877777777777,8.550166666666668,3.954491663688082,7.475508948306595,4.6003623911063976,4.110575795703349,0.4718522727272727,0.04927455532653001,0.727,1.064950819672131,0.08866219549859618,LP
s0048,1,2,8.956973078173291,3.9852663428560056,10.801392857142858,8.072770826210826,8.667062142857143,8.482508571428573,2.586328883893784,8.072770826210826,4.611574450042103,3.8621578944102097,0.34175342465753267,0.055157971947190354,0.7845,1.012230769230769,0.0681456715849059,HP
s0049,1,1,5.957033382066278,1.8538381861888047,7.860037037037038,6.272600000000001,5.319613333333333,4.745055555555556,2.921626894130187,6.272600000000001,0.6676630066799336,0.4111985637357483,0.13454545454545583,0.007231355466182213,0.6765,0.7396857142857145,0.01151367497240835,LP
s0049,1,2,7.841660404365716,3.5723614318734502,5.202841269841269,5.923512882839086,12.0,11.284749999999999,2.3804136175626605,5.923512882839086,0.0,1.8923736252389487,0.08686419753086418,0.007769204624203024,0.772,0.7686799999999998,0.013058589204044978,HP
s0050,1,1,6.53464247989235,3.5474790853878817,7.66858552631579,6.647904761904762,5.3188408163265315,6.653503267973855,3.877363758412882,6.647904761904762,2.9215124654486195,3.9051728542064756,0.7211489361702162,0.08904941883270531,1.124,1.1469454545454547,0.03631857588300782,LP
s0050,1,2,5.884730701778353,2.0356319901276363,6.341913825757575,6.3553181390977445,6.01277403846154,5.102343000358038,2.4501758211800255,6.3553181390977445,1.6658415844606311,2.272966510241502,0.4937831325301199,0.04371230470117632,1.0945,1.0474117647058827,0.03531274306704007,HP
s0051,1,1,4.641257268170427,2.039027501588476,7.42339393939394,5.484273504273504,3.4587291666666666,3.0550909090909095,1.5206499395821342,5.484273504273504,0.9181761811144811,0.7342296566505838,0.40742105263158446,0.033583225118308656,0.8690000000000001,0.8916724137931034,0.02533979996968381,LP
s0051,1,2,6.449260957080556,2.193424309225337,5.516816399286987,6.7911,6.277888888888888,7.235386160714286,1.4707490834500054,6.7911,1.7248926049947086,1.8188207928012954,0.3960609756097578,0.02876662206070043,0.746,0.7847500000000003,0.024805707197495922,HP
s0052,1,1,8.077607959022854,2.096114427513581,9.988812499999998,9.245444444444443,7.196625,6.5258441558441564,2.328151901690212,9.245444444444443,1.554856660395099,1.1140139436388081,0.1676263736263787,0.01286912795716516,0.6859999999999999,0.7408548387096773,0.01556119548020825,LP
s0052,1,2,9.265620486139122,2.106095377978656,9.31510648148148,11.2888,9.331312500000001,8.293800000000001,1.7251195161910309,11.2888,2.4404727185206863,1.9830145133104804,0.16530985915492963,0.017301434954292223,0.6970000000000001,0.7263137254901958,0.011357308591213257,HP
s0054,1,1,9.744950184989431,1.9201314894736663,10.720550000000001,10.11396875,10.334333333333333,8.43748148148148,1.897346264523163,10.11396875,0.9620714919150011,2.178653447028613,0.14577108433734715,0.012942768774528851,0.741,0.8330344827586204,0.05620160735383043,LP
s0054,1,2,11.8411875,0.884230577871943,11.4918,12.0,12.0,12.0,1.5246,12.0,0.0,0.0,0.1488437499999987,0.015059066951060653,0.7430000000000001,0.8845806451612905,0.056610617306974684,HP
s0056,1,1,6.173383647798742,1.8200713060624998,6.053507692307692,5.688674603174604,6.996363636363636,5.746418803418804,1.8017605289790823,5.688674603174604,2.110014229711918,1.2496477195171027,0.1370000000000009,0.012881969194013146,0.7140000000000001,0.7522923076923077,0.019161706426425285,LP
s0056,1,2,6.83974892564471,3.0405521151363035,5.7376945370370365,6.480568181818181,7.250817376775271,7.546082386363637,1.5079492082785593,6.480568181818181,2.9865243587816463,1.8102595483568182,0.14141176470588543,0.018893577709065502,0.746,0.8001304347826086,0.022976391448279,HP
s0057,1,1,4.0154464839696455,2.067159305668439,4.542595238095238,4.0813743421052635,3.801050467681139,3.85031875,1.835772706901891,4.0813743421052635,2.472060377860122,1.3531447498414342,0.23418110236220602,0.022340386432060107,0.742,0.809553846153846,0.03356092424035863,LP
s0057,1,2,4.465013682375211,1.5885310184703656,3.880969404186797,4.876702010582009,4.123726495726496,5.038602240896359,1.2872752644056082,4.876702010582009,1.830664945237011,1.211613090317986,0.2809901960784372,0.05878288382526548,0.757,0.757290322580645,0.022581990446026844,HP
s0058,1,1,8.212188858695653,2.1136574969416593,7.918374074074074,9.378333333333334,10.184611111111112,6.149,2.1186957559699047,9.378333333333334,1.9408918379299782,1.0765759378696889,0.2993473684210505,0.010495668737815673,0.72,0.8351492537313435,0.0308571486668812,LP
s0058,1,2,8.902808942063372,2.3811653583504375,7.360879807692307,9.82825,9.770625396825395,8.960333333333335,2.17561265685535,9.82825,2.7590463177485787,1.1456550770435032,0.3475492957746466,0.025824340527317424,0.725,0.8780784313725493,0.08645587818117319,HP
s0059,1,1,10.656906255787252,2.127920466064909,10.23825,11.520249999999999,11.129,10.216296296296296,1.6546314053286912,11.520249999999999,2.8887801923995537,2.1141697488667557,0.41523376623376385,0.011750382030211224,0.8714999999999999,0.963892857142857,0.05653190515195228,LP
s0059,1,2,11.780841269841272,0.670224298071453,11.553,12.0,11.852666666666668,12.0,1.0949219150240803,12.0,0.20836079818963607,0.0,0.46335483870967414,0.04260070456622898,0.935,0.9801500000000001,0.06959696203858326,HP
s0060,1,1,4.428454666666668,1.3010422821510783,4.852142857142858,4.073475,4.530600000000001,4.254866666666667,1.9181480598722909,4.073475,0.9395208566072389,0.6727044786201113,0.36985593220339347,0.012114413599773468,0.693,0.7046393442622952,0.00843783193000766,LP
s0060,1,2,4.938640174379611,0.8899565854464928,5.623441964285715,4.522468899521532,5.355941176470589,4.76719298245614,1.7395037716635902,4.522468899521532,1.409602654508928,0.5606457567057452,0.4744408602150552,0.016989134764603595,0.6915,0.69965625,0.014219787693933648,HP
s0061,1,1,5.050274991666647,3.3126263648086383,6.503892168209877,3.959567444930287,5.276762962962963,5.190335437710439,4.247766620052711,3.959567444930287,2.925790656563738,3.1540722166486734,0.4796846846846881,0.05526278572491395,0.725,0.8284210526315791,0.04208908276363992,LP
s0061,1,2,7.8463083764440755,3.9421990775809514,5.850992058823531,8.128577771347736,9.975134375,8.19958074074074,4.145151434428989,8.128577771347736,3.7241010556332057,3.2745483941611178,0.5225657894736874,0.08901501308123605,0.757,1.1069574468085106,0.15437180622222502,HP
s0062,1,1,8.59093200577273,4.947371464147285,9.756976923076923,6.8502,8.117619047619046,10.898538461538461,3.825533866142857,6.8502,5.018505985954961,3.026879241203454,0.27531578947368124,0.03520354943527051,0.723,0.7503090909090908,0.030130612342769654,LP
s0062,1,2,11.47757482187951,2.074289826138478,11.178785714285715,11.1766,11.308933333333334,12.0,2.960930215286391,11.1766,2.5857346980865783,0.0,0.28216666666667073,0.037636001214117275,0.733,0.6910634920634919,0.014952260859826308,HP
s0063,1,1,8.899734133117677,3.2965037577299094,9.999323529411765,9.785250000000001,8.339059523809524,7.881941885964913,3.1245570200908976,9.785250000000001,3.1663329035306327,3.829597708293702,0.156768292682923,0.016369754349409023,0.7975,1.0783333333333336,0.11477010479533643,LP
s0063,1,2,7.2922882856365,3.58248775127388,9.842969696969696,7.896540071770335,6.460465416936004,5.445606218434342,2.0472190817737843,7.896540071770335,3.3341762242436213,3.5919306831115563,0.18316666666667014,0.028245439821307006,0.931,1.668,0.2643605785586568,HP
s0064,1,1,6.585913210784313,1.9133800746644298,8.0308125,6.024238095238095,6.375833333333333,6.286553846153845,2.3124929518473674,6.024238095238095,1.6617808752511347,1.467215217087949,0.3939191919191934,0.05104349877127453,0.765,0.884876923076923,0.0688624957233674,LP
s0064,1,2,7.545341845208633,3.1906660243988303,7.218978021978021,8.228275,9.41153052631579,5.907346464646465,2.7613974321918504,8.228275,3.114423564577313,2.889581675273556,0.4754605263157905,0.1049965660973738,0.7384999999999999,0.8363095238095238,0.0418258115591274,HP
s0065,1,1,8.307325448028674,2.3044668155238446,6.8527499999999995,8.743113636363637,9.475291666666667,8.380851851851853,2.1079819288836417,8.743113636363637,1.3670373830284315,2.08113564001153,0.21539772727272377,0.02924899579655011,0.848,0.9409322033898306,0.04535942111436589,LP
s0065,1,2,10.259769213113398,3.230085181978764,9.633909812409811,9.60835294117647,9.929207407407407,10.60968148148148,3.2480064228302306,9.60835294117647,3.815101821069828,3.0976088858435737,0.5306153846153869,0.0973829959576313,0.799,1.1290000000000002,0.16753725748343096,HP
s0066,1,1,4.490759712650268,1.7656693586844716,5.441602040816327,3.886050783699059,4.5664375,4.092307692307692,2.891302907841687,3.886050783699059,0.9601003182447915,0.549409247019068,0.35898260869565196,0.014091754323114518,0.772,0.8941000000000002,0.04672951541703714,LP
s0066,1,2,8.174725268197855,2.152554946527835,6.745534722222223,11.210333333333335,8.280851851851853,8.261777777777777,2.634479399640031,11.210333333333335,1.2943121926823533,1.5333230273405667,0.6060147058823526,0.18345111274319328,0.779,1.2159512195121953,0.22264520277589406,HP
s0067,1,1,7.0169151144342505,3.690230660211171,7.943190476190477,6.421618888888889,5.166454545454545,8.080997777777778,3.124972771219243,6.421618888888889,3.446596661474176,4.0226389207411755,0.6336588235294036,0.22269286469703786,1.143,1.596603773584906,0.2060083162692852,LP
s0067,1,2,3.4248998190517623,2.882392710221738,3.4578571428571436,5.0244050980392165,2.9086224489795915,2.5668996415770615,3.0714835609695395,5.0244050980392165,2.0774884935079037,2.036552899335538,1.4657052631578953,0.8584073583565062,1.166,2.0105,0.39370280352062514,HP
s0068,1,1,6.1313461709212,1.9416936918109156,8.199333333333334,6.6406,4.749238095238096,5.400196428571428,2.0159396485675525,6.6406,0.8221718453648591,1.6194651500202473,0.26684905660377434,0.007864912690500443,0.7575,0.7256515151515152,0.009885373627993696,LP
s0068,1,2,4.316340912517193,4.324213713880531,6.922124999999999,3.470789102564103,2.646725,5.827730769230769,3.070673803805119,3.470789102564103,3.9560881024536094,5.714829296580367,0.2735042735042791,0.016365691910573927,0.7875,0.7955882352941176,0.018296156385692625,HP
s0069,1,1,4.138588319672132,2.3037541496891287,6.794770833333334,3.2841684981684973,3.005531746031746,3.639222222222222,3.0324580942390567,3.2841684981684973,0.6978905595572802,0.4972582109880758,0.1780546875000013,0.011525025359848022,0.7065,0.7815781250000002,0.017816471660939723,LP
s0069,1,2,6.238263582303866,2.620121792362156,4.865011014492754,7.397320512820512,6.266642658730159,6.346265635680108,2.124074294474068,7.397320512820512,2.313941705286021,2.281539842721367,0.3386588235294117,0.12013363441793155,0.8799999999999999,0.9336904761904761,0.078134764156056,HP
s0071,1,1,5.079003070175439,0.9560768400674609,5.126267857142858,4.790285714285714,5.00275,5.3575,1.5810859456519957,4.790285714285714,0.5677742348246961,0.6597048203552859,0.18456521739130402,0.012207067465038132,0.7120000000000001,0.7636716417910446,0.013161240882028526,LP
s0071,1,2,7.645618305209096,1.131873285866547,7.624759615384616,8.391644444444443,7.7415714285714285,7.25924705882353,1.6033614538932328,8.391644444444443,0.20726646558259765,1.0511572995387999,0.22576315789473958,0.02069243565889647,0.703,0.729372093023256,0.009586983201012698,HP
s0072,1,1,5.703179344639736,3.073535078804294,8.194784615384615,6.93844947209653,5.29143253968254,3.6270921052631575,2.6169762483405723,6.93844947209653,3.1046319656723407,0.8268499621682722,0.5492019230769208,0.06471473500478558,0.8690000000000001,0.9836949152542375,0.06007624789533723,LP
s0072,1,2,7.659821068781525,3.1118327915691095,7.03764417989418,6.284378028404345,7.849565111758991,10.04812121212121,2.590036373052697,6.284378028404345,3.4297494070313066,2.5944457778875494,0.31107999999999303,0.048212735099533804,0.981,1.4073720930232558,0.14724100111799035,HP
s0074,1,1,5.476472960816327,1.4478934115077873,4.30748888888889,5.2542890625,6.354666666666667,6.219444444444445,1.578085928325239,5.2542890625,0.9436357289170907,0.654763080326025,0.1692212389380549,0.018717329788555653,0.6829999999999999,0.7612615384615383,0.026828230974883405,LP
s0074,1,2,7.142066517857143,1.4809599318216748,5.8604375,8.53138888888889,7.725667857142856,6.9812916666666665,0.9861812852329686,8.53138888888889,1.0207385703336762,0.9312320011310588,0.2054625000000032,0.03408313798525425,0.703,0.7889512195121949,0.03539509222340417,HP
s0075,1,1,9.402109979716025,2.555777831488645,10.302575,11.213642857142858,8.301866666666667,7.912444444444444,1.958177403703505,11.213642857142858,2.0914005153378814,2.8881642539898404,0.2879195402298765,0.023600873856010368,0.807,0.8058769230769232,0.019371075951608523,LP
s0075,1,2,9.432323979591835,2.143305133712132,10.105225000000003,10.3525125,8.562650793650795,8.974885714285714,2.019235863978005,10.3525125,2.1573898556278692,2.2244817794126286,0.2197999999999952,0.028634049946287755,0.7865,0.8211538461538461,0.028976990267317405,HP
s0076,1,1,10.304492880425459,2.1415394429278694,12.0,10.882249999999999,10.779947368421055,8.608,0.0,10.882249999999999,2.644238699983999,1.385451101827688,0.3081973684210505,0.029807601071309395,0.958,0.981694915254237,0.02301113546104832,LP
s0076,1,2,8.608161104250364,1.8148631236228756,10.477099999999998,8.8908,8.878761904761905,6.902938961038961,1.628032336902434,8.8908,0.7556447833133986,1.8096094783043803,0.316535211267601,0.019838495207028142,0.9055,0.9225869565217392,0.023514737688330668,HP
s0077,1,1,7.462377551020407,2.948517497752512,9.204066666666666,10.129249999999999,6.225233333333334,4.556928571428571,2.1446778613323008,10.129249999999999,2.175304571523006,1.3353706742905138,0.20363366336633482,0.02238735254818435,0.8714999999999999,0.9139571428571426,0.06015743439124081,LP
s0077,1,2,5.684159135662812,1.3744643818638742,5.678578242481202,5.7742184873949585,5.277266666666666,5.894034375000001,1.702257217319318,5.7742184873949585,0.7628917245811121,1.5663199571586133,0.26402272727272763,0.037644470255597806,0.83,0.8429999999999997,0.020673481979164937,HP
s0079,1,1,5.155106270666035,1.952732732335196,7.490769696969697,4.730308913308913,4.4655555555555555,4.087944444444445,2.374042180382068,4.730308913308913,0.5733412520986301,0.756493260028889,0.12758119658119793,0.010960579517317447,0.8170000000000001,0.800742424242424,0.015041300818274093,LP
s0079,1,2,5.541558013373144,1.5815138102229465,5.068263157894738,6.980763157894737,4.515142857142857,5.460381944444444,0.7139199307975844,6.980763157894737,0.8497748993656126,0.7609571275385854,0.3062022471910116,0.07958256542135614,0.8190000000000001,0.9343428571428571,0.11527593120365069,HP
s0081,1,1,7.903253188311688,2.4850944364588283,7.6310699300699305,7.266987012987013,10.84525,5.775098039215686,2.6361732215184652,7.266987012987013,1.1406176780586914,1.2442831979347877,0.742090909090911,0.1837236956465771,1.0090000000000001,1.1133934426229513,0.060421080336582764,LP
s0081,1,2,10.559796992359493,2.7700951656300368,8.489303511303511,11.282375,12.0,11.13825,3.307943939157689,11.282375,0.0,2.279976192309911,1.12446774193548,0.2166016483009581,1.0764999999999998,1.1614999999999998,0.04486954685048536,HP
s0082,1,1,4.7059639630032235,2.6507775601182697,7.774006535947712,5.837820512820512,3.4944434389140273,2.728665178571429,2.2706172277001078,5.837820512820512,0.9450444566693077,0.6978747901422142,0.3285431034482763,0.01604337625183281,0.7440000000000001,0.9624126984126982,0.18625808950413322,LP
s0082,1,2,3.494388563946657,1.1117386066205839,4.0547556818181825,3.6428170553935857,3.756133333333334,2.973591111111111,1.0087690532568028,3.6428170553935857,2.173977886016528,0.6707141034273637,0.6266605504587212,0.053696552880927444,0.7015,0.8077727272727273,0.1514433032471962,HP
s0083,1,1,3.977265368852459,1.3067720111249426,3.863545787545787,4.875866666666667,3.720372549019608,3.5880124999999996,1.712093598394008,4.875866666666667,0.875497101612974,0.9719166694443254,0.3521056910569058,0.017236435073193584,0.685,0.7946885245901637,0.023166463971308743,LP
s0083,1,2,4.3695007453416155,1.5519961897798689,5.491416071428571,4.489800000000001,4.257368286445012,3.5476968421052635,2.640599402346043,4.489800000000001,1.0863916987848459,0.6550999254356676,0.3252058823529424,0.011928849510374108,0.8360000000000001,0.788125,0.022651136875135237,HP
s0084,1,1,4.1142018309559285,0.8910235635775204,3.845285714285714,4.483333333333334,4.3105625,3.8180381250000006,0.6594785200196795,4.483333333333334,0.5644653409145242,1.0722424331379006,0.4647394957983218,0.028197014022266483,0.685,0.7190517241379308,0.01635641634879549,LP
s0084,1,2,5.324718072587638,1.5816310265799853,4.663058823529411,4.182761904761905,6.230485333333333,7.01875,0.6532867553954287,4.182761904761905,2.017796309290135,0.8637241674863565,0.39933333333333515,0.018255498072540476,0.685,0.749,0.024120506382018597,HP
s0085,1,1,4.84326749550395,1.5326510540789475,5.0382417582417585,5.327169642857143,4.885170758928571,4.152148148148148,1.2875779915834598,5.327169642857143,1.971318569200051,1.1712557902526133,0.54821621621621,0.08040892303649226,0.725,0.7530000000000001,0.01675363317823294,LP
s0085,1,2,4.910923310197199,1.5976071431755263,4.796669444444445,5.05740909090909,6.0142718749999995,4.6262550000000005,1.4855093549051792,5.05740909090909,2.860253490674128,2.1312110777842346,0.41212765957447106,0.022497050931135965,0.7490000000000001,0.7653333333333332,0.03219128054311937,HP
s0086,1,1,10.99595707326041,2.7410396709469658,12.0,12.0,10.191363636363635,9.921911111111111,0.0,12.0,3.719640922863567,3.342837808557422,0.44947826086956727,0.11707046083143169,0.7245,0.7622031250000002,0.012033810192039638,LP
s0086,1,2,11.639895726495727,1.4605710934567915,11.361090909090908,12.0,11.307625,12.0,2.020407945060307,12.0,1.8318520639983458,0.0,0.4552857142857118,0.06811969231443785,0.7809999999999999,0.8843770491803279,0.0517960679975071,HP
s0087,1,1,8.322374686008493,4.116163937880916,11.115461538461538,7.313833333333334,6.210775944444443,9.767940000000001,3.0641311132668485,7.313833333333334,4.260236093692792,3.3481223896984416,1.009382352941176,0.4037383553921988,0.7795000000000001,1.3170799999999998,0.1771692452769385,LP
s0087,1,2,11.305281605113635,2.5969430911983786,10.517066666666668,11.323529411764705,11.35575,12.0,3.7807826432572864,11.323529411764705,2.1367355211864667,0.0,0.3063281249999972,0.043627742429736216,0.91,1.2201186440677962,0.11976617812641513,HP
s0088,1,1,4.63152787952788,1.4868839314268303,5.466231372549019,5.542453333333334,4.0261913580246915,3.910814814814815,1.6326068452547375,5.542453333333334,0.8486306728711036,0.5875188436402473,0.13047933884297497,0.010360499473679218,0.67,0.753177419354839,0.02020183695959129,LP
s0088,1,2,10.859293150913835,2.1799074025636016,9.087159855769231,11.3585,11.48975,12.0,2.8990745323149736,11.3585,0.8837789245620198,0.0,0.17604477611939778,0.01710174801532548,0.69,0.7794067796610169,0.02138213510399101,HP
s0090,1,1,2.6318214270966314,0.7161453323451177,3.0383130434782615,2.2804646464646465,2.7990937500000004,2.5319166666666666,1.1826304532525378,2.2804646464646465,0.41304961057271417,0.4229188177285198,0.3234761904761928,0.014128884320579497,0.6915,0.7565806451612908,0.03340189440180127,LP
s0090,1,2,7.244115574700425,4.961066847214766,3.435812073863637,6.481167613636363,12.0,11.323588235294118,3.299188409075149,6.481167613636363,0.0,2.70564705882353,0.3661034482758623,0.030023323097899346,0.708,0.7841458333333332,0.024540623025052864,HP
s0091,1,1,4.647200468227426,2.020002691252222,5.140673796791445,5.1308125,4.994645061728394,3.326509090909091,2.481350702884171,5.1308125,1.7833755534826552,1.0112901997444521,0.5471171171171149,0.04189580479398766,0.7040000000000001,0.9178813559322032,0.06434320271898662,LP
s0091,1,2,4.3699045549205735,1.5832495225688314,5.759390977443609,4.535782541322314,3.795279411764706,3.673595588235294,2.1668358825424416,4.535782541322314,1.019448219346655,1.00010696601777,0.44239000000000644,0.02526440933408149,0.7170000000000001,0.7842962962962964,0.035827502246003985,HP
s0092,1,1,6.9303654177909495,1.7669059386460364,8.8864375,6.541545454545455,6.434364583333333,6.2981,1.647437453368235,6.541545454545455,1.8603662504541931,1.347096763413824,0.4041649484536137,0.019138017714904157,0.737,0.8355166666666665,0.031668951598851046,LP
s0092,1,2,7.573875604056549,3.065343970861102,7.2683947368421045,9.878333333333334,7.033155555555556,6.492705882352941,4.247082052211603,9.878333333333334,2.379289155801282,2.312632063953847,0.5106233766233852,0.022495268811328357,0.7015,0.6786521739130433,0.024124504116303937,HP
s0093,1,1,7.086729367406787,1.6073146973662586,7.219735714285715,8.388374999999998,6.938750000000001,5.828166666666667,1.3374700509902708,8.388374999999998,1.0576972333801389,1.91844963591843,0.28945000000000154,0.022360990027277438,0.7040000000000001,0.9452089552238806,0.06812005551675582,LP
s0093,1,2,9.839111915610484,2.52717256600778,6.876005898989899,10.6352,11.455,10.918375,2.3419066710534815,10.6352,1.218657047737385,1.4205695105748963,0.318704225352111,0.01913659431462163,0.7040000000000001,0.8135178571428573,0.061604725579240384,HP
s0094,1,1,10.344138014527847,2.4403745401487495,11.026642857142857,11.2292,9.96747222222222,8.6375,1.6073662844694045,11.2292,2.9534495715096636,2.121133325213984,0.20903703703704268,0.02003211447291346,0.8640000000000001,0.8621451612903225,0.02328409852021684,LP
s0094,1,2,9.819185537633158,3.2833333266372295,9.94581361607143,9.840906828703705,8.863586666666667,11.342666666666666,2.6728494185038087,9.840906828703705,4.203518228320441,1.4698420172098612,0.23326086956521438,0.023404147222093448,0.8690000000000001,0.9021320754716979,0.034304782634429834,HP
s0095,1,1,10.29900435185185,3.301709758209677,7.924558823529413,11.8348,12.0,10.59946153846154,4.11771076957014,11.8348,0.0,3.012495939745354,0.5280434782608737,0.0661249523204327,0.722,0.8680677966101694,0.05240206999912786,LP
s0095,1,2,10.9478322851153,3.0618808459586844,12.0,10.466566666666667,12.0,9.81153846153846,0.0,10.466566666666667,0.0,3.9959448986611537,2.5648867924528354,1.4519045352209188,0.725,0.9349166666666667,0.09074206439770593,HP
s0096,1,1,5.118248381370091,1.0426591849696751,4.957789215686274,5.742272727272727,5.609,4.540571022727272,1.0605026415001504,5.742272727272727,1.21452377498343,0.7404527431525496,0.16069827586207128,0.00869508604773182,0.708,0.7556716417910448,0.01426917797180189,LP
s0096,1,2,6.478496482468442,1.4954248917671344,4.891157894736842,6.665989795918367,7.461712890625,7.645333333333334,0.6708579516836589,6.665989795918367,1.678438177710556,0.45398629445783456,0.13025882352941315,0.011049271881833272,0.698,0.7571052631578946,0.028430305254934556,HP
s0097,1,1,6.177128013257577,3.1707751266896365,6.696114285714286,5.854791666666667,5.239600666666668,7.071098758971292,3.589667933479789,5.854791666666667,2.6564487773214998,3.6322532441639543,1.7240952380952443,1.0262401802153296,0.7165,0.7580652173913044,0.023637571462894278,LP
s0097,1,2,8.151629835066391,3.4624747172267147,6.793730094596762,8.24793181818182,7.469937130407719,9.89414699074074,3.3154236761807625,8.24793181818182,3.847325973662637,3.055388677829171,0.9083000000000012,0.1320560399749953,0.72,0.7045750000000001,0.0232662815975179,HP
s0098,1,1,5.015178929684693,2.1233789009206787,8.617,4.220398214285715,4.260142857142857,4.299857142857144,2.7284303179667244,4.220398214285715,0.4201176179656955,0.32060252586627697,0.2044862385321047,0.035396280327195793,0.87,0.9127540983606561,0.037903827832171985,LP
s0098,1,2,5.096733329702415,1.4235560113137098,4.652871794871794,4.5164,5.2895769230769245,6.047130637440161,1.1712786544274945,4.5164,1.292033732980592,1.8322714205378117,1.572666666666665,0.5270134895501937,0.7929999999999999,0.8227142857142857,0.05312064765227439,HP
s0100,1,1,5.354062001085019,1.7738749200004182,7.134340277777778,4.484017857142858,5.09525,4.791664772727273,2.5955309860390443,4.484017857142858,0.8664835663954242,0.9063947289498819,0.1956548672566431,0.0276679509437013,0.7210000000000001,0.8351142857142856,0.03736446277838342,LP
s0100,1,2,8.689579720113851,2.054390655783188,6.705045918367347,9.882,9.534375,9.100226562500001,1.5353217049489734,9.882,0.8914522240189507,2.3770256828875316,0.19949999999999887,0.02232152860250963,0.7340000000000001,0.8087647058823529,0.021244002491461075,HP
s0101,1,1,6.786430884904571,1.560293107074142,6.4421875,5.687333333333334,7.983222222222222,6.97775,1.5581629094365423,5.687333333333334,1.5314488258420005,1.1325740097229853,0.2843465346534671,0.014829504761724434,0.67,0.7377142857142857,0.028530742005615527,LP
s0101,1,2,7.523379936848022,1.5284749215305038,7.292414529914531,8.370527777777777,7.545000000000001,6.747416666666667,1.2849761659145156,8.370527777777777,0.8113639310269026,1.3388230190689465,0.329118421052631,0.023570097663041543,0.6779999999999999,0.767813953488372,0.04875243201836947,HP
s0103,1,1,6.409062587092164,2.1068692034561103,5.380535688920454,5.802946050824176,8.040899999999999,6.530374999999999,1.7567161125653614,5.802946050824176,1.6245635383080586,1.7525753862173807,0.11772897196261456,0.009193008790372924,0.7240000000000001,0.8235238095238097,0.027452791492250567,LP
s0103,1,2,8.780412192504937,1.9944013468759294,8.4884921875,8.936833333333333,9.952300000000001,8.250356505102042,2.7010355681782428,8.936833333333333,1.1056333976504138,2.57804646178625,0.14494444444444554,0.011802939070981164,0.725,0.8488571428571428,0.04294557445978533,HP
s0104,1,1,9.79441923076923,2.4403878839736866,10.102153846153847,10.6402,10.426400000000001,7.200666666666666,2.9875074211984765,10.6402,1.3265866877064614,2.338543967704881,0.20922727272727434,0.02452951253794803,0.693,0.8451492537313435,0.04995666758403908,LP
s0104,1,2,8.272232156440952,2.2028317282790066,8.40389423076923,9.73523611111111,8.46061111111111,7.479069573283859,2.1245278476290523,9.73523611111111,1.1144871003800718,2.3437826335206418,0.2002399999999976,0.01816433467601373,0.7909999999999999,0.8641914893617024,0.060291683028177175,HP
s0105,1,1,7.990703100775193,2.633930111156236,11.206,8.89425,7.615,5.087055555555555,1.588,8.89425,1.331194701511892,1.182737712645361,0.5102696629213518,0.01569896360952117,0.8735,1.0468500000000003,0.17864504661634353,LP
s0105,1,2,10.101527604166666,2.1425415948579256,8.08976851851852,9.861799999999999,11.533285714285714,12.0,2.0688700534997784,9.861799999999999,1.1432118556675206,0.0,0.54466666666666,0.019511025977127894,0.884,0.8789814814814813,0.03581488654040024,HP
s0106,1,1,5.465587935729849,1.2411730495727487,5.840463814616755,5.503272727272726,5.138821428571427,5.137636363636364,1.9980675649599953,5.503272727272726,0.4201492977477877,0.8492519995135049,0.21447747747748142,0.013351836727793203,0.848,0.886044776119403,0.047503921976814155,LP
s0106,1,2,5.852024456099456,1.6878291715180387,5.17052962962963,5.8401875,5.592747474747474,6.952354999999999,0.6547791464330294,5.8401875,0.6439156062312581,3.0263047393879003,0.15309090909090523,0.023216460503639416,0.7120000000000001,0.8885454545454545,0.11570169276920096,HP
s0107,1,1,3.208547456084824,0.8519639439798001,2.9956,2.9082036613272306,3.6261102941176464,3.37035,0.8480157931633973,2.9082036613272306,1.2116583636843299,0.6143731174945727,0.1883884892086286,0.01261137130019015,0.8205,0.7949838709677417,0.01685153528262708,LP
s0107,1,2,5.455850794693613,2.478619191878873,4.616166240409208,4.978970238095238,9.501303030303028,4.434173913043479,1.407884896875473,4.978970238095238,2.8817954576422995,1.1870377591681793,0.18634782608695735,0.02987257292457242,0.83,0.9600645161290322,0.10971579912432779,HP
s0108,1,1,7.741295333655705,2.5826816566958377,11.184000000000001,8.498095238095237,6.95388888888889,5.500222222222222,1.1306380499523265,8.498095238095237,0.8001156089305598,0.605880218777749,0.24624999999999528,0.033726033156895464,0.7945,0.8333030303030307,0.024003356913389347,LP
s0108,1,2,5.3343172548282745,1.2108790274328516,5.312313574660634,5.357746031746032,5.5639111111111115,5.164314699792961,0.9581036220261935,5.357746031746032,1.4164278535530808,1.249711267825858,0.22478021978022336,0.03111974528494972,0.831,0.8863666666666666,0.04369829600881565,HP
s0109,1,1,4.991682689912828,2.940686365495469,9.220464646464645,3.6181388888888883,4.054466666666667,5.010927318295739,4.319774185814219,3.6181388888888883,0.7690663199259505,2.553868673499929,0.08643478260869628,0.00528199324287117,0.6935,0.7527058823529412,0.012395428663030613,LP
s0109,1,2,7.640647857838,2.566070983699221,6.903599675324677,7.5870116402116405,8.286292517006801,8.651766233766235,3.6632288275048057,7.5870116402116405,2.5266231375216313,1.5271548616061743,0.11464999999999977,0.03665168012861083,0.8240000000000001,0.812787234042553,0.014418498761559304,HP
s0110,1,1,4.365165589927899,2.008871779952526,5.361676470588236,5.437561224489796,3.3821518518518525,3.473646739130435,2.276620266207167,5.437561224489796,0.7763587867924883,0.6918605902157706,0.18289599999999662,0.013074990228371193,0.7490000000000001,0.7665373134328358,0.012806497716548435,LP
s0110,1,2,4.095795229212565,1.3711000409216954,3.251645161290323,4.2706928571428575,4.112466776895944,5.023224151234569,1.2532044229503794,4.2706928571428575,1.2583689195880172,1.2884718522462626,0.20189814814815055,0.028992605070987606,0.7665,0.9267499999999999,0.12533388698608536,HP
s0111,1,1,3.9299936301066296,1.1348115962443535,4.859282352941177,4.475027972027973,3.5438518518518523,3.128153846153846,0.9715824098347738,4.475027972027973,0.7478700225605509,0.6975961302549962,0.1615230769230829,0.013964469772313182,0.6915,0.7378030303030304,0.01205659328129182,LP
s0111,1,2,3.964802982763539,0.969409054133772,3.766092307692308,3.857314699792961,4.2617376470588235,4.032517162471396,0.6810925718867371,3.857314699792961,1.4073676456400666,0.811746132042665,0.1337657657657644,0.01606965276379241,0.69,0.6798260869565219,0.017323962247543217,HP
s0113,1,1,3.754539007728133,2.9118289094062892,9.99025,4.277878831694622,2.178874692874693,2.8719565217391305,3.481015288317476,4.277878831694622,1.1194723327123561,0.7789646125947305,0.24439516129033229,0.02174027770358695,0.853,0.8754909090909089,0.020855058608686538,LP
s0113,1,2,8.837125842528085,2.8952277883341355,9.572098765432099,9.408444444444445,8.195954545454544,8.184762086652844,3.5822326874845003,9.408444444444445,1.874463571198989,3.179649314450993,0.2645277777777659,0.028324515050808977,0.874,0.8617599999999999,0.022525178090305967,HP
s0114,1,1,8.734860650406505,3.784647723649641,10.571200000000001,11.3192,11.2696,4.604009049773756,1.7663420280342084,11.3192,1.3920897384867108,3.070136495249945,0.17529411764705263,0.023577127051618137,0.9365,1.0982580645161295,0.12999398636431808,LP
s0114,1,2,8.765382986145575,2.392794542993483,8.9357225,8.039249494949496,8.556111111111111,9.620399999999998,3.2454462501790786,8.039249494949496,1.7315673339777362,1.141493775716715,0.2555633802816899,0.03537304656215548,0.8345,1.0422608695652174,0.07620187864395636,HP
s0115,1,1,5.198981481481482,1.4733362021181315,6.540818181818182,5.4919692307692305,4.581722222222222,4.125128571428571,1.2077674232899027,5.4919692307692305,0.9676073041589385,0.9876074975331413,0.40306542056074884,0.025150990525225927,0.9309999999999999,1.1580327868852458,0.08844678720415132,LP
s0115,1,2,8.77065379248203,3.5030061328002327,4.520477702191988,9.381877344877344,12.0,12.0,0.8519526839743372,9.381877344877344,0.0,0.0,0.44956164383561814,0.04139493926705288,0.854,1.000269230769231,0.08086911916458642,HP
s0116,1,1,8.265628176171655,1.7657970704440278,8.600222222222223,9.002,8.208727272727273,7.380717948717948,1.5108788007703609,9.002,1.7726094832662072,2.1562582851416354,0.28805555555555445,0.017907894397607132,0.7240000000000001,0.8548688524590163,0.08479945349334907,LP
s0116,1,2,6.73845455388463,1.1190824807471231,6.952758928571429,6.618663461538462,6.6587460317460305,6.6862329545454555,1.179757974918825,6.618663461538462,1.0238148699257492,1.3574146161178466,0.33143749999999644,0.020864307469261486,0.726,0.7528378378378378,0.035903704371581475,HP
s0117,1,1,11.559651583710409,1.0255179072808043,10.931125,12.0,11.540750000000001,12.0,1.5002233864911585,12.0,0.7954443333760067,0.0,0.2110724637681212,0.008792989484766745,0.711,0.8144666666666666,0.024545699630900124,LP
s0117,1,2,11.662733333333334,0.8687550070199433,11.521833333333333,12.0,12.0,11.27,1.0692131712411492,12.0,0.0,1.0323759005323592,0.17237878787878705,0.010508791307452208,0.7185,0.7748593749999999,0.04318256951769019,HP
s0119,1,1,3.0679757566555326,0.961472130815672,4.360055555555556,2.8490075187969928,2.8757726315789474,2.606208333333333,1.4801035951814778,2.8490075187969928,0.39840400400706855,0.31297377142058125,0.2840143884892084,0.007058283505084609,0.759,0.7903898305084747,0.05817504722861188,LP
s0119,1,2,4.617024713298398,1.5150188225423176,4.340750984126983,5.375750370370369,4.388843177655678,4.507,1.5425049976479404,5.375750370370369,1.3638503946333524,1.7544421986977603,0.29294949494950034,0.022174394692276507,0.7665,0.7538076923076921,0.019882347678366843,HP
s0120,1,1,7.036782132768361,2.1013011383951,7.348564102564104,6.989950980392157,7.6970833333333335,5.8985714285714295,2.383010655526408,6.989950980392157,1.9221568813155934,1.0159423292325853,0.2945346534653471,0.018094067204053,0.6809999999999999,0.7469852941176468,0.029367507088587028,LP
s0120,1,2,8.485320247315101,1.6845579165287066,9.453124999999998,7.549202880658436,8.509666666666668,8.506100000000002,1.4011178963152957,7.549202880658436,1.0140906709406659,1.788005864084344,0.3214520547945165,0.02842330111367254,0.6785,0.7341590909090908,0.02573522088881487,HP
s0121,1,1,11.367775,1.7740118388486021,10.959406249999999,11.70075,12.0,10.8034,2.2997524847711195,11.70075,0.0,2.3931999999999998,0.7460298507462749,0.35831558983089185,0.853,1.0416491228070177,0.10915712635489502,LP
s0121,1,2,11.428953917050693,1.2330138146025713,11.5351,12.0,10.994,12.0,1.3946999999999998,12.0,1.3257318733439272,0.0,0.3016825396825439,0.028705732187433317,0.8220000000000001,1.1665762711864405,0.3035861340148721,HP
s0122,1,1,7.407475020777541,2.0409054171689673,7.250993333333334,8.3975,6.853055555555555,7.12,2.708970996514277,8.3975,1.0714031543428475,1.3293668740096865,0.24317000000000458,0.011402772075245165,0.693,0.7316567164179103,0.010473136609360088,LP
s0122,1,2,7.4179155505952385,1.0726356148008194,7.348641025641026,7.301181818181819,8.108355555555557,7.307131868131868,1.0312322846883544,7.301181818181819,1.1857878422861237,1.8493969626524045,0.24298717948717405,0.032330570316426784,0.7020000000000001,0.7731162790697674,0.018215203216928218,HP
s0123,1,1,8.851201418067227,2.634413938676325,9.39365,9.800333333333333,9.185571428571428,7.430080632716049,1.8931906078100007,9.800333333333333,1.530605898435822,3.385665815113932,0.22121348314606099,0.017439964812393505,0.711,0.8033684210526318,0.027467058325598547,LP
s0123,1,2,9.866578539018768,2.32292072531961,10.016097902097902,9.869363636363635,10.693675,8.990292609351433,2.507497072946399,9.869363636363635,1.1488475396565905,2.8659973073894323,0.536074626865671,0.21613677397146064,0.7130000000000001,0.8288846153846154,0.06859281737937328,HP
s0124,1,1,1.4851250588156215,2.146904888056705,2.011575986842105,0.6018822055137844,0.8728584905660379,3.632153846153846,2.9888100098780206,0.6018822055137844,0.892987541258558,2.329941046296231,0.5106338797814244,0.025443877819800113,0.51,0.5896551724137931,0.027988373493320243,LP
s0124,1,2,6.753017043459313,4.207506188397263,7.782688616071429,3.766151830357143,8.163419437340153,9.060119633838385,3.707588391671588,3.766151830357143,4.50002878342948,4.181628322093526,0.5170344827586217,0.050067987726423326,0.51,0.6171333333333333,0.023302510859254607,HP
s0126,1,1,4.389442831215971,0.8780520712291535,4.343429149797571,4.1220375,4.430866666666667,4.67028125,1.2873432493866515,4.1220375,0.6298848430908268,0.8451197856803718,0.32278813559321984,0.024303527039459098,0.857,0.8494426229508196,0.035076156440709674,LP
s0126,1,2,5.099012334258404,1.1124900561535764,5.125062499999999,5.324111111111111,4.921348039215686,4.976868686868687,1.9672661064517303,5.324111111111111,0.5361991796350059,0.5924484574003493,0.42764835164834974,0.03333712910104789,0.7095,0.8619230769230769,0.0750573926968719,HP
s0127,1,1,11.733333333333333,0.8735117375030261,12.0,12.0,12.0,11.0,0.0,12.0,0.0,1.4587672878152982,0.377480769230767,0.11088735185123841,1.023,2.245816326530612,1.1408334567270966,LP
s0127,1,2,10.802909066585588,3.0812048600195703,9.968755102040816,11.428642857142856,9.976977777777776,12.0,3.5220929771976475,11.428642857142856,4.104869663590031,0.0,0.2888769230769213,0.031975253061939116,0.997,1.2104561403508773,0.07661375616184,HP
s0128,1,1,4.112265613195668,1.8150323824608858,5.709694901960784,4.597102564102563,2.932473684210527,3.2794545454545454,2.399635183435568,4.597102564102563,0.8452543446810646,0.6403575937973128,0.3379268292682888,0.017544508881337836,0.6829999999999999,0.7554925373134329,0.030184200029944222,LP
s0128,1,2,9.623270930423816,3.7430104239664725,7.35175294117647,8.43545701357466,12.0,12.0,4.157161254017351,8.43545701357466,0.0,0.0,0.518457142857149,0.08285179708300441,0.71,0.7876363636363635,0.022033383591424444,HP
s0129,1,1,3.474062262174868,1.8602860945833657,4.796433333333335,2.8685714978354975,3.439051948051948,3.1490136094674557,2.4666844731339275,2.8685714978354975,1.4928030388788118,1.532950466181946,0.4971120000000047,0.049896112510374804,0.802,0.8355294117647061,0.0205783982650889,LP
s0129,1,2,3.5486309648302634,1.8353455410714135,4.14677590591227,3.5608553946053956,3.3389451388888878,3.256683333333333,1.9961362248203267,3.5608553946053956,1.7101669884079331,1.7811943183499723,0.3942807017543843,0.031881068203780547,0.789,0.7816315789473683,0.02743183044339976,HP
s0130,1,1,10.899852920478535,3.3480115372450494,10.113666666666665,11.115923076923078,11.0765,11.13423076923077,4.217988547742738,11.115923076923078,3.0629029938932124,2.9991125906442626,0.24307462686567208,0.022165353136732308,0.7325,0.8277258064516131,0.019860519998406285,LP
s0130,1,2,12.0,0.0,12.0,12.0,12.0,12.0,0.0,12.0,0.0,0.0,0.25049999999999784,0.033248560824117146,0.712,0.905578125,0.07730355585859275,HP
s0131,1,1,5.1835955924369745,2.1823050247841658,6.379453333333335,5.508205714285714,4.236116666666667,4.3306176,1.5788161834601129,5.508205714285714,0.538542325531512,1.8692926018604579,0.25980701754386404,0.013229546878770142,0.8305,0.829,0.019221640234048633,LP
s0131,1,2,9.247389505589672,3.142259361737573,7.13255644257703,10.357340277777778,11.465833333333332,9.274405458089669,3.0112734022995773,10.357340277777778,1.1944329779811376,3.732758202792677,0.26267123287671235,0.019826163784854897,0.805,0.8430000000000001,0.03568155505729137,HP
s0132,1,1,3.9358609616689852,1.5679100336179843,3.9004159966856067,3.406906450320513,3.720504166666667,5.005,1.8014425434670793,3.406906450320513,1.3233052809723478,1.7644898279506112,0.6924778761061955,0.2265707522071465,0.9005,1.0714137931034478,0.07124207628294593,LP
s0132,1,2,3.667039993303419,2.3077471903978597,4.24293005952381,2.5791273344651957,3.5680660052910063,4.642269532606431,2.0435361159790424,2.5791273344651957,2.5446116361528257,2.0972964513098735,0.5825523809523813,0.09332138697204352,1.1115,1.4410454545454545,0.2133354697029033,HP
s0133,1,1,6.580973400297618,2.4688551962667296,9.488344696969698,6.5273,5.109923076923077,5.095878787878787,2.805497854344119,6.5273,0.7605773072059713,0.9604137605054537,0.5749591836734722,0.058682020527481074,0.744,0.7613064516129031,0.016820633430583872,LP
s0133,1,2,9.560489449075337,2.13004089464467,7.29026917989418,9.9935,11.252,10.281642857142858,1.6708370485340047,9.9935,0.0,2.0809104671871346,0.3465857142857123,0.030023585917912387,0.693,0.7538846153846153,0.016164091390422308,HP
s0134,1,1,2.7578991806207944,1.1288586508566267,3.3942272727272726,2.3540993762993763,3.000833333333333,2.435592592592592,1.265040004104009,2.3540993762993763,1.3814542433207437,0.6761973336380471,0.14434437086092652,0.01111637901499183,0.772,0.7573559322033897,0.011385207968146462,LP
s0134,1,2,6.990866827880511,3.5531841683086363,3.647038461538461,5.721764705882354,11.601666666666667,11.388,1.3436741958802945,5.721764705882354,0.563328402345283,0.8654987001723342,0.12675000000000283,0.015507951612273727,0.7545,0.7591590909090908,0.012660251423132152,HP
s0135,1,1,6.846631351351353,1.931499129661197,6.240961538461539,7.033444444444445,6.887444444444444,7.370009259259258,2.7003521548233618,7.033444444444445,0.8839210763047815,1.6103860532974719,0.23788000000000425,0.008543222811094027,0.674,0.7159230769230768,0.01627915220583484,LP
s0135,1,2,8.291475111803978,1.2785877439808655,8.044205357142857,8.056111111111113,8.6205,8.753099999999996,2.067895075132444,8.056111111111113,0.7406370568638868,1.168083254738291,0.21113513513513876,0.013069409640203136,0.674,0.7344680851063832,0.0503794551228312,HP
s0136,1,1,4.69317117585848,1.179852828765461,6.029476923076923,5.1338333333333335,4.214607843137255,3.755235294117647,1.421689072441026,5.1338333333333335,0.5034833205341883,0.5483283182881203,0.1085123966942137,0.008981217381379589,0.6779999999999999,0.7129846153846153,0.01650743411236451,LP
s0136,1,2,4.912850000000001,0.9660884867167536,6.0005,4.382119047619048,4.725124401913875,4.676526315789474,1.1311256561496608,4.382119047619048,0.43684269975905093,0.6500724549432164,0.11175510204081544,0.020187305244872732,0.6904999999999999,0.7071071428571429,0.01898504643064538,HP
s0137,1,1,6.4844070270270295,1.950564536231672,7.783818181818182,6.305675925925926,5.973185185185185,5.651999999999999,2.2654925741007816,6.305675925925926,1.901327017813982,0.7135952984710593,0.42341176470588365,0.012465772847433606,0.825,0.8012985074626866,0.013312964567853735,LP
s0137,1,2,9.529846893462564,2.855470971920496,7.321985714285714,10.067375,12.0,11.262799999999999,2.1225151084291967,10.067375,0.0,1.4744,0.7468059701492504,0.22409818306059698,0.8245,0.9263846153846156,0.08576561372955316,HP
s0138,1,1,7.493180375136328,3.0286989063169836,8.201475,6.513842857142858,6.41570652173913,9.8475,2.9457480797541056,6.513842857142858,2.861564128531213,1.954032390553783,0.14809278350515442,0.010120971792957649,0.7090000000000001,0.7639999999999999,0.029424089474784407,LP
s0138,1,2,10.822485959662457,2.1216788548968823,9.622615384615385,10.447392857142857,12.0,11.29875,2.730349077103555,10.447392857142857,0.0,1.2146006288076752,0.19134328358208766,0.02099072716634872,0.7290000000000001,0.9120862068965516,0.064001329711229,HP
s0139,1,1,4.505903758922776,3.7447888137645524,6.453364996693123,7.401460714285715,5.409033936651584,1.4926083333333338,3.317716222269403,7.401460714285715,4.245962764496509,1.7194980628845995,1.0232692307692226,0.07600690007650555,1.053,1.1147608695652178,0.056322308573812485,LP
s0139,1,2,4.164091572600754,3.00866617080547,4.050938692886062,5.313947368421054,3.4724285714285705,4.344142045454546,2.3027339201352084,5.313947368421054,2.7093538578996172,3.88669354792797,1.5652674418604637,0.2296536581697915,1.148,1.3921428571428571,0.25240880606149435,HP
s0140,1,1,4.428940104175474,3.167717590351847,7.313483805668017,3.2460883367839894,4.838105616605616,3.391356938746428,3.1399371043013757,3.2460883367839894,2.319439862110876,3.240885226327498,0.6272053571428572,0.0709998687866991,0.858,0.9555686274509805,0.0475114851239848,LP
s0140,1,2,6.7469863753699535,4.03604513924462,5.797054298642533,4.122399594320488,9.658285714285714,8.933717948717948,3.369422254144171,4.122399594320488,2.9997081626759106,3.241322292290348,0.4063647058823519,0.034879771145636465,0.8540000000000001,0.8478888888888889,0.02764339444633699,HP
s0141,1,1,5.328106293706295,1.5877586861919877,6.264833333333332,5.080046153846154,4.916822916666666,5.017912698412698,2.6797623599034965,5.080046153846154,0.4091720806190957,1.3243531096520669,0.393376146788994,0.07023450419963465,0.75,0.8155151515151514,0.04508037532967318,LP
s0141,1,2,10.296710964822429,3.119740570715823,7.4925970033670035,12.0,12.0,11.233666666666668,4.012438224673285,12.0,0.0,1.0837589932985816,0.6746515151515282,0.44337886398710724,0.813,0.8563214285714287,0.04521049907371261,HP
s0142,1,1,10.207775438596492,1.9381236147530436,11.3855,11.486,10.4166,7.282333333333333,0.6715223376776084,11.486,1.5265226627862427,0.6180878218793472,0.4186309523809566,0.019066536586197863,0.6990000000000001,0.8154761904761904,0.03684940280173443,LP
s0142,1,2,10.477104166666669,1.3234891738567307,9.67259375,10.874999999999998,10.765250000000002,11.119333333333334,1.3145697456624115,10.874999999999998,1.2443788360061412,1.2454507439299063,0.40400000000000313,0.027864966929853234,0.7075,0.7379814814814815,0.01703847600084101,HP
s0143,1,1,4.993100447085216,2.6821608810742243,8.011108974358976,5.615877551020408,3.641282510328546,3.2858468013468016,2.9992330100178948,5.615877551020408,1.5559221171157116,1.2101773986644953,0.11141525423728955,0.009744394349561073,0.8290000000000001,0.8824999999999997,0.02790103073489918,LP
s0143,1,2,4.768551287176937,1.9614780963309564,4.180538683127573,4.478977777777778,5.42777614379085,5.008920454545456,2.386614467527299,4.478977777777778,1.6847803304822564,1.718757927760422,0.13572549019607455,0.016554908793585343,0.8565,0.8280294117647059,0.026607667459529062,HP
s0144,1,1,5.230756722689074,1.9227389825501098,6.050208333333334,5.148479166666667,4.287546474358974,5.603633928571429,2.4260054069138017,5.148479166666667,1.6846671733667817,2.216109654308712,0.24745945945945846,0.02157225890627265,0.726,1.0561343283582085,0.10293084424528527,LP
s0144,1,2,5.017089737764887,1.6364973879150044,3.9925454545454544,4.483259426847662,6.1453454545454544,6.003768253968254,0.7072903304656778,4.483259426847662,0.9560421865583855,2.146562025017251,0.3358602150537617,0.031978388294787774,0.7120000000000001,0.893962962962963,0.08258871410062146,HP
s0145,1,1,7.905681046195653,2.2927164518538596,10.299545454545454,7.0906,6.355857142857142,7.771142857142857,2.30235385599975,7.0906,0.6198067506596433,1.9339888778356087,0.2669893617021272,0.037010678033776404,0.737,0.9042769230769228,0.06023854162521245,LP
s0145,1,2,7.3034362479232735,1.5291185478646694,7.600384615384617,7.725636363636363,6.668419234360411,7.3485555555555555,1.7486150745644635,7.725636363636363,1.68516721991315,0.922020138501578,0.17329487179487083,0.020652458284509654,0.7024999999999999,0.7759500000000001,0.0355287726708931,HP
s0146,1,1,5.6237625107902645,2.754393265713605,7.374789473684212,7.036906250000001,5.146530760327636,3.7140883229813664,2.6131015364675734,7.036906250000001,1.940144906753971,2.402750825060619,0.3175140186915861,0.03457485537813432,0.868,0.9630517241379308,0.036031029552520716,LP
s0146,1,2,9.374452954455261,3.4781704375357276,7.837093447293449,10.75805,9.742138461538461,9.479678125,3.5453477562342353,10.75805,3.6026563784003054,3.393111619446299,0.3008450704225313,0.0625717177032328,0.9235,1.195851851851852,0.10100410973523306,HP
s0147,1,1,4.744259158615137,1.8283677090578958,6.235369963369964,4.596466666666666,3.990058823529411,4.5558000000000005,3.5083341979936984,4.596466666666666,0.48159068177767567,0.4450636209202754,0.11402542372881135,0.00810872560216342,0.6809999999999999,0.7420166666666667,0.01597512809315132,LP
s0147,1,2,6.71819017094017,1.2855724730059699,6.030511111111111,7.278,7.200111111111111,6.60519387755102,0.8524502624062847,7.278,1.0911797330763364,1.7917095738722202,0.09461445783132821,0.01083768031701836,0.688,0.7813658536585366,0.03132390617837971,HP
s0148,1,1,7.659257055682686,3.382868244237952,10.704393939393938,7.9220148148148155,7.9661136363636365,4.64083173076923,2.7884874681381073,7.9220148148148155,2.426251740816285,1.35996116868803,0.25930612244897727,0.030965836827537844,0.7090000000000001,0.7627846153846155,0.013142739211892133,LP
s0148,1,2,7.208086288927336,1.389001621873078,6.838507692307692,7.8828000000000005,7.04895606060606,7.049958333333333,0.9690176329756603,7.8828000000000005,1.8952416915215458,1.3551900998004753,0.2559871794871817,0.022342659697027444,0.8400000000000001,0.86365,0.03971041346422875,HP
s0149,1,1,2.956866080846513,1.4643253710028061,3.304288461538462,2.7496503703703703,2.482357538461538,3.1407,2.2240756939526514,2.7496503703703703,0.7893271811710779,0.6084717824188727,0.6088923076923086,0.05623087051043598,0.8700000000000001,0.9639444444444445,0.05213515474086251,LP
s0149,1,2,4.277991240655796,2.8647491666506926,3.4257401851851865,3.744949392712551,4.170068831699346,5.575384157509157,2.8446192544964295,3.744949392712551,2.017681240685009,3.253266122903873,0.9539263157894721,0.1825317951233085,0.855,1.0465652173913043,0.1703642470067407,HP
s0150,1,1,6.382579886919511,2.838685583880424,7.459859375000001,7.401338068181818,7.175869047619048,3.9786875,1.952661832019208,7.401338068181818,3.000620173118828,0.9113792239478307,0.14616666666666922,0.011837183486555011,0.8065,0.8090441176470589,0.02158605568640742,LP
s0150,1,2,6.359825546774662,1.7533137297258141,6.5847868518518515,6.578970089285715,5.822054117647058,6.435370748299321,1.2991979040978752,6.578970089285715,1.1684674324090902,1.8613577995674426,0.20195238095238424,0.022318961163702435,0.8225,0.8793529411764707,0.045780049642254676,HP
s0151,1,1,4.53782111111111,1.6346767156430146,5.483505494505494,4.725733333333334,4.036723214285714,4.109500000000001,2.6054055067043627,4.725733333333334,0.7192997116469481,1.069449507924521,0.36096581196580807,0.10075852355461294,0.7120000000000001,0.7341016949152541,0.01708105782961686,LP
s0151,1,2,7.367243609211668,3.2430426519755904,5.921636250000001,8.368970347222223,7.454940153846154,8.8504453125,2.7390538832206164,8.368970347222223,3.2018150326078834,2.81367868026171,0.22039506172839174,0.0379285166578015,0.766,0.7863181818181818,0.03499344349343422,HP
s0152,1,1,3.49292342628918,1.8389625897338047,5.5140046685340804,2.6898764302059495,2.7836947368421057,3.064210437710438,2.184008281344359,2.6898764302059495,1.0277820378566265,1.1555042818087087,1.009862068965514,0.26982350798299304,0.701,0.7743333333333332,0.039431618502451915,LP
s0152,1,2,2.9569364050308833,1.9892931079570964,2.4477534722222223,2.599231428571428,1.9673703703703707,5.333361257309942,1.3674429775544368,2.599231428571428,1.2635479779000949,2.313604958877102,0.9773451327433643,0.1532251222723397,0.721,0.7505000000000001,0.03288533582769073,HP
s0153,1,1,6.9922020193722325,2.0193056323657723,8.751958333333333,7.324375,6.8360833333333355,5.734874125874127,2.1050649926460445,7.324375,1.4015148228296097,1.845198467037382,0.26670408163265313,0.013738053453805575,0.8540000000000001,0.9220819672131151,0.07736105452595225,LP
s0153,1,2,10.701329112260819,2.352671880847724,9.617283333333331,10.7425,11.232904761904761,10.780586666666668,2.1316926106708936,10.7425,2.653170904422208,2.66573756694507,0.21646268656716608,0.013838844738046415,0.725,0.7911929824561407,0.027746305282241136,HP
s0154,1,1,4.350675685704396,2.297011369922245,7.294867559523809,4.428683813443073,3.220569032571706,2.936631944444444,2.4365110726532517,4.428683813443073,1.0750341230856033,0.9364320342731156,0.4058292682926848,0.03624642217934575,0.677,0.7066764705882351,0.011888911286636735,LP
s0154,1,2,4.467470251587494,1.8302529984363498,3.3161793766578254,4.313639136904762,5.127236000000001,5.452825,1.1125182324910794,4.313639136904762,1.5155868646514459,2.2274736149921313,0.4272929292929263,0.023608510103698695,0.696,0.7051304347826088,0.009353447116418896,HP
s0155,1,1,5.474320595845243,3.164619075803787,9.730777777777778,6.589928571428572,4.35683096630465,3.071347826086957,2.8598845121507104,6.589928571428572,2.148717724152874,1.2747875222338432,0.22481818181818522,0.01359721156281659,0.857,0.9425166666666666,0.029147931998939728,LP
s0155,1,2,9.215016533111594,3.668696449265931,7.154643518518519,7.5579374999999995,12.0,12.0,3.7363593731751163,7.5579374999999995,0.0,0.0,0.48645070422535186,0.16320826397146318,0.8540000000000001,0.8859811320754716,0.017335063982150335,HP
s0156,1,1,7.7815145067698275,2.472778623761128,6.589105113636364,9.823785714285714,8.793,7.033555555555557,2.261592699237991,9.823785714285714,0.9575912489157362,2.2150900714624133,0.2944421052631563,0.016616386904148482,0.6985,0.84428125,0.07151152137816212,LP
s0156,1,2,7.45740275621118,1.7355445917480252,6.893509615384616,7.020543831168831,6.731374999999999,9.559700000000001,0.8729837648855205,7.020543831168831,0.666639286961438,2.31723966391049,0.3662857142857165,0.02138932144943055,0.695,0.7439302325581394,0.018232658855584342,HP
s0157,1,1,6.800690850815851,2.6727802491405863,9.13888888888889,9.278699999999999,5.443474747474747,4.337020408163266,2.0093704437576743,9.278699999999999,1.2602974183484006,0.7068082177835541,0.3907346938775546,0.01798621314191101,0.7295,0.9839193548387098,0.10545675714069823,LP
s0157,1,2,9.29800508616728,2.2318990091687203,9.054884615384617,10.057444444444446,10.142,8.504829999999998,2.384808431702043,10.057444444444446,2.12080666471296,2.1549833783813743,0.4585072463768085,0.04569845192077773,0.7490000000000001,0.9472745098039215,0.1315137931915875,HP
s0158,1,1,4.760240584847143,1.2615051591029092,5.215047619047619,4.452277777777778,5.120220512820513,4.293000000000001,1.6843608879652334,4.452277777777778,0.7543082805745451,1.3338003505022782,0.13115254237288265,0.00882199422904706,0.693,0.7510819672131146,0.011363087173442032,LP
s0158,1,2,5.376156530689273,1.5706628146719033,6.368059615384615,5.9170267857142855,5.038126315789475,4.877303478260869,1.841984738072539,5.9170267857142855,2.0066465518482124,1.912790234888174,0.11352127659574304,0.012008369353212853,0.6855,0.7161176470588233,0.01768421405736727,HP
s0159,1,1,8.20252694568869,1.9752867969061294,8.313433333333332,9.170962962962964,8.213589285714285,7.097154761904761,1.5212720265911972,9.170962962962964,2.71571921836195,1.6579365365966476,0.3028105263157888,0.012652739247609774,0.754,0.791731343283582,0.015200136328097883,LP
s0159,1,2,7.4544831672211975,2.255967502536432,7.929271193415638,6.959695925925926,6.616444444444445,8.484291666666666,2.4923435781688124,6.959695925925926,1.1780962946178093,2.4548879504886503,0.3418717948717886,0.01573318121410382,0.7505,0.7525952380952381,0.015057563754388395,HP
s0160,1,1,5.69224391233766,1.6557800794284543,7.401454545454546,5.050401709401709,5.240153846153847,5.023288888888889,1.0894534379166605,5.050401709401709,1.3635362874161407,1.494792689040817,0.15690178571428579,0.012316134731173801,0.71,0.7950422535211271,0.025055237026374647,LP
s0160,1,2,9.874033343750725,2.1045664659795738,8.072,10.762,10.172777777777778,11.203888888888889,1.8226812287228014,10.762,1.98453855693222,1.1349852612302398,0.17598550724637688,0.025253260286861954,0.7180000000000001,0.8526346153846153,0.03449241007376637,HP
s0161,1,1,11.51168837492392,2.1407828222820027,12.0,12.0,10.294055555555556,12.0,0.0,12.0,3.757543972232765,0.0,0.4110983606557377,0.04610540664454233,0.838,0.8468813559322034,0.02270269337662721,LP
s0161,1,2,11.63904136141636,1.6414922682970463,11.274350000000002,12.0,11.308,12.0,2.008165463177773,12.0,2.49504148262108,0.0,0.3078923076923043,0.040487889185376595,0.76,0.8225967741935486,0.021877692605829367,HP
s0162,1,1,8.228870760908423,2.8301316866462036,10.558499999999999,7.345367464114833,9.336666666666668,6.844909090909091,2.526873117115301,7.345367464114833,2.1932321405227997,2.0740555990858045,0.12365168539325626,0.012301724800097672,0.7195,1.035053571428572,0.11438790470202331,LP
s0162,1,2,8.233695798023781,2.1147978383360706,7.198800168350167,8.80999074074074,8.477300000000001,8.402372159090909,2.3917657508792742,8.80999074074074,1.5507570119138585,1.6959157256271407,0.22255555555555884,0.04227087789042121,0.8245,1.008738095238095,0.08615312963260156,HP
s0163,1,1,7.858259027777777,2.6965745645559607,8.596957142857143,7.7360454545454544,9.656533333333332,6.572157142857144,3.239114497317854,7.7360454545454544,2.4108382461062976,2.039157298883987,0.35915909090908976,0.02221109216765046,0.8220000000000001,0.9455344827586206,0.060552127755298245,LP
s0163,1,2,7.709591290649197,2.692317584359751,6.573600000000001,7.834677083333333,7.041366269841269,9.636321428571431,1.7322670617815648,7.834677083333333,1.7062286568155125,3.486885082025948,0.4258630136986338,0.022208849474006944,0.87,1.0102051282051283,0.12555170650071962,HP
s0164,1,1,6.085707626059541,2.6173492627655195,6.116186029411765,5.728035714285714,6.614256198347108,5.732375,3.2151038989174574,5.728035714285714,2.4841993007340144,1.5837623424781644,0.28676415094339053,0.031258025817046405,0.685,0.7557187500000003,0.021748635786396717,LP
s0164,1,2,9.0320588190442,2.98502529578137,6.638291666666667,10.6114,9.218704326923078,11.0364,1.795584368183208,10.6114,3.278817162559404,1.7944536048613793,0.42898550724638,0.06517928836284223,0.731,0.7928085106382979,0.02396250349676319,HP
s0165,1,1,9.587057544757034,1.879213570211926,9.816600000000001,10.6882,9.410200000000001,8.8215,2.3422642644339784,10.6882,0.46366082431018485,2.2120974323026554,0.2495060240963883,0.012839828321194327,0.6809999999999999,0.7623728813559322,0.022240994140143657,LP
s0165,1,2,9.432789227166275,1.7833252728427942,10.288,11.073799999999999,8.891325,8.67358158730159,1.1765697113704254,11.073799999999999,1.1052190933814894,2.7338563062139993,0.2989710144927513,0.025585625386711035,0.684,0.7193137254901962,0.016752753225520892,HP
s0166,1,1,5.718098132586367,2.2602201995913522,7.954969696969698,5.3618660714285715,4.522461538461539,4.614924175824175,1.3564700062550614,5.3618660714285715,1.118579567362425,1.4062826020711687,0.1608828828828826,0.012179705323775747,0.835,0.9255588235294118,0.062800348851711,LP
s0166,1,2,6.415171106142992,1.6554584415518365,5.663419753086419,6.655937499999999,6.5462907092907106,6.69755870445344,1.5515859992436676,6.655937499999999,1.5999387851687668,1.5853214605225847,0.19095238095238187,0.03493386164680853,0.8325,0.8089722222222222,0.02177995617333076,HP
s0167,1,1,1.9605642899015565,1.0556027153028806,3.5856262626262625,2.141086956521739,1.5679330357142856,1.2585870521684477,1.4445196803038103,2.141086956521739,0.23445799193047392,0.15548773992803674,0.3015029940119779,0.010418999497160278,0.502,0.721056603773585,0.043167802558277846,LP
s0167,1,2,3.1482826231590004,1.1522339458749993,2.139362162162163,3.5252754385964917,3.6693026755852847,3.8118129699248122,1.0662749473907578,3.5252754385964917,0.4326285688920738,0.6713661508514978,0.328617886178859,0.02525636292325048,0.8590000000000001,0.7486521739130435,0.048528151699358625,HP
s0168,1,1,1.7408746839861755,1.8153549063479604,2.2664444444444447,2.0199954887218046,2.3764409274935594,1.2202366163856846,2.3474219897633866,2.0199954887218046,3.2433317501686667,1.0486253964295065,0.7113291139240531,0.09430182414171805,0.81,0.9770000000000001,0.09907151519713821,LP
s0168,1,2,2.9566041356492962,2.712741743003672,2.7094114583333333,2.874732718894009,2.7108352272727276,3.481485478806908,2.2891240660666603,2.874732718894009,2.043379527753192,3.050271535411567,0.4428790322580656,0.03872269705904097,1.354,2.2513913043478264,0.4503513173430596,HP
s0169,1,1,4.1331198096337705,0.9005340310230807,4.172032388663967,4.330875816993464,4.261500000000001,3.7706249999999994,1.2087565895903525,4.330875816993464,0.7998222458771701,0.702170463188961,0.2505080645161328,0.013464899719251789,0.711,0.7456612903225807,0.014726344256659696,LP
s0169,1,2,7.69557811490355,2.9986254020009455,4.724117647058824,7.898476190476191,9.03029411764706,11.190277777777778,1.1703431815624672,7.898476190476191,3.8665252414676634,1.0139923737142296,0.5305263157894725,0.28262210514951336,0.7145000000000001,0.7458571428571429,0.018264576430527726,HP
s0170,1,1,11.34684,1.6509814821493303,10.505142857142857,10.64,12.0,12.0,2.3675653817233204,10.64,0.0,0.0,0.2796119402985043,0.04196323245707304,0.827,0.9218870967741938,0.06998025626436039,LP
s0170,1,2,11.569715976331363,1.5645928588630034,10.8186875,12.0,12.0,11.325142857142858,2.5595208711482997,12.0,0.0,1.653055649272533,0.18221538461538284,0.03310702381586814,0.866,0.8697096774193549,0.01624446415105877,HP
s0171,1,1,2.837322049369343,1.9667386047768347,5.353213157894737,2.5890114285714283,1.742730769230769,2.3211726242371404,3.001090942167565,2.5890114285714283,0.3569253916536348,0.6092804092582019,0.4129241379310314,0.028596353729728803,0.6890000000000001,0.6784098360655736,0.0148388889089525,LP
s0171,1,2,3.3143468049976597,1.0754032149517847,3.6285882352941172,3.045335483870968,3.0728558823529415,3.5276875,1.2831044922928672,3.045335483870968,1.1325232747242746,0.6759791018173195,0.36989915966386244,0.01520699813144472,0.708,0.7039047619047619,0.013090805269106727,HP
s0172,1,1,9.004603888888887,2.072828520168013,10.822857142857144,8.34657264957265,8.479857142857144,7.5565,1.3216255606067018,8.34657264957265,0.893964113784605,0.7060360590413686,0.38839560439560605,0.06476331254003552,0.8245,0.7896029411764706,0.012618694932935924,LP
s0172,1,2,9.346280565812053,1.9857304161879485,8.997020833333334,9.369203125,11.272714285714287,8.8236,1.477200448900771,9.369203125,1.781478897215594,2.3747361200773445,0.5025074626865722,0.07431928066949478,0.8759999999999999,1.036978723404255,0.0954140935261867,HP
s0173,1,1,6.40511947554005,3.5608156970476306,10.44518,8.514888888888889,3.701962780514505,5.380625,3.269379596743088,8.514888888888889,1.59120918751045,2.5030675687255766,0.13954455445544975,0.011119217653497918,0.7440000000000001,0.8245483870967741,0.050346151827723895,LP
s0173,1,2,7.7765469746554565,2.827025408406011,6.587552083333334,10.20029019607843,6.87024706694272,7.7328311688311695,1.5343002943102957,10.20029019607843,2.8192699244630424,2.295272465331895,0.15232911392404663,0.021031391081849166,0.7635000000000001,0.8168333333333334,0.03831630433954637,HP
s0174,1,1,3.867629696299276,1.5496566467310753,4.6601349206349205,3.6390457516339865,4.236238095238095,3.1973680645161293,2.539142082188875,3.6390457516339865,1.0016408397634784,1.2318281309525008,0.16076562499999772,0.02523158964013976,0.843,0.9471129032258067,0.04374685423409483,LP
s0174,1,2,8.273593976701353,3.0763213846514885,6.339063157894738,7.49216862745098,10.545203846153846,10.861469135802468,2.7208266641522676,7.49216862745098,3.210622223540618,1.1597924365855217,0.43224657534246425,0.138524232357394,0.8375,0.9412045454545453,0.06473580749676103,HP
s0176,1,1,3.8476467013888884,0.890830618178483,3.36625,4.138466666666667,3.9556499999999994,3.947941176470588,0.565163416632747,4.138466666666667,1.0071769221442677,0.8920369598375747,0.23258399999999918,0.016904263827566716,0.917,1.0015322580645163,0.05629137496817304,LP
s0176,1,2,5.371445043834842,0.9813012912417739,5.3191507936507945,5.584868778280543,5.70223076923077,4.979954887218046,1.1747089157681083,5.584868778280543,0.9185959732821487,0.7475164178513526,0.23165934065934146,0.02702853184281595,0.7340000000000001,0.9248064516129033,0.08276880553900402,HP
s0177,1,1,8.109480200501254,1.9403376066000109,9.360687500000001,8.220757142857144,7.363869047619048,7.7399,1.705835012492049,8.220757142857144,1.8532096660078174,2.2905441034828384,0.30259550561797816,0.022235768938823893,0.8345,0.9578035714285714,0.06329062893910065,LP
s0177,1,2,7.219338666557321,1.5012426461075856,7.791795454545454,6.45154780982906,7.262821428571429,7.36586111111111,1.220766796647714,6.45154780982906,0.8041849757705639,1.2950749689320387,0.36385526315789884,0.03517680266830908,0.76,0.7821750000000001,0.018461442505259443,HP
s0178,1,1,9.248377853671116,3.81977281505221,7.8949278846153845,8.5627,10.4565,10.424363636363635,4.676548177014991,8.5627,2.992960716414433,2.764808961762336,0.5929743589743603,0.08542412071070792,0.8545,0.8952962962962968,0.027745680587096297,LP
s0178,1,2,11.011872140376093,2.259211058272828,10.158714285714286,11.205666666666668,12.0,10.600384615384614,3.702937683758115,11.205666666666668,0.0,2.3950478568676634,0.4835303030303006,0.15516128819198516,0.8605,0.9184166666666669,0.022711124191396533,HP
s0179,1,1,10.0040701171875,2.911801068781845,11.670166666666667,10.02275,8.908498161764705,8.877833333333335,0.4836673845618374,10.02275,3.6405953865238825,1.7288531282005681,0.1931022727272711,0.011796210342889567,0.8285,0.846121212121212,0.01640220644006848,LP
s0179,1,2,9.218313926731554,3.2329799850677126,8.540261160714284,8.412476375598084,10.524151515151516,9.581256410256412,3.359319188056043,8.412476375598084,3.240506581745528,2.457375687107511,0.25735211267605024,0.02515201234280268,0.8160000000000001,0.8375,0.02607889006350624,HP
s0180,1,1,3.298762851731602,1.3595295415495339,4.770627450980392,3.7050406015037596,2.606727272727273,2.536372448979592,1.8311364730068196,3.7050406015037596,0.6256914206720938,0.6294002806819949,0.35392424242424075,0.040272916268926776,0.729,0.8912580645161289,0.09165453942400206,LP
s0180,1,2,3.18492748618509,0.9401261049251635,3.3069628390932744,3.8065875,2.794426724137932,3.0235384615384615,0.9803026749069867,3.8065875,0.8259294314075086,0.778870001534236,0.7572636363636361,0.09940874354785922,0.843,1.1796666666666666,0.19484134096271294,HP
s0181,1,1,2.5148945438951444,1.5743373982575062,4.5863571428571435,2.9607272727272727,1.7877187499999998,1.7417261083743845,2.414771169494204,2.9607272727272727,0.25555873033108756,0.22137670424058117,0.29662666666666737,0.02235401539205315,0.9159999999999999,0.9131272727272723,0.033193677129121545,LP
s0181,1,2,3.1300225538223336,0.5992153177748704,3.6172467532467527,3.326961538461538,3.089886409736308,2.654379310344828,0.7973480827636453,3.326961538461538,0.46428390986914203,0.2378423722861357,0.5340769230769222,0.07108562696082044,0.9640000000000001,1.0184736842105262,0.07851161737777745,HP
s0182,1,1,6.268855203619909,2.385046815392351,9.308874999999999,6.421168831168831,6.046435897435898,4.337588888888889,2.4622275502834823,6.421168831168831,1.0677992175347315,0.9422897041479388,0.22801923076923264,0.017513514333617735,0.7125,0.7998548387096773,0.019502712620821237,LP
s0182,1,2,6.3362317041388945,1.4213811601185171,6.0966875,7.444430769230769,7.137874999999999,5.317078888888888,1.775730619407373,7.444430769230769,0.5941156111187456,1.3720244020744143,0.26563095238094814,0.03358167599327841,0.7140000000000001,0.7476756756756755,0.01653957133947485,HP
s0183,1,1,3.663795384615385,2.3395085678744985,6.1151,4.948357142857143,2.6249199999999995,2.6991029411764704,2.260573885100861,4.948357142857143,1.5217433402515688,0.5592118659074946,0.2541147540983619,0.03667364294193881,0.8965000000000001,1.5514444444444448,0.3545894075117367,LP
s0183,1,2,4.941632694266205,3.0963894095810147,3.800095925813318,5.018757102272727,9.9859875,4.935943452380952,2.229694479030529,5.018757102272727,3.938156657923063,2.906290509152188,0.5336849315068474,0.14363139040446044,3.3535,6.478083333333333,1.5856426622945115,HP
s0184,1,1,1.594789702452801,1.1268608807511027,1.6378938897407997,1.3762861111111109,1.7115432330827074,1.5995983877233881,1.110643557077509,1.3762861111111109,1.0668716076764995,1.2458910357778443,0.195901734104048,0.019716104066988694,1.219,1.775116279069768,0.2606183959478655,LP
s0184,1,2,1.4746242118537196,1.0949583246315198,1.5043554987212278,1.2774716312056738,1.8289115853658537,1.3264444444444439,0.9674277791606767,1.2774716312056738,1.2075430404000618,1.0140738498702537,0.307765027322404,0.03241797505454704,0.504,0.6178571428571429,0.06658106262950927,HP
s0185,1,1,5.312413258636789,1.361235169243975,5.327435729847495,5.896100000000001,5.1985,4.914034188034188,1.5873215741110593,5.896100000000001,1.2625440162058283,0.8250278620690048,0.2962612612612669,0.016171162195845426,0.8029999999999999,0.8259375000000001,0.040158966803767425,LP
s0185,1,2,5.939646977016544,2.575249050144704,7.305133333333334,6.458285714285714,5.742219806763285,4.642646102292769,3.8618088484830815,6.458285714285714,2.1707230134128928,1.6245228899516533,0.2535340909090897,0.021417551339691764,0.8094999999999999,0.8514722222222221,0.02912061141924611,HP
s0186,1,1,4.214043956043956,2.059816668412405,4.041196172248804,4.653619047619047,3.860301948051948,4.321525,2.6201671090256444,4.653619047619047,1.3174710166096995,2.672915403920943,0.4123719008264437,0.014080583852979495,0.8625,0.8267121212121215,0.012262467936931655,LP
s0186,1,2,9.29833953588682,3.3196658434228627,8.51229532051282,11.351333333333333,9.203522321428572,8.921328125,3.5156956915897486,11.351333333333333,3.8162165812539346,2.865900027994519,0.38453623188405583,0.027410403430437925,0.877,0.8898571428571428,0.01382387579000764,HP
s0187,1,1,8.278378264925374,2.376279840701607,9.23365,7.964202020202019,8.429583333333332,7.925727272727272,2.051952649916659,7.964202020202019,2.2276907123122416,2.000059094168292,0.22511363636363477,0.015949100921399246,0.6875,0.6949000000000002,0.007697102629489154,LP
s0187,1,2,7.924365458466327,3.923333508230351,5.708618244949496,8.284912216905903,9.621862745098039,9.854393665158371,3.562707104440138,8.284912216905903,3.975294804801609,3.146207049731291,0.6161038961038997,0.13744262125985743,0.708,0.8302173913043476,0.051810773498507864,HP
s0188,1,1,5.827783018867924,0.9918350631742304,6.556169230769231,5.149666666666667,5.685272727272727,5.7939,1.6192271524900224,5.149666666666667,0.29292136422568205,0.167474445811891,0.2941851851851848,0.01184235114099639,0.721,0.6795522388059703,0.020269319264467296,LP
s0188,1,2,9.939825581395347,1.6795213173255847,8.570692307692306,10.3415,10.537799999999999,10.623,2.2877906165830484,10.3415,0.3498464806168563,1.145679835606041,0.39417647058823846,0.014664484985365968,0.501,0.5633958333333334,0.017257691008471143,HP
s0189,1,1,11.460894957983193,1.8336021492972117,11.797600000000001,12.0,10.9373,11.206,0.40480000000000016,12.0,3.188099999999999,1.588,0.16172058823530017,0.01742525865217626,0.7330000000000001,1.0139333333333331,0.0813954266619537,LP
s0189,1,2,9.270479616757015,3.865601915052925,9.390168109668108,9.189615384615385,9.535490299823632,3.922714285714287,3.599016946289035,9.189615384615385,4.1873166532177954,2.5461938942152025,0.4190677966101753,0.27906464390011354,0.7659999999999999,1.1150444444444445,0.27110083214677183,HP
s0190,1,1,6.218857991481701,3.651574388126509,7.216373015873016,4.986642857142857,6.459664835164836,6.259349613349613,4.708564396747641,4.986642857142857,3.4253445840575902,3.7457505526338553,0.23883168316832182,0.04585856253664083,0.682,0.8032459016393443,0.05179522481353265,LP
s0190,1,2,10.643287240939413,2.106028062929737,10.106506493506492,11.430250000000001,11.425625,9.805166666666667,2.253506541032734,11.430250000000001,1.519653409292724,2.0102141607854183,0.2686363636363648,0.0448127347088539,0.6970000000000001,0.8742280701754387,0.07738502434546299,HP
s0191,1,1,9.002640625000002,2.3439839138055434,9.216562500000002,9.9929,10.4668,7.043444444444445,1.6715602542516226,9.9929,1.7910811706899272,2.1689338766876904,0.33491954022988707,0.012735177990892502,0.83,0.819186440677966,0.015254057900569908,LP
s0191,1,2,10.503693163978877,2.1092883369679543,9.144847619047622,12.0,11.326923076923078,10.379979166666667,1.6647858651430354,12.0,2.331606856342719,2.0685600616691406,0.3395909090909127,0.024192258485900807,0.795,0.7790925925925928,0.01410132032554179,HP
s0192,1,1,4.806706494026807,2.143854011451062,6.2152590909090915,6.0112962962962975,3.724446547314578,3.629317135549872,2.5763667142913222,6.0112962962962975,1.4042690602908419,1.1777487505295399,0.2796470588235301,0.026708089104597755,0.706,0.6917230769230771,0.025181617299037312,LP
s0192,1,2,4.740784371272734,1.6005902665787783,4.223522624434389,4.848857464123667,5.0698539576365675,4.9988,1.5765501185265576,4.848857464123667,1.844648753257136,0.951560110665914,0.4547812499999952,0.12332370035853849,0.7175,0.6647333333333332,0.01994904249071359,HP
s0193,1,1,4.812071563533301,1.6093717842524733,5.962423529411765,4.5597717948717955,4.208071428571428,4.636265625,2.4898464731461907,4.5597717948717955,0.5425157620206221,0.9241199401692183,0.1181694915254215,0.0070751019543991165,0.7190000000000001,0.7624923076923075,0.028345769733975495,LP
s0193,1,2,9.660740847374035,2.1946515077308093,7.292980769230771,9.7896,10.029514285714285,11.382799999999998,1.5000258361926844,9.7896,2.2926608822991,0.6379979310311282,0.12962500000000596,0.016885935385707804,0.7190000000000001,0.7641153846153842,0.02487540927447424,HP
s0194,1,1,5.7517509404141,1.5492222945083731,6.3417396694214885,6.2571,5.32775,5.012107142857143,2.103774009992649,6.2571,0.38958078430538634,0.8538001748186795,0.31896363636364294,0.011142977088381115,0.7055,0.6773055555555555,0.02501557877943455,LP
s0194,1,2,4.5531817424242425,1.0519648051255976,3.88554,4.789391428571429,4.5249999999999995,5.231147368421054,0.6731426954220033,4.789391428571429,0.4276105445119166,1.2655272957061359,0.3172525252525296,0.013486178903343405,0.713,0.7287857142857143,0.026016740938055647,HP
s0195,1,1,1.5574156630147131,1.0664895772423086,2.747778260869566,1.4130685714285713,1.2680756756756757,1.1518989547038327,1.990923792234131,1.4130685714285713,0.280937461610685,0.23170313270697146,0.4725804597701161,0.0731867996892221,0.685,0.6992941176470587,0.027583326543487278,LP
s0195,1,2,0.9755797101449277,0.8510103489480391,1.8336341463414632,0.8386296296296298,0.7732037037037037,0.684948275862069,1.6061044538128906,0.8386296296296298,0.18006247677358583,0.2198898958345535,0.4123091787439605,0.04591457960021174,1.125,1.125,0.0,HP
s0196,1,1,7.467076046609056,2.7956011540821812,10.181333333333335,9.611875000000001,6.28604,4.617373897707231,1.1313716846770068,9.611875000000001,1.5955721351289638,1.270564746001065,0.23967326732673513,0.03401957465118078,0.73,0.7786716417910451,0.015521876972925034,LP
s0196,1,2,7.126997764666954,3.2688205369545575,8.20094877819549,7.993522807017543,7.637371900826446,5.432112666666665,2.7079585792657874,7.993522807017543,3.7409125044328437,2.870631911613345,0.4452249999999955,0.12363557080058939,0.751,0.8458499999999999,0.06663323635769165,HP
s0197,1,1,6.478383771428572,2.226915475342406,7.971350000000001,6.323718750000001,6.343119047619049,5.1988,2.504936411867575,6.323718750000001,1.722410287972462,0.6595781682257228,0.21372549019607656,0.019436269722140413,0.883,1.0461194029850747,0.0716914178935924,LP
s0197,1,2,9.360607805735931,1.9448249277034904,7.373852564102565,9.659,11.354666666666667,10.0225,2.183584669829393,9.659,0.9126391522514373,1.2189947702923098,0.21651428571427905,0.01896887614991206,0.883,1.0666481481481485,0.2116470700844065,HP
s0198,1,1,5.474113230307773,2.232794716817659,7.572546296296297,4.8920666666666675,4.382493333333333,5.46075,2.4148324740002742,4.8920666666666675,0.9420870206090307,2.8332558163415698,0.2430535714285689,0.0139505712207822,0.728,0.7726615384615385,0.01341542478686782,LP
s0198,1,2,4.428402522887164,1.6863023944160473,4.927904745989306,4.610135338345865,4.26035304347826,4.08641563146998,1.377960992896893,4.610135338345865,1.1830229688917797,2.6613373820508763,0.2361747572815578,0.018419962507899748,0.6980000000000001,0.7840833333333334,0.04600795963240532,HP
s0199,1,1,6.015592454776378,1.9123053198021325,6.641657142857143,6.392312500000001,5.9609450549450544,5.032126200274349,2.1434884909932244,6.392312500000001,1.1325965438085068,1.5977466035135846,0.1391759259259238,0.012377013828629236,0.74,0.7927121212121211,0.019751437105849638,LP
s0199,1,2,5.7847462555739355,1.445886807584451,6.083523076923077,6.812365384615385,5.274986666666667,5.316860962566845,1.9293749302334053,6.812365384615385,1.1444280200849486,1.4898785784517996,0.1528764044943844,0.015488272501601934,0.725,0.8330555555555555,0.06529552884467378,HP
s0200,1,1,4.618814072268599,3.8323353801602065,4.177775925925927,5.324376543209876,4.066262626262626,5.188949333333333,4.5381242980151235,5.324376543209876,1.9042887680633491,3.624375920545893,0.6117870370370295,0.20568941339406538,0.9079999999999999,1.592862745098039,0.29684102935520307,LP
s0200,1,2,3.923107033219153,2.561110227601059,4.354737500000001,4.136119455423803,3.9381058461538467,3.906891132478633,2.708161383871676,4.136119455423803,3.3155637760574423,2.9257976448952103,0.905656250000003,0.16169060163517632,1.126,1.8949130434782608,0.3257266990422699,HP
s0201,1,1,6.644503225524477,1.486344919765958,7.530611111111111,6.556104000000001,6.4204358974358975,6.235545454545455,2.411742757124651,6.556104000000001,0.7947616896446119,0.47732290645305686,0.3435999999999978,0.012743908348697425,0.722,0.6738524590163937,0.024514910381126517,LP
s0201,1,2,11.42891304347826,1.109815453246462,9.968714285714285,12.0,12.0,12.0,1.0964926830953463,12.0,0.0,0.0,0.391906250000001,0.029298618437708104,0.7595000000000001,0.8638999999999999,0.0679888990121835,HP
s0203,1,1,5.196020488980716,2.660281986287754,6.532114898989899,4.34735817805383,5.0399453125,4.9655000000000005,3.9626381791769676,4.34735817805383,2.197309630934334,2.4621698415364097,0.1812347826086982,0.01904528214777676,0.6940000000000001,0.8491692307692311,0.06333824879630484,LP
s0203,1,2,5.374652332908871,1.673677778745656,5.824885185185186,4.947390572390574,6.014107954545453,5.4223279857397495,1.3450629515981785,4.947390572390574,0.9269207911782664,2.818842764112428,0.12462765957446688,0.012714684125230295,0.6920000000000001,0.8242432432432434,0.03592062520921103,HP
s0204,1,1,7.372615032798834,2.9714947873076745,7.957268055555556,9.42740625,6.330637142857142,5.528333333333333,2.857139059848661,9.42740625,2.8991086191237385,1.7837605936771774,0.3633877551020395,0.019646085781057594,0.7709999999999999,0.9677761194029852,0.04279103603483463,LP
s0204,1,2,9.048671321467264,2.8741975585043957,9.326984375,7.512802040816326,9.966395833333333,8.875903990746098,3.631772899064706,7.512802040816326,1.3079801817367,3.0499047023068653,0.32792957746479817,0.031193004037288332,0.7525,0.8958200000000001,0.07458725194026124,HP
