id,sess,key,block,auc,std_wtw,init_wtw,auc1,auc2,auc3,auc4,std_wtw1,std_wtw2,std_wtw3,std_wtw4,sell_RT_median,sell_RT_mean,sell_RT_se,condition
s0003,2,"('s0003', 2)",1,4.30454139643658,1.7510282339884513,3.021,4.239102941176471,4.207031578947369,4.09360294117647,4.650446153846154,1.3542661366270954,4.207031578947369,1.4840936684434842,1.2110920060427248,0.783,0.8037878787878787,0.028867732272427952,LP
s0003,2,"('s0003', 2)",2,7.773984095011003,3.4284223737761477,,6.795893797519008,8.976219251336898,7.7823462315462315,8.04032,3.081772076786155,8.976219251336898,4.15597393417076,2.009522544685677,0.7464999999999999,0.751391304347826,0.02996734956488663,HP
s0005,2,"('s0005', 2)",1,5.547786813186813,1.3070660230521325,8.773,5.799153846153846,6.2568,5.318615384615384,4.564909090909091,1.2853078557387212,6.2568,1.0038750871161932,1.0159612961977937,0.694,0.773126984126984,0.016938203632158002,LP
s0005,2,"('s0005', 2)",2,8.533176071055383,2.6488378961918686,,6.909357142857143,7.879666666666668,9.816166666666666,11.1498,2.181013512997467,7.879666666666668,1.1093306415231763,1.7004,0.724,0.8771395348837208,0.06543465838119636,HP
s0006,2,"('s0006', 2)",1,5.916823426573426,2.0490905850681256,11.786,7.705619047619049,5.473246031746031,5.570240384615385,4.791116883116883,2.546379109473096,5.473246031746031,1.3070929098222304,0.7592767401656124,0.763,0.8328166666666672,0.024906675718978845,LP
s0006,2,"('s0006', 2)",2,9.57897629173927,2.9944824027900308,,8.586448717948718,8.251257918552035,12.0,9.195375,2.5525033709886875,8.251257918552035,0.0,2.956625861412803,0.7895000000000001,0.9319615384615385,0.06730297764552831,HP
s0007,2,"('s0007', 2)",1,4.250002270699861,1.0691598319447544,8.649,4.670357142857143,4.5142500000000005,3.8489147727272734,3.8954230769230773,1.6820805827113912,4.5142500000000005,0.6070316597329418,0.3621795318810955,0.723,0.7685079365079367,0.013773788337197227,LP
s0007,2,"('s0007', 2)",2,7.41454961043818,2.690324822379655,,4.712053977272728,7.218357142857144,9.185142857142857,11.3965,1.1119522757581488,7.218357142857144,2.1225192463250853,1.349467024421123,0.722,0.7310714285714285,0.017882470700141855,HP
s0008,2,"('s0008', 2)",1,4.546821271929826,0.9524424833369463,5.739,5.666267045454546,4.284785714285714,4.106923076923077,3.936642857142857,0.750710975315702,4.284785714285714,0.32216251549572406,0.08421792067764029,0.709,0.7556666666666666,0.016364117102558067,LP
s0008,2,"('s0008', 2)",2,6.682422545726016,1.185023735030708,,6.34447963800905,7.127249999999999,7.081659090909091,6.6219,2.2019976133966166,7.127249999999999,0.814317336601698,1.071361045586407,0.742,0.8181842105263156,0.0589405524168297,HP
s0009,2,"('s0009', 2)",1,2.888678037007241,0.4830476416413413,2.22,2.707294997662459,2.9598000000000004,3.060066666666667,2.88921164021164,0.5595527679076865,2.9598000000000004,0.47585774718455054,0.4341882990338922,0.711,0.7705438596491234,0.02254793560225244,LP
s0009,2,"('s0009', 2)",2,3.6074664933281,0.9682645081926206,,3.166923076923077,3.0589565217391304,4.041660869565217,4.445305921052632,0.780917651675402,3.0589565217391304,0.7777791056363377,1.14691334124831,0.735,0.828235294117647,0.061863032625452084,HP
s0010,2,"('s0010', 2)",1,5.893110062893082,1.8628022797689059,5.588,5.206991596638655,6.3225092592592596,5.764444444444445,6.804572916666667,1.5238650136286076,6.3225092592592596,1.3872734338431318,2.4862908231305445,0.7004999999999999,0.7973125000000001,0.021033221896320203,LP
s0010,2,"('s0010', 2)",2,5.940673119404719,1.8598941667449533,,6.122155555555555,5.535675213675214,6.599873015873017,6.491846153846154,1.5099919713628438,5.535675213675214,3.267131159843612,2.435506007956642,0.6795,0.7457812500000001,0.034159601687536865,HP
s0011,2,"('s0011', 2)",1,3.4133875325520826,0.6277579356428171,5.664,3.9202933333333334,3.2988888888888894,3.324220289855072,3.169125,0.8973027549024664,3.2988888888888894,0.5019988546033789,0.44120812478353116,0.711,0.7823442622950822,0.02697703130100843,LP
s0011,2,"('s0011', 2)",2,3.742307980409104,0.7874265279722696,,3.8375500000000007,3.9791568627450986,3.456652173913044,3.733222222222222,0.5129906894866612,3.9791568627450986,0.32713082194924265,0.43447970871371044,0.718,0.6981999999999999,0.02606440100980646,HP
s0012,2,"('s0012', 2)",1,9.398563101543585,2.830475342071449,1.198,9.165433551198257,10.965333333333334,8.02348888888889,10.521733333333334,3.148970653383068,10.965333333333334,1.998245948850833,1.9721727938719995,0.7444999999999999,0.8679482758620689,0.04501155501278887,LP
s0012,2,"('s0012', 2)",2,11.078498860398861,2.328030368207822,,9.499641333333333,11.233666666666668,12.0,12.0,3.9137496473362834,11.233666666666668,0.0,0.0,0.7335,0.8522407407407407,0.035405953937171185,HP
s0014,2,"('s0014', 2)",1,5.2677168015800575,0.9651603866593732,6.311,4.966656410256411,4.728214814814814,5.269511111111111,6.388,1.1245174987624738,4.728214814814814,0.6420605067444872,0.6073932004887772,0.7384999999999999,0.699560606060606,0.014358938766222906,LP
s0014,2,"('s0014', 2)",2,6.721610169491525,1.3832497551670309,,6.266812500000001,6.451336734693878,6.763178571428571,7.74275,1.7969110109267803,6.451336734693878,1.1503309788792908,0.5427747576112948,0.728,0.7533142857142856,0.015182630861724259,HP
s0017,2,"('s0017', 2)",1,3.6331885389703773,1.8600169546539156,5.63,4.245768518518519,4.052652631578948,3.373603174603175,2.9899714285714287,1.6992898985691895,4.052652631578948,1.2773926729640743,0.8046709260211119,0.765,0.671035087719298,0.02040719619290454,LP
s0017,2,"('s0017', 2)",2,4.827978796942456,2.731957842725171,,5.072699999999999,4.659727272727274,3.991200668896321,5.397655671296295,3.555748192715564,4.659727272727274,1.1421829389754117,2.323921882667029,0.504,0.5444444444444445,0.022543743993239874,HP
s0018,2,"('s0018', 2)",1,3.2607629870129866,1.0914141705682203,5.28,3.8877520833333343,3.9477142857142864,2.8718888888888894,2.8313184523809523,1.642317528866041,3.9477142857142864,0.5327959677117279,0.5964482797140047,0.881,1.0178135593220334,0.067546889560723,LP
s0018,2,"('s0018', 2)",2,5.562872489036876,1.8562259768579095,,3.8970869565217394,6.178133116883117,7.039872727272727,6.265174603174603,1.1298227222635022,6.178133116883117,1.741509097689991,1.3486700508358846,0.895,0.9501999999999999,0.039773480835574075,HP
s0020,2,"('s0020', 2)",1,9.727486785560346,2.5183309656752475,2.078,9.331496503496503,11.159,8.91025,9.3132,3.747511772863431,11.159,1.2579538942266522,1.7806242051595278,0.672,0.7328030303030301,0.010730743739440763,LP
s0020,2,"('s0020', 2)",2,11.004873522499887,1.994442294980159,,9.468246153846152,12.0,11.318,12.0,2.70127725362406,12.0,1.9289872990769021,0.0,0.7845,0.7562999999999999,0.012970035980417835,HP
s0021,2,"('s0021', 2)",1,9.660852852852853,2.9103172955127588,6.836,9.172125,10.631714285714285,9.88995238095238,8.827103124999999,2.3695562315283847,10.631714285714285,2.936183049895618,3.972290928103106,0.827,1.0635740740740742,0.10382430686198506,LP
s0021,2,"('s0021', 2)",2,10.722179298642533,2.9766645861054744,,9.827537037037038,10.548910714285713,12.0,10.233714285714285,3.5281202382139596,10.548910714285713,0.0,3.4215028894132837,0.885,1.214730769230769,0.18262247271616094,HP
s0022,2,"('s0022', 2)",1,4.412380206000895,1.217954523783861,7.378,4.952928571428572,3.657679365079365,4.549509700176367,4.632857142857143,1.2745139459689674,3.657679365079365,1.1439845243960176,1.1289697488761827,0.6775,0.7172,0.009677000223898585,LP
s0022,2,"('s0022', 2)",2,10.970324833702882,1.8177227273400227,,9.34183111111111,11.336,11.4765,12.0,2.386422448009873,11.336,1.17058158622114,0.0,0.6984999999999999,0.7514655172413793,0.011765929963989405,HP
s0025,2,"('s0025', 2)",1,5.320177656131776,2.6268268143784184,5.772,5.817299145299145,5.588333333333334,5.6945593297101444,4.263108080808081,1.8437126853356642,5.588333333333334,3.4441286206175286,2.321253194149411,0.853,0.9120847457627121,0.059913109966355585,LP
s0025,2,"('s0025', 2)",2,5.996705964443196,3.439622170993421,,5.432877222222223,6.407362671384345,5.190369565217392,7.941661666666666,3.237555407150596,6.407362671384345,3.128442915256626,3.281247511317998,0.837,0.8303589743589743,0.026157880211246848,HP
s0026,2,"('s0026', 2)",1,6.122337722185648,1.5749550513975499,6.518,5.8591,5.962490740740741,6.789625,5.859111111111111,1.2088972102705837,5.962490740740741,1.02692769189218,1.268353214425386,0.807,0.8083181818181817,0.017994249146252913,LP
s0026,2,"('s0026', 2)",2,6.207799576171236,1.7107793346393452,,6.082548787878787,6.412137037037037,6.390073660714286,6.108864448051948,1.6173094403364998,6.412137037037037,1.5274893109349494,1.7514392561053802,0.7925,0.7250294117647058,0.024681692825178476,HP
s0027,2,"('s0027', 2)",1,3.8733702473660094,0.9588440458484778,4.926,3.4677299465240643,4.543041666666666,3.7060625000000007,4.0056666666666665,0.8609742735984584,4.543041666666666,0.8761960018133785,0.8530232695610938,0.902,1.1029538461538457,0.07198481901353557,LP
s0027,2,"('s0027', 2)",2,3.2813237226931387,1.2623906741568038,,3.516020370370371,3.1064760000000002,3.7458613591269843,2.678633116883117,0.7204653110316019,3.1064760000000002,1.5599310915205828,1.3787889584777488,0.853,0.8481,0.05451586466341701,HP
s0028,2,"('s0028', 2)",1,10.500915573390955,3.5029129409726822,12.0,10.150362637362639,8.639671875000001,12.0,12.0,3.703188354563302,8.639671875000001,0.0,0.0,0.815,0.9659322033898302,0.05396569108313457,LP
s0028,2,"('s0028', 2)",2,12.0,0.0,,12.0,12.0,12.0,12.0,0.0,12.0,0.0,0.0,0.821,0.8566774193548384,0.02159342856585524,HP
s0029,2,"('s0029', 2)",1,3.5812683982683993,0.951608491014116,7.373,3.7318125,3.6230588235294117,3.7124705882352935,3.2384999999999997,1.044298042870784,3.6230588235294117,1.1461251403621868,0.6278192415018832,0.793,0.8221333333333334,0.018568558650858456,LP
s0029,2,"('s0029', 2)",2,7.184832805987759,2.1188279345576335,,6.478776315789474,7.831548872180451,8.220985185185187,6.24402,2.626306289502647,7.831548872180451,1.7690354977707807,1.3662994057916684,0.71,0.8071428571428573,0.022779569530721994,HP
s0030,2,"('s0030', 2)",1,5.556311072639299,2.4341799414935457,10.307,8.156723076923077,4.616416541353384,4.258920634920635,5.207692307692308,2.1756402948429634,4.616416541353384,1.351337371685503,1.6848206849662906,0.707,0.7934761904761907,0.026448215752184548,LP
s0030,2,"('s0030', 2)",2,6.7899088009103234,2.011967953700911,,6.203243137254901,6.490127142857142,7.445914351851853,7.479666666666665,2.080736171501346,6.490127142857142,1.4760203170893995,0.7633698681213161,0.7255,0.8471750000000002,0.0441411498420125,HP
s0031,2,"('s0031', 2)",1,4.19084935064935,0.8628747441303518,7.479,4.297910714285715,4.310257142857143,4.279044444444445,3.824909090909091,1.2246771918227752,4.310257142857143,0.7478480967432284,0.6276150317664273,0.698,0.826360655737705,0.029208680578148422,LP
s0031,2,"('s0031', 2)",2,3.7414122242613193,0.8795743363146843,,3.3128897435897433,3.85995,4.073798076923077,3.7818619565217393,0.5834835094432763,3.85995,0.986593277782457,1.1439332316847404,0.862,0.8786999999999997,0.03436496035207956,HP
s0032,2,"('s0032', 2)",1,7.062016707457862,2.415847327223568,8.683,6.924799999999999,7.200145833333333,6.796965848965847,7.370266666666667,2.461124826171968,7.200145833333333,2.5735385540281697,2.3358675038528096,0.92,1.1668695652173913,0.1224081601208579,LP
s0032,2,"('s0032', 2)",2,8.63617646030826,1.7411640635197811,,7.890576666666668,9.670104166666668,9.557412500000002,8.008888888888889,1.1612828197538945,9.670104166666668,2.237635388047782,1.5335827655413428,0.744,0.8215,0.03604461914295943,HP
s0034,2,"('s0034', 2)",1,2.8096719185028576,0.5576122134666506,0.509,2.6513994318181817,2.66324,2.92912814645309,3.0370302372685183,0.5677043595799145,2.66324,0.4814699004538263,0.672854299728592,0.804,0.8165254237288135,0.013799865437232512,LP
s0034,2,"('s0034', 2)",2,3.9265121712599083,1.3159191206664438,,3.9793303167420815,3.790749183006536,3.8634498456790123,4.072823529411765,2.005637333270976,3.790749183006536,0.8899387726633121,0.8288805516225674,0.829,0.8394799999999999,0.04536127405618144,HP
s0036,2,"('s0036', 2)",1,3.477467914438503,0.9752991651017826,4.043,3.563352941176471,3.266505347593583,3.1690760869565215,4.0006875,0.6787595508270532,3.266505347593583,0.7664386477289061,1.2215455230337304,0.7075,0.7557333333333334,0.01666366417399558,LP
s0036,2,"('s0036', 2)",2,4.1242886042528895,1.583934561272714,,3.914544444444445,4.2871159420289855,4.272689549961862,4.045210526315789,1.9064570173848152,4.2871159420289855,1.243165055487189,0.692550783161508,0.708,0.7495714285714287,0.026057286569202295,HP
s0038,2,"('s0038', 2)",1,5.455254823598302,1.9157347553870525,4.24,5.145246031746031,5.4953159722222225,6.5052361111111106,4.817025641025641,2.4735401328207165,5.4953159722222225,1.517600248318373,0.6943153235910231,0.758,0.8737187500000002,0.050641328716714534,LP
s0038,2,"('s0038', 2)",2,3.7374500269911444,1.0224273004042261,,3.580877777777778,4.005237967914439,3.1198141534391532,4.645426470588235,0.7072043681956874,4.005237967914439,1.0375999773423747,1.0513659366884205,0.757,0.8882800000000001,0.06303384538484068,HP
s0039,2,"('s0039', 2)",1,4.669203116883117,1.1301196210863302,4.928,4.421469387755103,4.617725,5.194352272727273,4.329265625000001,0.5895149026881865,4.617725,1.3466531833989295,1.188286144282327,0.7095,0.7317666666666666,0.018473966166633677,LP
s0039,2,"('s0039', 2)",2,5.047373893807242,1.439761079779665,,4.9488902116402125,5.001101010101009,5.789975438596492,4.648998124999999,1.0676641107063738,5.001101010101009,2.5069933854089954,1.220422423792879,0.71,0.7801379310344829,0.045230700067848385,HP
s0040,2,"('s0040', 2)",1,3.198249643783333,1.6003056057335245,5.745,5.969916666666667,2.7633371813371816,2.2669373040752356,2.5574653784219006,1.2860353292408244,2.7633371813371816,0.4905128851835403,0.5560998886535085,0.772,0.7626545454545454,0.015487456255861875,LP
s0040,2,"('s0040', 2)",2,6.883089356615978,3.9298350173873104,,3.907844827586207,7.339892307692308,8.939628571428571,9.494,4.14994389732217,7.339892307692308,2.08883488146881,1.2086769626331098,0.76,0.761046511627907,0.020617376339544673,HP
s0041,2,"('s0041', 2)",1,3.022614725014784,0.46884572075671016,2.321,2.8292782608695655,2.9918,3.2502736572890027,3.0576315789473685,0.3458045828606241,2.9918,0.5729173731141656,0.479737670698248,0.696,0.7862950819672134,0.020426523486323515,LP
s0041,2,"('s0041', 2)",2,3.3883361389162583,1.2040087790338485,,3.5496324786324784,3.4748668965517244,3.5609142300194936,2.923874223602484,0.6936557016628725,3.4748668965517244,1.936589468837201,0.47843791631763455,0.6995,0.9031500000000001,0.11805192236893053,HP
s0043,2,"('s0043', 2)",1,6.9233554445356065,2.746751654374715,7.594,7.6681212121212114,7.929714285714286,6.429639455782312,5.41628120300752,1.6477721738222104,7.929714285714286,2.989938852116482,2.7796514603859275,0.888,1.1932372881355935,0.09766110030936456,LP
s0043,2,"('s0043', 2)",2,10.553997407742246,2.2673057528391904,,9.365346153846154,11.363636363636363,10.83311111111111,11.407,2.3584484297016397,11.363636363636363,2.4991791738908757,0.0,0.885,1.0532545454545459,0.09950750532159283,HP
s0044,2,"('s0044', 2)",1,10.587209166666666,3.2611914683187524,12.0,8.856331196581195,11.041916666666665,12.0,12.0,4.172477742451001,11.041916666666665,0.0,0.0,0.8055000000000001,0.792983870967742,0.01671261171047048,LP
s0044,2,"('s0044', 2)",2,11.826021739130434,1.167081653734618,,12.0,12.0,12.0,11.1997,0.0,12.0,0.0,2.4009,0.807,0.8108412698412697,0.024245066162668073,HP
s0045,2,"('s0045', 2)",1,4.644020534391536,2.095365739714891,12.0,6.138049879807693,3.786970647773279,4.815420454545455,3.7397500000000004,3.371919516251019,3.786970647773279,0.9477278176775193,0.8811660952964544,0.869,0.9176935483870968,0.04127911004961063,LP
s0045,2,"('s0045', 2)",2,5.0071993172151155,1.239238344438256,,4.965494318181818,6.204433333333333,4.670421568627451,4.236714285714285,1.0891433195049502,6.204433333333333,0.9069867247752574,1.0788235277753415,0.877,1.022551724137931,0.14088159309429643,HP
s0046,2,"('s0046', 2)",1,2.7140920138888887,0.48570747891617944,3.989,2.9996666666666667,2.6653734015345267,2.5111065088757396,2.7080364372469634,0.5088385779524764,2.6653734015345267,0.3861132301873142,0.5701973330982241,0.698,0.6844137931034485,0.020566082615594585,LP
s0046,2,"('s0046', 2)",2,3.2031226200296983,0.8586508127249213,,3.3123367304202147,3.0049071875,3.227213362068966,3.295798816568047,0.7545765363699131,3.0049071875,0.7512847672217144,0.9580348079548245,0.505,0.7678947368421053,0.07905497560253326,HP
s0047,2,"('s0047', 2)",1,3.7358553339664446,0.8717165289437205,4.437,4.340562500000001,3.626502083333334,3.882235294117647,3.181,0.9715200055036181,3.626502083333334,0.7140641369621511,0.46143214560756385,0.813,0.8343050847457628,0.04920556026809287,LP
s0047,2,"('s0047', 2)",2,5.480026121146061,1.1836851100182617,,4.981796626984127,6.193120535714287,5.58678431372549,5.4070535714285715,0.9385230731515498,6.193120535714287,1.9577873296119876,0.9487428838363436,0.8374999999999999,0.8168928571428573,0.021905137506946868,HP
s0048,2,"('s0048', 2)",1,3.9352321139430297,1.5305519771209488,2.953,4.653184210526315,3.4055966386554624,3.46448,4.404742857142858,1.7096613127787463,3.4055966386554624,1.208133963432864,2.0724629613961145,0.733,0.8154310344827587,0.059488730894928975,LP
s0048,2,"('s0048', 2)",2,6.02726675602777,2.22507349622602,,6.357717105263158,6.217679012345679,5.480987969924812,6.360285714285714,2.750768605855643,6.217679012345679,1.6682523843532762,2.444807164327751,0.736,0.7755714285714285,0.0689129860777036,HP
s0049,2,"('s0049', 2)",1,5.407907954545456,1.9697940748234202,12.0,6.854051948051948,4.678209523809524,4.81345,4.872642857142857,2.8681372926986834,4.678209523809524,1.2073147535612516,0.44464918335526427,0.7615000000000001,0.721348484848485,0.010373013045582325,LP
s0049,2,"('s0049', 2)",2,9.075306651146423,3.3939538226912442,,5.489611111111112,10.372075000000002,10.118616666666666,12.0,1.2387548228598726,10.372075000000002,3.146074096349643,0.0,0.7925,0.7741851851851853,0.010435084920944393,HP
s0050,2,"('s0050', 2)",1,4.765499380837702,1.3907074804788495,4.99,4.038304761904762,5.589375,5.004535714285715,4.316909090909091,1.4618617673011705,5.589375,1.116139327648878,1.192523333451571,1.0619999999999998,1.0728035714285713,0.015812122780102824,LP
s0050,2,"('s0050', 2)",2,4.317305962996001,1.5891940630653438,,4.615346842415896,4.860111111111111,4.448511278195489,3.3851508333333338,2.409660136249715,4.860111111111111,0.6444062443579666,0.7671665973454781,1.032,1.0154347826086956,0.0465112066942457,HP
s0051,2,"('s0051', 2)",1,4.655778171509568,2.5059812018227947,4.918,4.098234817813766,3.879722222222223,4.167825910931174,8.7976,1.409962730119552,3.879722222222223,2.273783117636612,3.6247851025957387,0.834,0.8280983606557376,0.017921365234154746,LP
s0051,2,"('s0051', 2)",2,9.120097442999096,4.190505201680154,,8.906089285714286,11.344,7.332840909090908,9.792,3.3988050639252285,11.344,5.061779814479735,3.855719474581452,0.7775000000000001,0.8156153846153846,0.02445354177839092,HP
s0052,2,"('s0052', 2)",1,5.101071969508727,1.912089460465767,12.0,5.857359375000001,4.829615384615385,4.281971428571428,5.366300000000002,2.6706272288669415,4.829615384615385,0.5345271601125233,2.212698626112468,0.502,0.5656818181818183,0.01879874025109038,LP
s0052,2,"('s0052', 2)",2,8.973341280928288,3.0122132034110196,,5.812042016806722,9.215960372960373,12.0,12.0,1.19751932245219,9.215960372960373,0.0,0.0,0.502,0.51768,0.01086530036400283,HP
s0054,2,"('s0054', 2)",1,8.889318311470928,2.8717139929042177,12.0,10.412020833333333,9.985964285714285,8.920050000000002,5.956654545454545,1.917788227898475,9.985964285714285,2.4025082929097246,1.8695513338103524,0.727,0.7766718749999999,0.018925494527465614,LP
s0054,2,"('s0054', 2)",2,8.871718482499471,2.289227123334054,,7.833634615384615,9.522777777777776,9.525544444444444,9.408384615384616,2.0552025076043754,9.522777777777776,2.616606093401277,2.4995791401177976,0.737,0.8180000000000002,0.035623928365800986,HP
s0057,2,"('s0057', 2)",1,6.528777689320559,2.892368314693561,5.029,6.423820512820512,7.6814868421052624,6.596748251748253,5.4397,2.7940903466459797,7.6814868421052624,3.2102698500358793,2.0015181263231168,0.948,1.278983050847458,0.12517490318339528,LP
s0057,2,"('s0057', 2)",2,7.03337629021202,3.314309715445763,,5.055418475723623,7.6429467703349285,7.96857142857143,8.094755555555556,2.3006585805593813,7.6429467703349285,2.355841523502589,3.404023039193188,0.773,1.281365853658537,0.18422734369656918,HP
s0058,2,"('s0058', 2)",1,9.469311827956988,1.4257353581101495,12.0,9.348125,9.98,9.6468,9.235249999999997,2.2578554226023866,9.98,1.2679301873526,0.6838186437206868,0.693,0.7125,0.010029470463478006,LP
s0058,2,"('s0058', 2)",2,10.758697670794549,2.4191999094725003,,8.694222624434389,11.82,11.760666666666665,12.0,3.5312581211034653,11.82,0.1692519489465992,0.0,0.8005,0.7726851851851853,0.012187037573769426,HP
s0059,2,"('s0059', 2)",1,10.937949248120301,1.5784448302081109,10.163,11.2736,12.0,10.86725,9.0692,0.8897538086459645,12.0,1.1184311277409975,2.17716029726798,0.714,0.8453454545454546,0.0537237883391393,LP
s0059,2,"('s0059', 2)",2,10.661010000000001,1.731518526460447,,9.613249999999999,12.0,10.324785714285715,12.0,2.0123872483943046,12.0,1.598687326642501,0.0,0.886,0.8509636363636361,0.02672097592660723,HP
s0060,2,"('s0060', 2)",1,4.604895454545455,0.7267486657443253,4.799,4.110838235294118,5.194383116883118,4.461922077922078,4.740961538461538,0.40863501657757684,5.194383116883118,0.5769044748907127,0.660741150339132,0.693,0.7388360655737706,0.022957214335466346,LP
s0060,2,"('s0060', 2)",2,5.024865342349957,0.694014531145625,,4.6171216931216925,5.5227916666666665,4.942485576923076,5.1424111111111115,0.5246598202547305,5.5227916666666665,0.5079082762661652,0.46619278068780945,0.692,0.7132592592592593,0.022963715196316514,HP
s0062,2,"('s0062', 2)",1,7.002464747765492,2.896263722140733,5.764,8.10785648148148,7.445181818181817,6.64388695652174,6.499916666666667,4.629706235456485,7.445181818181817,2.372628468195292,1.9855620723250023,0.709,0.7117636363636364,0.004579867090811329,LP
s0062,2,"('s0062', 2)",2,8.516475852272729,2.360420529989129,,6.9755714285714285,9.138833333333334,9.255749999999999,9.026333333333334,1.7146065698411408,9.138833333333334,2.2470000695371595,2.7475839487730953,0.707,0.6965217391304348,0.009974624663330645,HP
s0063,2,"('s0063', 2)",1,4.875594530143826,1.9981295604716487,6.776,5.046127272727274,5.232285714285715,4.198690476190476,5.31084670231729,2.2550902732937343,5.232285714285715,1.5790151163077395,2.532376356031106,0.729,0.8208615384615384,0.036231215917044396,LP
s0063,2,"('s0063', 2)",2,4.559827892167159,1.8212472055935107,,3.545452380952381,5.048709989258861,5.012900584795322,5.0117844444444435,1.4584825317265457,5.048709989258861,1.2858176894363735,2.373224392829508,0.716,0.7847407407407407,0.05110734265744067,HP
s0064,2,"('s0064', 2)",1,5.821227738920832,2.1054251745956685,9.719,7.315125,5.630895833333334,5.223313725490196,4.60318,1.8933810558649657,5.630895833333334,1.7891915634151434,1.764821449212356,0.685,0.8824354838709673,0.0746903480098419,LP
s0064,2,"('s0064', 2)",2,6.346691970032261,2.7159777456636798,,6.0792203125,6.4693700000000005,7.258091666666666,5.8735859375,1.803091120321198,6.4693700000000005,4.146479862477395,2.082528370632618,0.724,0.9483714285714285,0.09725017673318423,HP
s0066,2,"('s0066', 2)",1,6.134125967731401,2.4620822366563457,6.892,7.600611249999999,5.318223214285714,6.122917027417028,5.446000000000001,2.7160115703220855,5.318223214285714,2.507552550736046,1.5045178060001247,0.8825000000000001,1.1581785714285715,0.1047908756493203,LP
s0066,2,"('s0066', 2)",2,6.593811888472829,2.9785947958333674,,6.345588947368421,7.907234027777776,7.187500487329435,5.171883597883596,2.6307046264379523,7.907234027777776,3.6416774137033805,3.0512429832880086,0.935,1.2157894736842103,0.22939584072566901,HP
s0068,2,"('s0068', 2)",1,4.062105529391243,1.8293941115317236,6.491,5.886423333333333,4.250866666666667,3.091625,3.119529411764706,2.6966509644598466,4.250866666666667,0.32453310212519154,0.3504511575681131,0.769,0.7313833333333334,0.010249311404150975,LP
s0068,2,"('s0068', 2)",2,5.563198133637407,1.4340635411538267,,4.991552810597923,5.663454545454545,5.867962500000001,6.075305555555555,1.0293295483841263,5.663454545454545,1.1213385688960091,0.7581459775679544,0.7055,0.7390357142857145,0.027894593971115815,HP
s0069,2,"('s0069', 2)",1,3.9023116386346732,1.5400361204372988,5.167,4.007644328885401,4.079757894736843,4.084700255102041,3.4949523809523813,1.6812387671280788,4.079757894736843,1.7379090461687106,1.2042807894983,0.8815,0.8830499999999998,0.025897055012748714,LP
s0069,2,"('s0069', 2)",2,7.454700272844176,2.5610952984177016,,7.8573942307692315,7.171288377192983,7.893085972850678,7.791022727272726,3.0494772326841573,7.171288377192983,3.1556659689423396,1.636731700241179,0.91,1.0803170731707321,0.08925358028184845,HP
s0071,2,"('s0071', 2)",1,6.273435294117648,1.035607714135934,4.886,6.21015,5.904,6.789375000000001,6.9718333333333335,1.4899189919254,5.904,1.997352618937127,0.5229045217713161,0.7,0.7601641791044774,0.012299260899521746,LP
s0071,2,"('s0071', 2)",2,9.22769796869797,0.9359550590066039,,8.761666666666667,9.607000000000001,9.455,9.112928571428572,1.1888262184935936,9.607000000000001,0.6090200559681334,1.0839324876370766,0.7244999999999999,0.728108695652174,0.015224104986741413,HP
s0074,2,"('s0074', 2)",1,8.195907204468327,2.050207807394199,4.877,7.407358851674642,9.0186,8.062583333333333,8.4982,2.4548954041645348,9.0186,1.8017719731019113,1.0380054720472338,0.682,0.7672537313432837,0.02910101275421219,LP
s0074,2,"('s0074', 2)",2,8.300619414044686,1.7055826734005382,,9.735624999999999,8.54845714285714,7.7136,7.14682857142857,1.6639190325478581,8.54845714285714,1.2408306250250274,1.5222634929738073,0.688,0.7919999999999999,0.10643125526509778,HP
s0075,2,"('s0075', 2)",1,10.001574472646205,2.9385133481999612,4.977,7.129897959183675,11.415666666666667,10.737,10.742857142857144,3.3387715738338155,11.415666666666667,2.526,2.013898027534195,0.799,0.7971016949152543,0.021433511161221844,LP
s0075,2,"('s0075', 2)",2,8.150074004867106,2.478490602593671,,7.380427564102565,8.923131313131313,8.106399999999999,8.290664335664335,2.063403750374786,8.923131313131313,2.474384389432383,2.810560700956843,0.798,0.778170731707317,0.014724311761771813,HP
s0076,2,"('s0076', 2)",1,8.29649348078486,1.951718052890902,9.856,8.102659999999998,8.994925925925926,7.677165714285715,8.677,1.7838913488214463,8.994925925925926,2.577189333578385,1.3686556908148961,0.8205,0.8239090909090909,0.026105587741480894,LP
s0076,2,"('s0076', 2)",2,8.411129689542483,1.8356430555350949,,8.187111111111113,8.423444444444444,8.006282051282051,9.172333333333334,0.967835109726927,8.423444444444444,2.567699732687205,2.036541076324157,0.835,0.8401999999999998,0.027164784756448873,HP
s0077,2,"('s0077', 2)",1,5.10400925925926,0.6753333058485567,5.599,5.161092307692308,5.276545454545454,4.9931090909090905,4.959522727272727,0.7992158988769875,5.276545454545454,0.5153878447571459,0.654795578393342,0.831,0.8849999999999997,0.0764947737705079,LP
s0077,2,"('s0077', 2)",2,6.530550645994833,1.6327220078533038,,6.567241269841269,7.48132923076923,7.568642857142857,5.032862745098039,1.4882518896433354,7.48132923076923,1.2315743471057603,1.3776404335557328,0.837,0.8287027027027027,0.01715924064790335,HP
s0079,2,"('s0079', 2)",1,4.167099078341015,0.8988421773419047,5.677,3.729,4.347843750000001,4.100266666666666,4.486000000000001,0.9460004789903649,4.347843750000001,0.8416448551629258,0.941641096997978,0.785,0.8301076923076922,0.04368366720130943,LP
s0079,2,"('s0079', 2)",2,6.188761746399086,1.7310139878442583,,5.454625,7.069683035714286,6.819757575757575,5.744829186602871,1.3859805588012413,7.069683035714286,1.8927068403888463,1.7469997609051597,0.845,0.7844285714285713,0.021439931682585553,HP
s0081,2,"('s0081', 2)",1,5.962246558197746,1.4864143466905868,6.632,5.67796923076923,5.652306818181819,5.987375000000001,6.5702727272727275,1.4138300623508824,5.652306818181819,1.601044732159286,1.3021424891245472,0.954,1.1341636363636363,0.07316795470554469,LP
s0081,2,"('s0081', 2)",2,8.003854613547222,2.2822864021160867,,7.303163194444444,10.827272727272728,7.981184615384615,6.5389,2.154762268829935,10.827272727272728,2.374933902836084,0.7395760880396284,0.9884999999999999,1.4436842105263157,0.25434163314483144,HP
s0082,2,"('s0082', 2)",1,2.2596761871761872,0.5861475892046538,4.631,2.6619197324414716,2.226565772669221,2.067628507295174,2.124142857142857,0.8226498746730556,2.226565772669221,0.3240769470432023,0.4641054155412261,0.502,0.6205185185185187,0.020175783415959245,LP
s0082,2,"('s0082', 2)",2,2.711189990028128,1.2121068504402002,,2.8022315270935962,3.2719200000000006,2.382467281105991,2.490089855072464,0.9470665836586623,3.2719200000000006,0.6151553159604156,0.7672935235920839,0.501,0.578625,0.02898893579346265,HP
s0083,2,"('s0083', 2)",1,3.489048167349892,1.1404763350764284,4.034,4.823607843137254,3.2636125,2.7696140350877188,3.0684523809523805,1.1391809420640846,3.2636125,0.5564659966404518,0.5430412245326778,0.835,0.8187187499999996,0.021175068586974773,LP
s0083,2,"('s0083', 2)",2,6.51770959622682,3.490638569089123,,6.235651843512523,7.26026,5.159614583333333,7.6654,3.695391107796407,7.26026,2.0888628254476944,3.667072598136012,0.829,0.8112105263157894,0.029926760967650196,HP
s0084,2,"('s0084', 2)",1,4.165148492962781,0.8813022692871775,2.956,4.462673202614379,4.2910666666666675,3.9757884615384613,3.851742857142857,0.9790197099904956,4.2910666666666675,0.5716186308174648,0.9320503954142378,0.685,0.6983833333333334,0.008867703312416188,LP
s0084,2,"('s0084', 2)",2,4.662246354952236,0.6495932247689734,,4.63178835978836,4.647470588235294,4.259705882352942,5.1469615384615395,0.7290609003905382,4.647470588235294,0.43895621712607424,0.5895575414449011,0.693,0.683304347826087,0.008210702311521594,HP
s0085,2,"('s0085', 2)",1,5.522735991006572,1.9023699564446,4.877,6.0421916666666675,5.585999999999999,4.4680307692307695,6.125333333333334,1.9141110351624215,5.585999999999999,1.429328937903542,2.672590046295084,0.749,0.8733809523809521,0.04183529853922012,LP
s0085,2,"('s0085', 2)",2,5.794621229400477,2.5845475878955897,,4.796719772256729,7.362715416270972,5.7916605882352945,6.314795833333332,1.9809433325025438,7.362715416270972,3.3127832821963548,2.0255990667329273,0.7845,0.8547941176470593,0.04422760374741489,HP
s0088,2,"('s0088', 2)",1,5.1012971040723984,2.2087747603286574,7.731,6.181988095238096,6.3220925925925915,5.37024609375,2.785428571428571,2.191609576446627,6.3220925925925915,1.8097528032770434,0.5060881946567961,0.781,0.759111111111111,0.01494795053007905,LP
s0088,2,"('s0088', 2)",2,8.03417098765432,2.4999502769915023,,6.212975555555556,8.906727272727274,9.16311111111111,9.1371,2.723659133808827,8.906727272727274,2.605205832961911,0.9437715242578577,0.685,0.7304680851063828,0.016981172197531,HP
s0091,2,"('s0091', 2)",1,4.1191335419926975,1.359010798120095,7.727,5.286917647058824,3.703928571428572,3.1836079545454545,4.0025208333333335,1.4026624868590174,3.703928571428572,0.7711766981110442,1.30525789084112,0.692,0.8180158730158726,0.08518707494981359,LP
s0091,2,"('s0091', 2)",2,4.494449645948072,0.908355370849043,,4.66089947089947,4.4425255102040815,4.367023529411764,4.471529411764706,1.2417274643471516,4.4425255102040815,0.6590117909588852,0.8000196407623605,0.696,0.7969259259259258,0.04824667770180449,HP
s0092,2,"('s0092', 2)",1,3.3346622089070217,1.4071363946859308,7.441,2.7702592592592596,2.9809757085020245,4.321184615384616,4.002741071428572,1.795627953558156,2.9809757085020245,1.1274229005508052,1.2502566289818813,0.746,0.7521929824561403,0.016240771484625195,LP
s0092,2,"('s0092', 2)",2,3.6697575385114325,3.0299865730178217,,3.5489615384615383,2.0784096153846154,3.816997737355813,8.04306613756614,2.3095741445751297,2.0784096153846154,1.835612182902403,4.743301064973667,0.754,0.7636521739130433,0.03967569900426389,HP
s0093,2,"('s0093', 2)",1,8.850587301587304,2.0511965052253336,7.495,8.841249999999999,10.821399999999999,8.223166666666668,7.280294642857144,1.2583667241706606,10.821399999999999,1.5175877148363526,2.2675180564661157,0.7135,0.8798888888888887,0.07416114173099062,LP
s0093,2,"('s0093', 2)",2,10.171033389988379,1.800834524792724,,9.314939393939394,11.027,10.685125000000001,10.337333333333333,1.6403812615351328,11.027,2.771913415742815,0.3192076997122026,0.8875,1.1749166666666666,0.14253578020990484,HP
s0096,2,"('s0096', 2)",1,5.655850000000001,0.5538741982616631,5.548,5.441454545454546,5.8148,5.754909090909091,5.61575,0.5202751655940194,5.8148,0.3733712397127397,0.44254540727477887,0.7,0.7244615384615384,0.013657779748403267,LP
s0096,2,"('s0096', 2)",2,6.609180590568431,1.76519037139863,,5.0125,6.680153846153846,8.15135294117647,8.488533333333335,1.9656202770447326,6.680153846153846,1.5572217805283401,1.0180079807589373,0.708,0.7648292682926828,0.032264317776657364,HP
s0097,2,"('s0097', 2)",1,6.51457442977191,2.007112765597378,11.097,7.443999999999999,7.483341991341991,5.7284523809523815,5.3636285714285705,1.9741506343926056,7.483341991341991,1.652356141744569,0.9094810163954348,0.689,0.7084920634920636,0.013533063251363987,LP
s0097,2,"('s0097', 2)",2,8.310017738359203,1.1908611452385771,,7.803569230769232,8.332444444444445,8.821533333333335,9.043500000000002,1.1249268416449378,8.332444444444445,1.1705742294560677,0.26074556563822937,0.6935,0.7034285714285714,0.007471802083074918,HP
s0098,2,"('s0098', 2)",1,1.8460091318418461,0.5125941408603054,4.27,2.2418666666666667,2.0073461538461537,1.551898412698413,1.5518695652173913,0.7260980221552581,2.0073461538461537,0.235948483857213,0.19622154833311697,0.8165,0.7714000000000002,0.032594551691962265,LP
s0098,2,"('s0098', 2)",2,0.9087291666666666,0.950758173108516,,1.4382978723404258,1.138169811320755,0.5090222222222223,0.503127659574468,0.1857561791181641,1.138169811320755,0.0533668598326252,0.01503558477133582,0.831,0.831,0.0,HP
s0100,2,"('s0100', 2)",1,5.92614813757671,1.4917054034020287,6.454,6.214666666666666,5.842169642857144,6.187090909090909,5.228186948853615,1.9982398946159288,5.842169642857144,0.922956756058332,1.180517595044911,0.893,0.965225806451613,0.06855757972272272,LP
s0100,2,"('s0100', 2)",2,6.402486984406439,1.7720329692251031,,6.735746031746031,7.599986625514402,6.391468666666667,5.184754807692308,0.9000166571342851,7.599986625514402,2.51219800274943,1.4544646789732407,0.7975,0.9501111111111109,0.1187459796446003,HP
s0101,2,"('s0101', 2)",1,6.919286839826841,1.9104363531545656,5.625,6.589499999999999,9.641,6.571660714285715,5.303151515151514,0.7162154587366384,9.641,1.8721811694688566,0.8458853035371453,0.6795,0.7590757575757577,0.030124095272401858,LP
s0101,2,"('s0101', 2)",2,6.444941715194384,1.4641554498975886,,6.088525210084034,6.804552631578947,6.584272727272727,6.293140000000002,1.3957944446505701,6.804552631578947,1.2322054942927698,1.1973897355754883,0.683,0.8721764705882356,0.08737426428783958,HP
s0103,2,"('s0103', 2)",1,7.646236871823831,2.200512629194279,6.301,7.794522727272725,9.656714285714285,6.39696103896104,6.250142857142857,1.212249439690085,9.656714285714285,2.500421514810811,1.2157338088074836,0.7555000000000001,0.7746718750000002,0.018867005429860376,LP
s0103,2,"('s0103', 2)",2,8.095729703451628,1.1036304697521042,,7.459076923076924,9.220600000000001,8.357733333333334,7.553285714285714,1.1673424262985934,9.220600000000001,0.843726927915003,0.7187124826055694,0.701,0.7522340425531914,0.012464243572232445,HP
s0104,2,"('s0104', 2)",1,8.0782,2.046812215547456,5.866,7.793111111111112,8.33238,8.573142857142857,7.742138888888889,2.2725960898616195,8.33238,2.27890054497285,1.9566030249840012,0.704,0.8232807017543861,0.03684568699703886,LP
s0104,2,"('s0104', 2)",2,8.97213781024688,2.0123234380501684,,9.911513888888889,11.0618,8.024375,8.19955,2.227287245065019,11.0618,1.6901200354930412,1.9567820132809888,0.7044999999999999,0.7954130434782608,0.02539392065300943,HP
s0105,2,"('s0105', 2)",1,5.559231764705883,1.3463736184294346,7.985,5.242675213675215,4.753375,5.950871794871794,6.642875,1.4049632159254517,4.753375,1.1706356045354933,1.1713480948782904,0.835,0.9840338983050845,0.10591846138961682,LP
s0105,2,"('s0105', 2)",2,10.313370151515153,2.286075511847026,,7.205350427350427,11.254,12.0,12.0,1.2618610435206754,11.254,0.0,0.0,0.8565,1.002574074074074,0.10404786674727326,HP
s0106,2,"('s0106', 2)",1,5.136399656946827,0.9588380688795393,6.165,5.650846153846153,4.70348888888889,5.081133333333333,5.13315,0.7184076672275713,4.70348888888889,0.5025798116425959,1.048603735529617,0.855,0.924828125,0.05493244499411078,LP
s0106,2,"('s0106', 2)",2,4.791750331984647,1.0695766849939405,,4.34002557544757,4.849465384615385,5.688631578947369,4.43525,1.075680344688643,4.849465384615385,1.2963394865026394,0.7010594215186042,0.85,0.913586206896552,0.09687493337488565,HP
s0107,2,"('s0107', 2)",1,4.03637319189971,1.377208039885443,2.488,3.9773025210084025,4.531142857142858,4.1626562499999995,3.485785714285714,0.716936345575456,4.531142857142858,1.0581422284295896,0.8160668896403938,0.852,0.8615606060606062,0.024814593746510377,LP
s0107,2,"('s0107', 2)",2,4.507281491246329,0.9540858008716533,,4.099993421052632,4.6404434523809535,5.7240855614973265,4.336263157894739,0.8531225526669648,4.6404434523809535,2.480561788007524,0.6420745851170141,0.748,0.7532962962962962,0.024829780717233175,HP
s0108,2,"('s0108', 2)",1,4.566736192379215,1.937493072854646,3.42,5.950878321678323,5.6659,3.496086956521739,3.4294166666666666,2.5485828970422926,5.6659,0.8867246151783544,0.5656240592380146,0.827,0.866770491803279,0.02846802752105122,LP
s0108,2,"('s0108', 2)",2,4.757572280130412,1.9261552866811058,,3.78210576923077,4.830631578947369,4.856847222222221,5.920949082264486,0.6859956705160145,4.830631578947369,1.0587328859921057,3.4207253962531796,0.727,0.9175714285714286,0.08180264061545817,HP
s0109,2,"('s0109', 2)",1,4.816371120107962,1.1947530266935853,3.694,4.364177777777778,4.821357142857143,4.981473214285714,5.316233766233767,1.194650358684989,4.821357142857143,0.8130255438771965,1.2895981745671226,0.768,0.8151384615384614,0.03338856323288689,LP
s0109,2,"('s0109', 2)",2,7.165157986495075,2.5111006636785764,,8.072188051146384,8.097386666666667,6.589541176470589,6.057927696078431,2.337218188814117,8.097386666666667,2.3100685579484748,3.122684871317703,0.7855000000000001,0.7876749999999999,0.025649205336130788,HP
s0110,2,"('s0110', 2)",1,3.815116597823674,1.0546912778749369,3.161,4.1302,4.035523809523809,3.89082463768116,3.2103368421052636,0.9878616097409597,4.035523809523809,1.274800718601385,0.6665968656348737,0.84,0.8558032786885245,0.02678390355690966,LP
s0110,2,"('s0110', 2)",2,5.3917481666903875,1.9154496849649136,,5.117273809523811,5.39690731292517,5.605208333333333,5.529636134852801,1.3937633821795345,5.39690731292517,1.2461199774756397,2.146353012785617,0.7725,0.9653125,0.12217292462220171,HP
s0111,2,"('s0111', 2)",1,2.1903965960998906,0.5518336817240486,2.062,2.5292194444444442,2.3453461538461546,2.0121535947712417,1.8974017857142857,0.5079402405354857,2.3453461538461546,0.4870218143476494,0.4417912900062456,0.677,0.6896949152542371,0.01092320623691947,LP
s0111,2,"('s0111', 2)",2,2.7661856702619416,0.5624649380752965,,2.863336363636364,2.6534516129032264,2.7621290322580645,2.79125,0.6101636682161756,2.6534516129032264,0.48886304843470213,0.6050897477933463,0.687,0.6793529411764706,0.019289084920467343,HP
s0113,2,"('s0113', 2)",1,4.2289637798931965,1.3600941893616694,8.391,4.546383900928793,4.256714285714285,3.5916666666666663,4.747371794871796,1.8877192951945474,4.256714285714285,0.4337450351941282,2.356985736799859,0.879,0.9112033898305085,0.03497480341998508,LP
s0113,2,"('s0113', 2)",2,5.590607422903072,1.5782318459502993,,4.770666666666667,6.320157179487179,5.2583833333333345,6.166064285714287,1.2200837207807855,6.320157179487179,1.2779150870547786,1.3169289014907497,0.877,0.8838709677419354,0.07079006705773394,HP
s0114,2,"('s0114', 2)",1,7.574712207137537,2.600204112497582,12.0,8.037577540106952,6.7734351851851855,9.032,7.072333333333333,3.0934911189158223,6.7734351851851855,1.5028177534218845,2.6418013826657267,0.832,0.9027586206896554,0.038456797496527945,LP
s0114,2,"('s0114', 2)",2,9.824045643576115,2.243771842472408,,10.292626262626262,8.750882352941177,8.6019,11.354800000000001,1.9756611913859772,8.750882352941177,1.707076123082975,1.1657626516577035,0.833,0.8637254901960787,0.00972351649926083,HP
s0115,2,"('s0115', 2)",1,10.15239648337596,2.8401879585329937,7.974,9.4721875,11.22475,9.077223076923076,10.9972,2.053311021823959,11.22475,3.8272468941392095,3.0084,0.891,0.9955892857142858,0.05660655011398606,LP
s0115,2,"('s0115', 2)",2,11.112905172413793,1.4239330789828295,,10.427299999999999,12.0,12.0,9.696,1.8017870046151403,12.0,0.0,0.4900000000000002,0.817,0.8750555555555557,0.033333738852128654,HP
s0116,2,"('s0116', 2)",1,5.914662342342343,0.9597629393141824,0.975,5.9521291666666665,6.0337,5.8313749999999995,5.725285714285714,1.3039105238279607,6.0337,0.6063517826930173,1.2428034009316788,0.729,0.7534461538461539,0.009253076399195028,LP
s0116,2,"('s0116', 2)",2,5.632096153846153,0.3533936168732334,,5.631785714285714,5.588142857142858,5.742166666666666,5.573666666666666,0.34566275442390126,5.588142857142858,0.4646232942455164,0.3464241940486002,0.7315,0.7494062500000002,0.01456054569605126,HP
s0117,2,"('s0117', 2)",1,7.623474734042555,1.8985850622827871,11.22,6.952583333333335,7.402833333333332,9.059921428571426,7.317111111111112,2.057915509212066,7.402833333333332,1.967629988691461,1.2098727001702634,0.712,0.7738245614035089,0.012752639249273456,LP
s0117,2,"('s0117', 2)",2,11.640278388278388,1.0631416896022359,,11.442181818181819,12.0,11.6365,12.0,1.76397597479938,12.0,0.6296004685512872,0.0,0.705,0.7661833333333333,0.01781835027384638,HP
s0119,2,"('s0119', 2)",1,3.308529411764706,0.4020433643054029,3.835,3.5011578947368425,3.1827499999999995,3.2077647058823535,3.312625,0.4847162233456967,3.1827499999999995,0.24886200509088297,0.3830549691297583,0.772,0.7408095238095236,0.01438970715579919,LP
s0119,2,"('s0119', 2)",2,3.9110693436454844,0.9191124742426875,,3.8870057142857135,3.9420909090909086,3.5443507142857147,4.383870098039217,0.5798940149189121,3.9420909090909086,1.0239898649049517,1.1813436448151269,0.7665,0.7511818181818183,0.020958305358165306,HP
s0120,2,"('s0120', 2)",1,6.466302469135804,1.608218340360438,5.817,5.44720979020979,5.932410714285714,6.85,8.579888888888888,0.9484184911260144,5.932410714285714,1.3183767567456857,1.3264425643589735,0.6815,0.7474999999999999,0.018021662158965914,LP
s0120,2,"('s0120', 2)",2,7.6053591404958665,1.5975633199551242,,7.127432539682539,8.686000000000002,7.027614285714285,7.49736507936508,1.154914447207991,8.686000000000002,1.2238600794541967,1.9546334110208397,0.791,0.772921052631579,0.018315123308323532,HP
s0121,2,"('s0121', 2)",1,11.66674,0.9971806418096978,12.0,12.0,11.067785714285716,12.0,11.598666666666666,0.0,11.067785714285716,0.0,0.5675710430324025,0.8135,0.7972241379310345,0.014346299723521166,LP
s0121,2,"('s0121', 2)",2,11.65691304347826,0.905165270186393,,12.0,11.601,12.0,10.96775,0.0,11.601,0.0,1.7879094461129734,0.8245,0.802,0.020398039121444982,HP
s0122,2,"('s0122', 2)",1,4.938628571428571,1.757155222974121,9.728,5.789215384615384,4.793466666666668,5.039846153846154,4.097090909090909,3.3005942891094286,4.793466666666668,0.27579531042865446,0.8458633517994236,0.685,0.7256153846153847,0.011677494509331855,LP
s0122,2,"('s0122', 2)",2,5.8674270078180495,3.1303112341725474,,4.421684210526315,4.000995789473684,6.5487222222222226,12.0,0.7373304659828468,4.000995789473684,3.107096012793304,0.0,0.6884999999999999,0.7307222222222225,0.012801524498764018,HP
s0124,2,"('s0124', 2)",1,10.580921161937642,3.2894687047034084,7.528,9.391269841269843,11.276266666666668,10.012027777777776,12.0,4.107037849282578,11.276266666666668,3.3321000217256316,0.0,0.73,0.7693278688524591,0.02726454473838087,LP
s0124,2,"('s0124', 2)",2,11.325665573508235,2.0085715741337378,,10.770291666666669,12.0,11.460857142857144,11.1463,2.691941763225427,12.0,1.3206248984662443,2.5610999999999997,0.6915,0.7376833333333332,0.016270516820082657,HP
s0126,2,"('s0126', 2)",1,5.726300291545188,1.4767108184447855,4.372,4.364156862745099,6.4302,7.283857142857142,5.595,0.7743596816535258,6.4302,1.4430578078284646,0.8521089132264724,0.844,0.8899180327868854,0.04816905805354901,LP
s0126,2,"('s0126', 2)",2,7.265880496259808,1.2978478594582101,,6.922868131868133,7.2482000000000015,7.651111111111112,7.637666666666666,1.4440945237759917,7.2482000000000015,0.9088061086996924,2.062934088999344,0.7184999999999999,0.8958157894736839,0.07729104486748756,HP
s0128,2,"('s0128', 2)",1,3.272972601217906,1.3180074361406888,12.0,3.506888888888889,3.1057125000000005,2.926292642140468,3.6812857142857145,2.2619333569899545,3.1057125000000005,0.7576399097030856,0.9198706763586333,0.732,0.7834999999999999,0.022548681902842024,LP
s0128,2,"('s0128', 2)",2,9.879993715013336,3.0289584062373835,,7.988948717948717,8.642869078947369,12.0,11.188583333333334,1.9537627988814887,8.642869078947369,0.0,2.6911646319742113,0.7024999999999999,0.7807407407407408,0.026477676302437688,HP
s0129,2,"('s0129', 2)",1,3.982314719726144,2.656430790662795,5.848,5.451152777777778,4.202097619047619,3.4763344827586207,2.867758064516129,1.817857886663145,4.202097619047619,2.4237455917017567,1.8170292103168406,1.054,1.0651636363636363,0.02029388644881989,LP
s0129,2,"('s0129', 2)",2,6.470000127803923,2.504271353007573,,5.202717391304347,7.202185000000001,7.2808,7.000398437500002,2.39161467798607,7.202185000000001,0.7710265624477539,2.1220808565085494,1.057,1.1104878048780487,0.02070604213235108,HP
s0130,2,"('s0130', 2)",1,6.712774774774775,1.4511735038366582,12.0,7.2274,6.592111111111111,6.569392857142857,6.405250000000001,2.1073499566991716,6.592111111111111,1.287123735290815,0.6317538583182537,0.711,0.7304000000000002,0.013940532430450583,LP
s0130,2,"('s0130', 2)",2,10.772162957673906,2.776388337471826,,8.446006172839505,12.0,11.369799999999998,12.0,3.663373613297124,12.0,2.3579924851449374,0.0,0.717,0.7087758620689653,0.007322535504921588,HP
s0131,2,"('s0131', 2)",1,5.809717948717948,1.9107103356816393,5.319,6.397398601398602,5.699946428571429,6.085571428571429,5.529163636363636,1.915681602447569,5.699946428571429,1.4055634718750298,1.9501995959727387,0.802,0.811769230769231,0.013069169995435628,LP
s0131,2,"('s0131', 2)",2,9.795865617433416,2.9192476000140175,,7.035419642857144,12.0,11.34857142857143,9.479,1.8110892225713673,12.0,1.5956676038701842,3.2917274087222554,0.826,0.8520576923076925,0.031403668489081715,HP
s0133,2,"('s0133', 2)",1,3.1922590608465606,1.0509831803542233,2.773,3.83745,3.1539269230769236,2.7120171428571433,3.1285696594427246,1.4048481092274712,3.1539269230769236,0.546404941143583,0.6887269567825518,0.7815000000000001,0.7978571428571427,0.047809374004596325,LP
s0133,2,"('s0133', 2)",2,4.930153839419008,1.4885594221106417,,5.713183558068726,4.607345936213993,4.681555555555555,4.796874074074074,2.3526758061173827,4.607345936213993,0.5874652603335498,0.9612893226913732,0.824,0.8221481481481483,0.03796427111399999,HP
s0134,2,"('s0134', 2)",1,3.4273444852941175,1.5439730757434227,6.379,5.138325956937799,4.242442857142857,2.335031746031746,2.4807248520710057,1.3372181314030376,4.242442857142857,0.4956000041077024,0.567500836511759,0.827,0.8493606557377047,0.049352905036834295,LP
s0134,2,"('s0134', 2)",2,5.357065147437108,1.6454420508409557,,4.127173913043478,6.9525494505494505,5.761769696969697,5.124081250000001,1.0937731921386673,6.9525494505494505,1.3366333040085292,0.9315032539655661,0.828,0.8114687500000001,0.02618869270758702,HP
s0136,2,"('s0136', 2)",1,6.5695428571428565,1.2243750516940812,7.342,7.148545454545454,6.8786249999999995,6.6191111111111125,5.325714285714286,1.0013049089369115,6.8786249999999995,1.3325987513496949,0.44667780471441576,0.915,1.1996406250000002,0.11460814558642644,LP
s0136,2,"('s0136', 2)",2,6.62994523326572,1.3288356712116234,,6.669487179487179,5.978937500000002,7.494914285714286,7.199944444444444,1.9446772044025231,5.978937500000002,1.6961080806435922,1.2915521872805356,0.926,1.028388888888889,0.054018447891623356,HP
s0137,2,"('s0137', 2)",1,4.537142337662338,1.5115458613316446,8.444,4.518769230769232,5.007828331332534,4.208541176470588,4.451545454545455,1.550547365081424,5.007828331332534,1.0522441290537228,1.006990779377878,0.801,0.7800344827586206,0.01655782871472824,LP
s0137,2,"('s0137', 2)",2,8.966721002371893,2.4570102286608027,,7.9294375,8.79759193747429,8.481729166666666,11.156666666666666,2.369660973960287,8.79759193747429,1.9493519194378353,1.207413580988534,0.82,0.8549777777777777,0.042019859959326035,HP
s0141,2,"('s0141', 2)",1,4.09776029065369,2.2198547758966836,6.436,5.625384615384616,3.535727272727273,3.5856250000000003,4.595642045454546,2.0953913729700147,3.535727272727273,2.1745966831518437,3.4889052434832486,0.669,0.7174126984126985,0.012591567061272433,LP
s0141,2,"('s0141', 2)",2,10.45207003166325,3.0987196898070257,,7.7383193277310935,12.0,12.0,11.1191,3.804394922607464,12.0,0.0,2.6427,0.7115,0.7892241379310344,0.022436010780184746,HP
s0142,2,"('s0142', 2)",1,7.819914285714287,1.1606778725148073,8.981,8.558700000000002,8.108878787878787,8.126857142857142,6.594444444444445,0.7105804387963408,8.108878787878787,1.0729773567803123,0.7979909650158414,0.693,0.7773928571428577,0.06171242390633382,LP
s0142,2,"('s0142', 2)",2,8.920528767564335,1.730351631062881,,8.210354248366013,9.337607142857141,9.834,8.18815625,2.423265050956629,9.337607142857141,0.9692571038343404,1.2673886565832668,0.708,0.7154545454545455,0.01214795388620394,HP
s0143,2,"('s0143', 2)",1,4.051465565593827,1.506833056101173,5.377,5.143189300411524,3.7635679687500003,4.45075,3.0879824561403506,1.9690668794350257,3.7635679687500003,1.183050572920801,0.8796595492002747,0.685,0.742561403508772,0.01540572692225172,LP
s0143,2,"('s0143', 2)",2,5.564112975926746,1.974490080334747,,4.652076537433155,4.948270740740741,7.024528888888889,6.163666666666667,1.9952989552813472,4.948270740740741,1.9068800685496976,0.7881894794753072,0.67,0.7281249999999999,0.022544996240158252,HP
s0145,2,"('s0145', 2)",1,4.223812321937322,1.7622037065613727,11.211,6.426098901098902,3.995470588235294,3.7180526315789475,3.2486842105263163,2.6771089131889494,3.995470588235294,0.6790498372287879,0.6186484585890458,0.782,0.7723833333333334,0.013378674815347548,LP
s0145,2,"('s0145', 2)",2,5.672495580225083,1.6272743539318657,,5.05164705882353,6.695515598290598,6.064169934640523,4.988395833333334,1.268514181384545,6.695515598290598,1.5611958663837546,0.8057661573064588,0.797,0.7958000000000002,0.014901844838537162,HP
s0146,2,"('s0146', 2)",1,5.752990237729367,2.3999329224511294,12.0,8.3732,7.1640041666666665,4.0271681818181815,4.151942307692308,2.545116941461489,7.1640041666666665,1.1419052547412964,0.6201104248271351,0.807,0.8877966101694917,0.034418681916134154,LP
s0146,2,"('s0146', 2)",2,8.735755702099949,3.5164159349761293,,6.296598496240602,11.323,9.51568125,9.369076923076923,1.9763346128509274,11.323,3.8695848337901104,4.198198486558773,0.998,1.573023255813954,0.2635471895771006,HP
s0147,2,"('s0147', 2)",1,6.403324324324325,1.1988640130726926,12.0,6.337249999999999,6.6396999999999995,6.349000000000001,6.2410000000000005,1.8646640950852251,6.6396999999999995,0.6044342395993133,0.5530946702741893,0.6935,0.79169696969697,0.02924403331808648,LP
s0147,2,"('s0147', 2)",2,6.9477292517006815,0.8954938849202527,,7.202596153846153,6.900681818181818,6.98135064935065,6.649727272727274,1.006033314168063,6.900681818181818,1.0809308610617439,0.7457989115900652,0.684,0.7102500000000003,0.026920780774338616,HP
s0148,2,"('s0148', 2)",1,5.634514446933565,1.7563023272730194,8.838,7.838962962962962,4.820733703703704,5.58,4.684506493506492,2.0831980130537815,4.820733703703704,0.9788601905927491,0.47959345942315645,0.72,0.7698196721311472,0.013369081285730418,LP
s0148,2,"('s0148', 2)",2,8.57989506046321,2.353937797825193,,7.188529761904762,9.142249999999999,10.546999999999999,8.380375,2.297158500775612,9.142249999999999,0.5606697780333805,2.4905601748150956,1.092,1.1841463414634148,0.06997220116816673,HP
s0150,2,"('s0150', 2)",1,6.772108948989931,2.0987494021174373,12.0,9.630374999999999,6.452992727272727,6.170375,5.352386363636364,2.237539772691203,6.452992727272727,0.8166278126386587,1.245301938850558,0.827,0.8464754098360657,0.028371452569657465,LP
s0150,2,"('s0150', 2)",2,6.703224455045204,1.3673495262914306,,7.608256410256411,7.2778846153846155,5.868231040564374,6.014818181818183,1.8373005056138736,7.2778846153846155,1.3209050747353228,0.5791535858760247,0.829,0.8007999999999998,0.02395133842282927,HP
s0151,2,"('s0151', 2)",1,3.4332745387175585,2.5101854829745855,12.0,5.081156565656565,4.2369322025106335,2.0041707355707357,2.971534074074075,2.5120075855440067,4.2369322025106335,1.444905448209968,1.8392222067700232,0.757,0.7691764705882349,0.04279720430781279,LP
s0151,2,"('s0151', 2)",2,4.6796725967988175,2.844098487169785,,4.437348765182187,4.9102187439753235,3.863377272727273,6.211900883838384,2.984911701408427,4.9102187439753235,2.227496212745413,3.4194894369988478,0.773,0.7341851851851849,0.027665552907178804,HP
s0153,2,"('s0153', 2)",1,6.285898538216526,2.4122392566818895,9.27,7.531145748987856,7.904795454545455,5.131727564102564,5.2751111111111095,3.158663947527989,7.904795454545455,2.293412155894427,0.3922647757841477,0.7064999999999999,0.7950000000000003,0.03601043549922369,LP
s0153,2,"('s0153', 2)",2,10.026576839725335,3.4518355888881502,,11.469142857142856,9.635522727272729,8.898045454545452,10.607576923076923,0.9569042986290185,9.635522727272729,4.228077212648286,2.9242695363126012,0.722,0.7870740740740743,0.024457289720541828,HP
s0154,2,"('s0154', 2)",1,4.847860502366218,1.80507064305213,5.263,6.2531880341880335,4.08545199506376,4.853213333333334,4.3144074074074075,2.0236371416048033,4.08545199506376,2.1257995972862127,1.2038338220270444,0.695,0.9022131147540986,0.07110292139710922,LP
s0154,2,"('s0154', 2)",2,5.1055999000999,1.6276535597092763,,5.186452333333333,4.923948611111111,4.446690276110445,6.4179940476190485,1.229097533583573,4.923948611111111,1.0337601006460635,2.5808226620711094,0.676,0.6684285714285716,0.015315011024554166,HP
s0155,2,"('s0155', 2)",1,5.4374839999999995,1.6312490091166332,4.145,5.750637362637363,4.994619999999999,5.792000000000002,5.34,2.2305486956977107,4.994619999999999,2.11831385776518,0.4570210607838548,0.8385,0.8583000000000001,0.021920884258320117,LP
s0155,2,"('s0155', 2)",2,10.211255168408826,2.142011689370017,,9.324389204545454,12.0,10.958766666666667,9.507000000000001,2.432381468241063,12.0,2.126568851198778,1.5976249559893587,0.88,0.8816481481481483,0.021383190797959167,HP
s0156,2,"('s0156', 2)",1,6.14621052631579,1.6353947400180395,8.829,6.866200000000001,6.181111111111113,6.321555555555555,5.237,1.8669177700155946,6.181111111111113,0.9626345921608528,0.5034896225345662,0.7585,0.7608500000000002,0.0171857147557693,LP
s0156,2,"('s0156', 2)",2,9.46053476433018,2.894099776915182,,7.826015384615385,7.911898148148148,12.0,12.0,2.7600302980071,7.911898148148148,0.0,0.0,0.7415,0.6863125000000002,0.016498241600590602,HP
s0157,2,"('s0157', 2)",1,3.2990326563122254,0.9191206807029266,4.481,3.932428571428572,3.4750526315789476,2.742125,3.199266666666667,0.6346713113646998,3.4750526315789476,0.5387603682296981,1.0171020506913098,0.7124999999999999,0.8144444444444446,0.049289643001129396,LP
s0157,2,"('s0157', 2)",2,5.987548774478089,1.7208232792261697,,4.46990579710145,7.003293447293447,6.578733333333334,6.161535714285713,1.799122788011759,7.003293447293447,0.9182842672917552,0.9335345511807793,0.7175,0.7819166666666666,0.049230300550412553,HP
s0158,2,"('s0158', 2)",1,5.54028801843318,2.0783749500930813,7.894,7.340409090909091,7.177527777777777,4.5838333333333345,3.6295555555555556,1.7943708357753119,7.177527777777777,1.463637405765361,0.9650271051013266,0.802,0.8392419354838709,0.01842463182818303,LP
s0158,2,"('s0158', 2)",2,6.589499341440211,2.23686966116092,,5.319935265700484,7.104105263157894,7.197385416666666,7.318314903846154,1.4838721006859334,7.104105263157894,1.8562816011327574,2.7280279320407734,0.801,0.7814444444444442,0.02018935991487325,HP
s0159,2,"('s0159', 2)",1,6.228605263157895,1.3535681799846784,4.712,5.829363636363636,6.159888888888889,6.965555555555556,6.048333333333333,0.7555368076861612,6.159888888888889,2.013046122511361,0.7521506941209765,0.734,0.7758688524590166,0.013756579143003891,LP
s0159,2,"('s0159', 2)",2,6.867395371015107,1.4161733293817385,,6.1293696263227515,6.675482683982684,7.930416666666667,7.113562500000001,1.4311660002383215,6.675482683982684,1.1121624175701836,1.0929963957368523,0.7525,0.7581111111111113,0.01843891222998162,HP
s0160,2,"('s0160', 2)",1,4.755048232323232,1.2871076818956737,2.411,3.8841506666666668,4.3531768518518525,5.748384615384615,5.180444444444445,1.3210445735475982,4.3531768518518525,1.0244506624349041,0.40760959292798005,0.7075,0.7896250000000001,0.0163564347883142,LP
s0160,2,"('s0160', 2)",2,7.2727693065405825,0.9345800018815169,,7.760458333333334,7.088923076923077,7.094,6.957090909090908,1.0311060396150127,7.088923076923077,0.1689412408417284,1.1756076536718791,0.7104999999999999,0.7717777777777778,0.018643343196482712,HP
s0162,2,"('s0162', 2)",1,4.609599826388888,1.1730817587463127,3.927,5.012960784313726,5.044132653061226,4.169329545454546,4.072011904761906,1.252457896608048,5.044132653061226,0.9651554893759455,0.7508211297678666,0.693,0.8230895522388062,0.03819246222479358,LP
s0162,2,"('s0162', 2)",2,6.232123698714022,1.5106531671209757,,6.942589898989898,6.388993526785715,5.953861904761904,5.820866666666667,1.5433981314251102,6.388993526785715,1.1496045489754045,1.9899218609094316,0.726,0.911787878787879,0.06714604175231886,HP
s0164,2,"('s0164', 2)",1,8.22853737839222,2.665108845907277,7.856,10.193666666666667,9.874575,7.791444444444444,4.978033333333335,1.5288516024200065,9.874575,2.1635060722566415,1.0748179220479883,0.842,0.94655737704918,0.06398747074259528,LP
s0164,2,"('s0164', 2)",2,8.663392576414044,2.028267609025334,,7.217969696969698,8.994958333333333,9.808999999999997,8.83361111111111,1.9413921915743786,8.994958333333333,0.9429894712334504,0.925274742314645,0.721,0.8326222222222222,0.035796120748357654,HP
s0165,2,"('s0165', 2)",1,9.47638737967797,3.2462527262768623,8.081,7.92092849002849,9.298298701298702,11.88,9.738333333333333,3.7273189344159876,9.298298701298702,0.20784609690826547,2.7925931298506206,0.887,1.0040196078431372,0.04758785549826291,LP
s0165,2,"('s0165', 2)",2,9.8820556659493,2.9043729391090896,,8.35006375558036,10.715148717948717,11.256642857142857,10.1586,3.096058607296311,10.715148717948717,2.680212294553838,1.4888000000000001,0.9684999999999999,1.00816,0.0486795181570237,HP
s0166,2,"('s0166', 2)",1,3.778475848385331,0.8725549151260787,4.289,3.818714285714286,3.544914705882353,3.890764705882353,3.9294999999999995,0.8115253211938463,3.544914705882353,0.6517199443113191,1.119193303232288,0.8374999999999999,0.923392857142857,0.06592450207304351,LP
s0166,2,"('s0166', 2)",2,5.465079227286124,1.617184254390027,,4.793271167557932,5.989321428571429,4.92727356902357,6.680307692307691,1.1025782819679708,5.989321428571429,1.4031162910658066,1.1426876360276992,0.713,0.7473636363636365,0.02499582401051767,HP
s0167,2,"('s0167', 2)",1,1.4925058354019598,0.6811986691887066,4.956,1.6870110229276898,1.3718285714285714,1.2498372093023258,1.9723407407407407,1.1810075606633952,1.3718285714285714,0.1752352478921976,0.6930780583793276,0.7855000000000001,0.7649999999999999,0.032382846698994494,LP
s0167,2,"('s0167', 2)",2,2.5034130088008792,0.9742681814186074,,2.726200484848485,2.8250474137931043,2.3380804597701146,2.152117838541667,1.1740675312980295,2.8250474137931043,0.7770339798147582,1.0956395540222323,0.502,0.5924444444444444,0.04006554985673303,HP
s0169,2,"('s0169', 2)",1,4.634725142857143,1.6763518711422494,4.913,6.288953125000001,4.57870588235294,4.357333333333333,3.362469999999999,2.0505714358265443,4.57870588235294,0.4903733838164095,0.9286292420013489,0.704,0.755655737704918,0.014934631105573207,LP
s0169,2,"('s0169', 2)",2,9.401454234262639,3.2450444609115916,,6.288060107655503,11.0535,9.048214285714286,12.0,1.7933196277730217,11.0535,4.160974219348352,0.0,0.712,0.8285094339622641,0.08226423586044392,HP
s0171,2,"('s0171', 2)",1,2.7429791101123593,0.7595849694654114,4.996,2.8869125874125876,2.811892976588629,2.4813048593350384,2.8374210526315786,0.9418224314376037,2.811892976588629,0.5146093665640135,0.3429708159733395,0.697,0.7345423728813562,0.01486938868708289,LP
s0171,2,"('s0171', 2)",2,3.1717807292408495,0.7707338150575531,,3.5722841435185195,3.2431990740740737,3.058803240740741,2.8321250000000004,0.914582531052609,3.2431990740740737,0.7784984200301871,0.5382542237409754,0.7004999999999999,0.7533888888888889,0.036083248985350806,HP
s0172,2,"('s0172', 2)",1,9.331567741935485,2.0649610374705,7.494,9.526,11.546500000000002,10.011,7.255333333333333,1.6880835287390252,11.546500000000002,1.6475737717423558,1.186792128199187,0.8274999999999999,1.0473035714285714,0.11950614769335896,LP
s0172,2,"('s0172', 2)",2,10.736099438016527,2.0312350553490908,,9.408590909090908,11.886,10.744517857142856,12.0,2.0265157662417645,11.886,2.4260373700975197,0.0,0.84,0.9417636363636365,0.06701166033300493,HP
s0173,2,"('s0173', 2)",1,3.975200600729457,1.2606511378838423,2.824,4.446898785425102,3.977835555555555,3.7492474916387954,3.8071647058823532,1.6655630851352725,3.977835555555555,1.2978477368753383,0.7496501172961746,0.75,0.804050847457627,0.017030911682329047,LP
s0173,2,"('s0173', 2)",2,5.271444897918576,1.858067589555009,,4.610402097902097,4.6385630110630105,6.1305042105263166,6.20056,2.280417086755409,4.6385630110630105,2.13792282404235,0.7873273057629845,0.763,0.7867500000000001,0.016538039531432066,HP
s0174,2,"('s0174', 2)",1,6.21001380975367,2.9577995754019573,6.997,5.961651909722222,6.382583994708995,5.495319714285714,7.261200000000001,2.0066590670744366,6.382583994708995,3.6637686628170063,1.5385233699882497,0.885,0.8923666666666665,0.01775654756650294,LP
s0174,2,"('s0174', 2)",2,11.153326249999997,1.4289372128068716,,10.950857142857144,11.883,10.63865625,12.0,1.2360202759052863,11.883,2.056308351898114,0.0,0.822,0.9403392857142858,0.10043637656619234,HP
s0177,2,"('s0177', 2)",1,6.86860444573284,1.8374125116628064,6.661,8.30424,6.802157894736842,6.075000000000001,6.03565,1.8746432893753415,6.802157894736842,1.138975172883257,1.7620231631564895,0.782,0.8214920634920637,0.033635402837175664,LP
s0177,2,"('s0177', 2)",2,6.1532217766116934,1.3739742659112468,,7.027219780219781,6.040990384615385,5.796600000000001,5.6890307692307704,1.7424527288096558,6.040990384615385,1.3000218723434727,0.5862782738920741,0.838,1.004454545454546,0.16229531909006945,HP
s0178,2,"('s0178', 2)",1,9.623870566658939,3.0706667613713994,6.249,7.562539682539684,9.26201568627451,11.779333333333332,11.236285714285714,2.8559176176671284,9.26201568627451,0.3120697927636633,1.06774110215187,0.866,1.0386226415094337,0.06973068380372083,LP
s0178,2,"('s0178', 2)",2,11.453916058916061,1.950609337626241,,11.439444444444446,10.767289772727272,12.0,12.0,1.5854905382605038,10.767289772727272,0.0,0.0,0.87,1.0629322033898303,0.11676106187380107,HP
s0179,2,"('s0179', 2)",1,9.513028708133973,2.243252089839611,5.541,9.088777777777777,10.052200000000001,9.412277777777778,9.233125000000001,1.6159589879131477,10.052200000000001,3.1296151131046193,2.529818740418965,0.8325,0.8374285714285714,0.01612291073996451,LP
s0179,2,"('s0179', 2)",2,8.204424473237669,1.7415927016965034,,7.165004048582996,9.344687500000001,7.9609579831932775,8.764625,1.7330533858021473,9.344687500000001,1.7414448912207812,0.732758646741886,0.826,0.8378913043478261,0.011157500561151158,HP
s0180,2,"('s0180', 2)",1,4.324201726001175,3.1166428645223907,12.0,5.286224218750001,3.247058540723982,5.28557142857143,3.654875587406015,4.410199316521273,3.247058540723982,2.3547512369155053,2.9972337758352134,0.8174999999999999,0.8645666666666665,0.02238787328824179,LP
s0180,2,"('s0180', 2)",2,7.162134799045271,3.3062474691542962,,4.660596901953882,7.672369345238096,10.361125000000001,8.82242857142857,2.1524084094115907,7.672369345238096,3.2338838757560544,2.23577061544738,0.9515,1.5669166666666665,0.2885628084245511,HP
s0181,2,"('s0181', 2)",1,2.7699473778735633,0.6496815872376001,6.91,2.885777142857143,2.3274761904761903,2.811411764705883,3.0731875,0.9932791627214369,2.3274761904761903,0.24988069125402973,0.2591134449304976,0.94,0.9544237288135592,0.027083697858324828,LP
s0181,2,"('s0181', 2)",2,4.302890725869943,0.8242260346280486,,4.1500260869565215,4.303812499999999,4.40221052631579,4.370111111111112,1.4482041740563572,4.303812499999999,0.33870489856252345,0.25412855209057944,1.0245,1.03775,0.05167037117095682,HP
s0182,2,"('s0182', 2)",1,4.924327549410568,1.691239653547751,10.587,6.890818181818181,4.550944444444446,4.413399999999999,3.864127819548872,1.8247302574344229,4.550944444444446,0.9818498983333163,0.6956986580121506,0.7264999999999999,0.7770312500000002,0.02041120212631316,LP
s0182,2,"('s0182', 2)",2,7.464757516234974,2.717072230784978,,5.398187742082478,8.963945005611672,8.294944444444445,8.724437499999999,2.286058167093684,8.963945005611672,1.9606783823809053,2.962217243230778,0.7384999999999999,0.7865476190476189,0.01892658577128997,HP
s0185,2,"('s0185', 2)",1,3.514018623248019,2.8205412257823355,5.428,4.3501541005291005,2.58918112244898,2.868693356643357,3.896638024475524,2.35851732793585,2.58918112244898,2.305663918808274,3.5693349256838904,0.796,0.880612244897959,0.056856753271784015,LP
s0185,2,"('s0185', 2)",2,5.161374121182911,3.0950697710382573,,4.044702093397747,5.407602051282053,6.198101010101011,5.167602962962962,2.819238706723282,5.407602051282053,2.999418458881732,1.8177624359284967,0.8545,0.8470333333333334,0.047694082636303196,HP
s0187,2,"('s0187', 2)",1,7.254742371569998,2.9230064737473747,7.238,7.5293214285714285,8.412256944444444,6.422864583333334,7.194263888888888,2.2817720628239084,8.412256944444444,1.6420930455379172,3.4481975363669495,0.691,0.7389275362318841,0.030368038054552477,LP
s0187,2,"('s0187', 2)",2,8.42943482129335,2.9411092797592984,,7.385165182186236,7.7817928571428565,9.644874999999999,8.900937500000001,3.3306963297081045,7.7817928571428565,2.246486225057924,3.2809803311805683,0.693,0.8521739130434783,0.07219629894024363,HP
s0188,2,"('s0188', 2)",1,9.607166666666666,1.1691016142760748,5.407,9.488422222222223,10.144499999999999,9.1062,9.632333333333333,1.8285121880174593,10.144499999999999,0.6253979213268941,0.4096098414616309,0.744,0.7494090909090908,0.017968649073548663,LP
s0188,2,"('s0188', 2)",2,11.86191304347826,0.6476852370956178,,11.603,12.0,12.0,12.0,1.0503632704926424,12.0,0.0,0.0,0.739,0.7200655737704917,0.024519196707412993,HP
s0190,2,"('s0190', 2)",1,6.3077890024038465,2.0911738347044158,7.639,7.242093333333333,6.439605769230769,5.013703125,6.1797499999999985,2.21557876967221,6.439605769230769,1.6827269690862607,1.8321435135290758,0.669,0.7037611940298505,0.010585217093607314,LP
s0190,2,"('s0190', 2)",2,9.36180439602815,2.034284317270235,,8.691077136381171,9.530444444444445,9.435944444444443,9.821444444444445,2.4306032296030886,9.530444444444445,1.545870441802775,1.9270249730902764,0.686,0.7754042553191488,0.029766233624172637,HP
s0192,2,"('s0192', 2)",1,3.639727874478,1.032599884841841,3.594,4.170259285714285,3.52588,3.246107085346216,3.71325,0.7659508865639243,3.52588,0.7490335511006401,0.9963640461698726,0.689,0.7161803278688527,0.013957907085995954,LP
s0192,2,"('s0192', 2)",2,4.758419019675294,1.4560137911998892,,4.14207410117057,5.320212433257057,4.589025946275947,4.9056718749999995,1.1277023500681895,5.320212433257057,1.0482047596682909,0.8569350189535868,0.687,0.7021481481481481,0.01383041554866824,HP
s0194,2,"('s0194', 2)",1,3.50963184079602,0.6421496925506388,6.329,3.7758235294117646,3.451882352941177,3.4668823529411763,3.327125,0.9141924263455388,3.451882352941177,0.41490479168017513,0.3330590929174581,0.7244999999999999,0.6910166666666667,0.019106274299103755,LP
s0194,2,"('s0194', 2)",2,4.23574236724288,0.8720430144120015,,3.7925199999999997,4.255636363636364,4.726166666666668,4.213887218045113,0.7239016574093474,4.255636363636364,0.8243442006292706,0.9127012377061324,0.7175,0.815346153846154,0.06859498537547633,HP
s0196,2,"('s0196', 2)",1,5.397947441473807,1.3986448441270627,6.892,4.986173469387755,4.780099773242631,6.138813333333333,5.649428571428572,1.2448534954003272,4.780099773242631,1.5401717020586443,0.5257372665784571,0.728,0.801921875,0.021349186083535907,LP
s0196,2,"('s0196', 2)",2,10.581987179418103,2.19356228683255,,9.04500925925926,11.323,11.428857142857142,10.950000000000001,2.154094226142267,11.323,2.059284857043575,2.5719642299223366,0.735,0.7928947368421054,0.03332223900517431,HP
s0197,2,"('s0197', 2)",1,5.810152552910054,2.12083240970221,7.247,5.485246153846154,6.318914027149322,6.603456140350877,5.1495303030303035,1.3378726515315187,6.318914027149322,2.2912994365044157,1.3712617969404648,0.771,0.8208813559322033,0.055177434845617386,LP
s0197,2,"('s0197', 2)",2,10.333851098220837,3.0697564269386417,,8.126800000000001,11.3023,12.0,11.2334,3.3916597598619274,11.3023,0.0,2.8683545527009033,0.8275,0.934685185185185,0.06444556099540445,HP
s0198,2,"('s0198', 2)",1,3.5398491809381976,0.9795581287201148,3.009,3.9994166666666664,4.04996,3.0579378654970766,3.131592261904762,0.8988651216642263,4.04996,0.7629504021681508,0.958038449154923,0.696,0.7438305084745761,0.017316861354853184,LP
s0198,2,"('s0198', 2)",2,2.9352635405307135,2.6459843768940505,,2.5114287439613525,1.8858945736434107,2.6954301470588233,6.981574074074073,1.4627652428023428,1.8858945736434107,1.5368258812364575,4.519595863618666,0.754,0.8747142857142857,0.07168981252107423,HP
s0199,2,"('s0199', 2)",1,2.77095564516129,0.7304590521008613,6.708,2.978315476190476,2.420536666666667,2.798680555555556,2.943591176470589,1.1824755566782092,2.420536666666667,0.27656001088717364,0.527486989450728,0.678,0.7144915254237285,0.01302803140712107,LP
s0199,2,"('s0199', 2)",2,3.6913310886854735,1.160678101059718,,2.866215053763441,4.133157986111111,3.688245192307692,4.643933823529411,0.9810630820473167,4.133157986111111,0.4736548150193227,1.1168497397631028,0.7215,0.7537272727272728,0.019682414626505485,HP
s0201,2,"('s0201', 2)",1,5.423333333333333,0.763213090966227,6.73,5.859166666666667,5.3971,5.1584,5.092142857142858,0.8697935419141462,5.3971,0.5612814267370693,0.3761429927838721,0.705,0.7367384615384616,0.017480610078626634,LP
s0201,2,"('s0201', 2)",2,7.999564444444444,1.2218962845885726,,6.7076363636363645,7.871816666666667,9.793333333333331,8.517000000000001,0.4259027359572462,7.871816666666667,0.7527933167727895,0.42144133636842074,0.7255,0.7928571428571429,0.018893950711849062,HP
s0203,2,"('s0203', 2)",1,4.871765231755424,1.410454002024701,3.742,4.914612307692308,4.9040303418803415,4.69417316017316,4.9352307692307695,1.656218985103646,4.9040303418803415,1.1390057695972078,1.079778050829547,0.733,0.9396065573770493,0.0999040450104682,LP
s0203,2,"('s0203', 2)",2,5.905023502226094,1.9893885422004518,,6.680328571428571,5.258659759358288,5.601089285714286,6.032891111111111,2.522306765762691,5.258659759358288,0.9919434347493546,2.154108525928196,0.7315,0.8535625,0.04746149626728688,HP
s0204,2,"('s0204', 2)",1,6.1679337981118385,1.5892849005300889,4.724,4.957991452991453,6.8806666666666665,6.196789473684211,6.767328571428572,0.757312381162484,6.8806666666666665,2.0523637547945683,1.2601909687642987,0.74,0.8166721311475414,0.039482460301915434,LP
s0204,2,"('s0204', 2)",2,8.187236968386285,2.7141986922503034,,7.358716947115385,9.20364705882353,8.384352513227514,7.891439560439561,2.688112077849095,9.20364705882353,2.8444820403537303,2.205964553971806,0.745,0.7877674418604652,0.04043232883395476,HP
