id,selfreport_date,selfreport_duration,selfreport_finished,DD-1,DD-2,DD-3,DD-4,DD-5,DD-6,DD-7,DD-check-1,DD-8,DD-9,DD-10,DD-11,DD-12,DD-13,DD-14,DD-15,DD-check-2,DD-16,DD-17,DD-18,DD-19,DD-20,DD-21,DD-check-3,DD-22,DD-23,DD-24,DD-25,DD-26,DD-27,BIS-1,BIS-2,BIS-3,BIS-4,BIS-5,BIS-6,BIS-7,BIS-8,BIS-9,BIS-10,BIS-11,BIS-12,BIS-13,BIS-14,BIS-15,BIS-16,BIS-17,BIS-18,BIS-19,BIS-20,BIS-21,BIS-22,BIS-23,BIS-24,BIS-25,BIS-26,BIS-27,BIS-28,BIS-29,BIS-30,UP-1,UP-2,UP-3,UP-4,UP-5,UP-6,UP-7,UP-8,UP-9,UP-10,UP-11,UP-12,UP-13,UP-14,UP-15,UP-16,UP-17,UP-18,UP-19,UP-20,UP-21,UP-22,UP-23,UP-24,UP-25,UP-26,UP-27,UP-28,UP-29,UP-30,UP-31,UP-32,UP-33,UP-34,UP-35,UP-36,UP-37,UP-38,UP-39,UP-40,UP-41,UP-42,UP-43,UP-44,UP-45,UP-46,UP-47,UP-48,UP-49,UP-50,UP-51,UP-52,UP-53,UP-54,UP-55,UP-56,UP-57,UP-58,UP-59,PA-1,PA-2,PA-3,PA-4,PA-5,PA-6,PA-7,PA-8,PA-9,PA-10,PA-11,PA-12,PA-13,PA-14,PA-15,PA-16,PA-17,PA-18,PA-19,PA-20
s1001,1/11/22 17:28,421,1,1,2,1,2,2,1,2,2,2,1,2,2,1,1,2,2,2,1,1,2,2,1,2,2,1,2,1,2,1,2,3,1,2,2,1,2,3,4,3,3,1,3,3,1,4,2,2,1,1,4,2,1,2,2,1,2,2,1,3,3,2,3,3,1,3,1,3,2,3,3,1,3,3,2,3,1,3,3,3,4,2,3,3,1,4,4,1,1,3,3,3,2,1,3,4,4,2,2,3,3,3,2,1,3,3,4,3,1,3,3,4,3,1,3,1,4,3,3,3,3,2,2,1,3,1,1,1,2,3,2,3,1,4,1,5,5,1,3,1
s1003,1/11/22 17:30,364,1,1,2,2,2,2,2,2,2,2,1,2,2,2,1,2,2,2,2,2,2,2,1,2,2,2,2,2,2,1,2,4,1,3,4,1,3,4,4,4,4,2,4,3,1,4,2,2,1,2,4,2,2,2,2,3,4,4,2,4,2,1,3,1,1,4,1,3,1,4,4,4,4,2,1,4,1,4,1,1,4,1,4,2,1,4,2,1,1,4,4,2,1,1,4,4,3,1,1,4,4,2,1,1,4,4,1,4,1,4,2,1,4,2,3,1,1,1,4,2,1,5,1,5,2,3,4,4,1,1,5,5,3,2,5,5,5,5,5,3
s1004,1/11/22 17:42,958,1,2,2,2,2,2,2,2,2,2,2,2,2,2,2,2,2,2,2,2,2,2,2,2,2,2,2,2,2,2,2,4,1,3,1,1,1,4,4,4,2,1,4,3,1,3,1,1,1,1,4,1,1,3,1,2,3,1,1,1,4,1,4,4,1,4,1,4,4,4,4,4,4,4,1,4,1,4,1,1,1,1,4,2,1,4,2,1,1,4,4,4,1,1,4,4,2,1,1,4,4,4,1,1,4,4,4,4,1,4,2,4,4,1,4,1,4,4,4,4,4,2,2,2,4,1,1,1,4,3,2,5,1,3,1,5,5,1,3,1
s1005,1/11/22 17:38,357,1,1,1,1,2,2,1,2,2,2,1,1,2,1,1,2,1,2,1,1,1,2,1,2,2,1,2,1,2,1,2,2,1,3,3,1,1,3,2,1,1,3,4,2,2,1,1,3,2,4,3,1,1,3,1,1,1,4,2,2,1,1,3,2,2,3,4,3,4,1,4,2,1,2,3,4,3,3,4,2,1,2,1,4,3,3,4,2,1,4,3,2,2,1,3,4,3,1,2,3,4,4,2,2,2,3,4,3,1,2,4,4,3,2,3,2,4,3,1,2,2,1,4,1,1,1,2,1,3,2,1,1,1,1,3,4,3,2,1,1
s1006,1/11/22 17:31,134,1,1,1,1,1,1,1,2,1,1,1,1,1,1,1,1,1,1,1,1,1,1,1,1,1,1,1,1,1,1,1,1,2,2,2,2,2,3,3,2,3,2,2,3,3,4,2,3,2,3,1,3,3,2,3,2,3,3,2,2,3,3,3,3,2,3,3,2,3,3,2,3,3,2,2,3,3,2,3,3,2,2,2,2,2,3,3,2,3,3,3,3,2,2,2,3,2,1,1,3,3,2,2,3,3,2,3,3,2,2,3,2,2,2,3,3,3,3,2,2,3,2,3,2,2,1,2,1,2,2,3,2,3,2,1,3,3,3,2,2
s1007,1/11/22 17:47,1132,1,1,2,2,2,2,1,2,2,2,1,2,2,1,1,2,2,2,2,1,2,2,1,2,2,1,2,1,2,1,2,4,1,2,1,1,1,3,3,4,3,1,4,3,1,3,1,1,1,2,3,1,1,2,2,1,1,2,1,4,3,2,3,2,1,4,1,2,3,4,4,1,3,3,2,4,2,4,2,2,4,3,4,3,1,4,3,1,1,4,4,2,1,1,3,4,2,4,2,3,4,3,1,2,4,3,4,3,3,3,2,2,4,3,3,1,4,2,3,3,4,1,3,1,4,1,1,1,3,4,1,4,1,4,1,4,4,1,3,1
s1008,1/11/22 17:36,561,1,1,2,2,2,2,2,2,2,2,1,2,2,2,1,2,2,1,2,2,2,2,1,2,2,2,2,2,2,2,2,3,1,2,1,1,1,3,3,3,3,1,3,2,1,2,1,2,1,2,3,2,1,2,1,1,1,2,1,2,2,2,4,3,1,4,2,3,3,2,4,2,3,4,2,4,2,4,4,3,4,2,4,4,2,4,4,2,2,4,4,3,2,2,4,4,2,2,2,4,4,3,2,2,4,4,4,4,2,4,3,3,4,2,4,2,3,4,3,4,2,1,1,1,1,1,2,1,1,1,2,3,1,1,2,2,3,1,4,2
s1009,1/11/22 17:42,715,1,1,2,2,2,2,2,2,2,2,2,2,2,2,2,2,2,2,2,2,2,2,2,2,2,2,2,2,2,2,2,4,1,3,1,1,1,4,4,4,3,1,4,4,1,3,1,1,1,1,4,1,1,2,1,1,1,2,1,4,3,1,4,3,1,4,1,4,3,4,4,1,4,3,2,4,1,4,3,2,4,1,4,4,1,4,4,1,1,4,4,4,1,1,4,3,2,2,1,4,4,4,1,1,4,4,3,4,1,4,4,3,4,1,4,1,3,4,4,4,5,1,4,1,4,1,1,1,5,5,1,4,1,4,1,4,5,1,5,1
s1010,1/11/22 17:59,1519,1,1,1,1,2,1,1,2,2,2,1,1,2,1,1,2,1,2,1,1,1,2,1,1,2,1,2,1,2,1,2,3,2,2,3,1,2,3,3,3,3,3,4,3,2,3,1,2,1,2,4,1,3,2,2,2,3,3,2,4,2,2,3,2,1,3,1,2,2,3,4,2,2,3,1,3,1,2,3,1,3,1,2,3,1,2,2,1,1,3,4,2,1,1,2,4,1,1,1,3,3,2,1,1,3,3,2,2,1,3,2,1,3,2,4,2,2,2,2,2,3,1,3,1,3,1,1,2,4,4,2,3,1,4,2,4,3,1,3,1
s1011,1/11/22 17:50,399,1,1,1,1,2,1,1,2,2,2,1,2,2,1,1,1,1,2,1,1,1,2,1,1,2,1,2,1,1,1,2,3,2,3,2,1,1,3,3,4,3,2,4,2,2,4,1,2,1,2,3,2,2,1,2,1,2,2,2,3,3,3,3,1,1,4,1,3,2,4,4,2,3,3,1,4,1,2,2,1,4,1,2,2,1,4,1,1,1,2,4,1,1,2,3,4,3,1,3,3,4,1,1,2,2,4,2,1,1,4,2,4,4,2,4,2,1,3,2,4,4,3,3,4,5,2,4,2,2,2,4,2,1,3,4,4,4,3,3,3
s1012,1/11/22 18:19,504,1,1,2,1,2,2,1,2,2,2,1,1,2,2,1,2,2,1,1,1,1,2,1,2,2,1,2,1,1,1,2,3,1,2,3,1,1,3,3,3,3,2,3,3,1,3,2,1,2,2,3,1,1,2,2,1,2,4,1,2,2,2,3,2,2,4,2,3,3,3,4,2,3,3,1,3,2,3,2,3,3,2,3,3,2,2,4,1,2,3,3,2,1,2,3,3,4,1,2,3,4,3,1,2,3,2,4,3,2,2,3,4,3,2,3,2,4,3,3,2,3,2,3,1,4,1,1,1,4,3,1,3,1,3,1,4,5,1,4,1
s1013,1/11/22 17:53,468,1,1,2,1,2,2,1,2,2,2,1,1,2,1,1,2,1,2,1,1,2,2,1,2,2,1,2,1,2,1,2,4,1,1,2,2,3,4,3,3,1,2,4,1,1,1,2,1,3,1,3,2,1,2,1,2,2,3,2,2,2,1,3,3,2,4,1,2,3,3,4,1,3,4,1,4,1,3,2,1,4,2,2,3,2,4,3,2,1,4,4,3,2,1,3,4,4,1,1,3,4,3,1,1,4,4,2,4,1,4,3,1,4,1,4,1,1,2,3,4,2,4,1,4,2,2,1,4,1,1,4,4,2,1,5,3,4,4,2,1
s1014,1/11/22 18:00,432,1,1,1,1,2,1,1,2,2,2,1,1,2,2,1,2,2,1,1,1,1,2,1,2,2,1,2,1,2,1,2,3,1,3,3,1,3,2,2,3,3,1,3,3,1,3,1,1,1,2,3,1,2,1,1,1,1,3,1,3,3,2,3,2,1,3,2,3,2,4,2,3,3,2,2,3,2,3,2,3,3,2,3,2,1,3,2,1,2,3,3,3,2,2,3,2,2,2,3,3,3,3,2,2,3,3,2,3,2,3,3,2,3,2,2,2,3,3,3,3,4,2,4,1,4,1,1,1,4,4,1,4,1,4,1,4,4,3,4,1
s1015,1/11/22 18:26,517,1,1,2,2,2,2,1,2,2,2,2,2,2,2,1,2,2,2,2,1,2,2,1,2,2,2,2,2,2,2,2,3,2,2,1,1,2,4,3,2,4,1,4,4,2,4,1,2,1,2,3,1,2,1,3,1,2,1,1,3,4,3,3,2,1,4,2,4,2,4,4,2,4,2,1,4,2,4,3,1,4,2,4,3,2,4,4,2,2,2,4,2,2,1,2,4,2,2,1,2,4,3,2,1,2,4,2,4,2,4,1,3,4,2,4,1,4,3,3,4,4,3,2,3,2,2,2,2,3,1,2,4,2,1,3,3,5,1,1,2
s1016,1/11/22 18:15,524,1,1,2,2,2,2,1,2,2,2,1,2,2,1,1,2,2,1,1,1,2,2,1,2,2,1,2,1,2,1,2,4,1,2,3,1,1,3,3,3,2,1,4,4,2,2,2,1,4,2,4,2,2,3,1,4,3,2,2,4,4,2,3,1,1,4,1,1,3,4,4,2,3,2,1,4,1,4,4,1,4,1,4,4,2,3,4,1,1,4,4,4,1,1,4,4,4,1,2,3,4,4,1,1,4,4,4,4,1,1,4,4,4,2,3,1,4,1,4,4,4,1,4,1,4,1,1,1,4,4,1,5,1,4,1,5,5,1,5,1
s1017,1/11/22 18:23,384,1,2,2,2,2,2,2,2,2,2,2,2,2,2,2,2,2,2,2,2,2,2,2,2,2,2,2,2,2,2,2,3,1,1,2,1,1,3,3,3,3,2,3,3,1,3,1,1,2,1,4,1,1,1,1,1,1,2,2,3,3,1,4,4,1,4,1,4,4,4,4,1,3,3,1,4,1,4,2,3,4,2,4,4,2,4,4,1,1,4,4,4,1,1,4,4,4,2,1,4,4,4,1,1,4,4,2,4,1,4,4,2,4,1,4,1,3,4,4,4,4,1,1,1,3,1,1,1,2,2,1,4,1,3,1,4,4,1,3,1
s1018,1/11/22 19:11,422,1,1,2,2,2,2,1,2,2,2,1,2,2,2,1,2,2,2,2,1,2,2,1,2,2,1,2,2,2,1,2,2,2,2,1,3,3,2,2,2,2,2,2,3,2,2,1,2,2,2,2,1,2,3,2,2,3,2,2,2,3,2,2,1,2,3,2,3,3,3,3,2,3,3,2,3,2,1,3,2,3,2,2,3,3,3,4,2,2,2,3,3,2,1,2,3,3,2,2,2,3,3,2,2,3,3,3,2,2,3,2,3,3,3,3,2,3,3,2,3,3,2,2,1,2,1,1,1,1,1,1,1,1,2,2,1,2,1,1,1
s1019,1/11/22 19:47,945,1,1,2,2,2,2,1,2,2,2,1,2,2,1,1,2,2,2,2,1,2,2,1,2,2,2,2,1,2,1,2,3,1,2,2,1,1,3,3,3,3,1,4,2,1,1,2,1,1,1,3,1,2,1,1,1,1,3,1,4,2,2,4,4,1,4,2,2,3,1,4,1,2,4,1,4,1,4,4,1,4,1,4,4,2,4,4,1,2,4,4,4,2,2,4,4,4,1,1,4,4,4,1,1,4,4,4,2,1,4,4,4,4,2,4,2,4,4,4,4,4,4,2,4,2,1,1,1,3,1,5,4,1,2,2,4,4,1,3,2
s1020,1/11/22 19:21,535,1,2,2,2,2,2,2,2,2,2,2,2,2,2,2,2,2,2,2,2,2,2,2,2,2,2,2,2,2,2,2,3,2,4,2,1,1,3,2,4,3,2,3,1,2,2,1,2,1,2,3,1,3,3,2,4,2,2,2,4,2,1,3,4,2,4,1,2,3,1,4,2,4,4,2,4,1,4,4,1,4,1,4,4,1,4,4,2,1,3,4,4,2,2,1,4,4,1,1,1,4,4,2,1,2,4,4,1,2,4,1,4,4,3,4,2,4,3,4,4,4,1,1,1,3,1,1,1,1,1,2,4,1,1,1,2,4,1,2,1
s1021,1/11/22 19:28,727,1,1,1,1,2,2,1,2,2,2,1,1,2,1,1,2,1,2,1,1,1,2,1,1,2,1,2,1,2,1,2,4,1,1,2,1,2,4,2,2,2,2,3,2,2,1,2,1,2,1,3,2,2,2,2,1,2,1,2,2,3,1,3,3,2,4,1,2,2,3,3,1,3,4,1,3,1,3,4,3,3,1,3,4,4,3,4,4,2,2,3,3,2,1,4,4,4,2,1,2,3,4,3,1,3,3,4,4,1,4,3,3,3,3,3,1,4,2,3,3,2,4,2,3,2,1,1,2,2,1,4,3,2,3,5,3,4,1,2,2
s1022,1/11/22 19:38,584,1,1,1,1,2,1,1,2,1,2,1,1,2,1,1,1,1,2,1,1,1,2,1,1,2,1,1,1,1,1,2,3,1,2,2,1,1,2,3,3,3,2,3,4,1,3,1,1,1,1,3,1,1,2,1,1,1,2,2,3,3,2,4,3,2,4,1,4,3,4,3,3,4,2,1,3,3,4,4,1,3,1,4,4,1,4,4,1,1,4,4,4,2,1,3,4,4,1,1,3,3,4,1,1,4,4,4,4,1,4,4,4,4,2,4,2,3,3,4,4,3,2,3,3,3,1,1,1,3,2,3,3,2,1,3,3,3,1,3,2
s1023,1/11/22 19:39,353,1,1,2,1,2,2,1,2,2,2,1,1,2,1,1,2,1,2,1,1,1,2,1,2,2,1,2,1,2,1,2,3,2,3,3,2,2,4,3,3,3,2,3,3,1,3,1,2,2,2,3,1,2,1,2,2,3,2,2,3,3,2,3,2,2,4,2,3,2,3,4,2,3,2,2,4,1,4,3,2,4,1,4,4,2,4,3,2,2,4,4,2,1,1,4,4,2,2,2,3,4,3,2,1,4,4,3,4,1,3,3,2,4,2,4,1,3,3,3,3,4,1,2,2,3,1,1,1,3,3,2,4,1,3,2,4,4,2,3,1
s1024,1/11/22 19:52,521,1,1,1,1,2,2,1,2,2,2,1,1,2,1,1,2,1,2,1,1,2,2,1,2,2,1,2,1,2,1,2,4,1,2,4,1,1,2,4,4,4,1,4,4,1,4,1,1,1,2,4,1,1,1,2,1,1,1,1,4,4,2,4,2,1,4,1,4,2,4,4,1,4,1,1,4,2,4,1,2,4,2,4,2,1,4,3,1,2,4,4,2,1,1,4,4,1,1,2,4,4,2,1,2,4,4,1,4,2,4,4,1,4,1,4,2,3,4,4,4,5,1,3,1,5,1,1,1,5,3,1,4,1,5,1,5,5,1,5,1
s1025,1/11/22 20:12,402,1,1,1,1,2,2,1,2,2,2,1,1,2,1,1,2,1,1,1,1,1,2,1,1,2,1,2,1,2,1,2,3,1,1,1,1,4,4,2,3,2,4,3,3,3,3,1,2,4,2,3,2,3,3,2,1,2,1,2,2,1,1,1,1,3,1,3,2,4,1,1,4,1,4,1,2,1,3,4,1,1,2,1,4,2,1,4,2,4,1,2,2,4,1,2,1,2,1,4,2,2,3,2,4,3,2,4,3,2,2,3,4,1,3,2,2,4,1,1,1,1,2,3,1,1,1,1,5,2,3,2,1,5,2,1,4,2,2,2,1
s1026,1/11/22 20:52,359,1,1,2,1,2,2,1,2,2,2,1,1,2,1,1,2,1,1,1,1,1,2,1,2,2,1,2,1,2,1,2,3,1,2,1,2,2,4,3,2,4,3,4,4,1,2,2,3,3,2,4,2,2,3,1,1,2,3,4,3,3,1,3,4,2,4,1,3,4,2,4,1,3,2,2,4,1,3,2,1,4,1,3,4,3,4,4,2,1,3,4,3,2,1,2,4,4,2,1,3,4,4,2,1,4,4,3,3,1,4,3,4,3,2,3,1,3,3,3,4,3,4,2,3,2,2,1,1,3,3,3,4,2,3,4,3,5,3,4,2
s1027,1/11/22 21:59,532,1,1,2,2,2,2,1,2,2,2,1,2,2,2,1,2,2,2,2,1,2,2,1,2,2,1,2,2,2,1,2,4,1,4,4,1,1,4,4,4,4,2,3,4,2,3,1,1,2,2,4,1,3,1,3,1,1,3,2,1,2,1,3,4,1,4,2,2,4,4,4,4,4,1,3,4,2,3,1,1,4,1,3,4,1,4,4,1,1,4,4,3,2,1,3,4,4,1,1,3,4,4,1,1,4,2,4,4,1,4,4,3,4,1,4,2,3,2,3,4,3,1,3,1,5,1,2,1,4,5,1,3,1,3,1,4,5,1,2,1
s1028,1/11/22 22:44,626,1,1,1,1,2,2,1,2,2,2,1,1,2,1,1,2,1,2,1,1,1,2,1,2,2,1,2,1,2,1,2,3,2,1,2,2,2,4,2,2,3,3,3,3,2,2,1,2,2,2,3,1,2,3,3,1,3,2,2,3,3,3,2,3,2,2,2,1,2,3,2,1,3,3,3,2,2,2,1,2,2,2,2,3,4,2,3,3,2,2,3,2,3,2,2,4,3,3,2,3,2,3,3,1,2,2,3,1,2,2,2,1,2,3,3,2,1,2,2,3,2,4,1,3,2,2,3,2,1,1,4,2,2,1,3,2,3,3,1,2
s1029,1/11/22 22:59,138,1,1,2,2,1,2,2,2,2,1,1,2,2,1,2,2,2,2,2,2,2,2,2,1,1,2,2,2,2,2,2,3,3,3,2,2,3,3,2,3,2,3,3,3,3,2,3,3,3,3,2,2,2,1,2,2,3,2,2,3,2,1,2,2,2,2,2,2,2,3,2,2,2,3,3,2,2,2,3,2,2,2,3,2,3,2,3,3,3,2,3,3,3,3,4,3,3,3,3,3,3,3,3,3,3,3,2,3,3,3,3,4,3,3,3,3,2,3,3,3,1,2,2,3,2,2,2,2,2,2,4,2,2,2,2,2,2,2,2,1
s1030,1/11/22 23:44,607,1,1,2,1,2,1,1,2,2,2,1,1,2,1,1,2,1,2,1,1,2,2,1,2,2,1,2,1,2,1,2,4,1,2,1,1,2,2,2,3,2,1,3,3,1,2,2,2,2,2,3,1,2,2,1,1,1,2,1,3,2,1,2,3,1,4,1,1,4,3,4,1,4,3,1,4,1,4,2,2,4,2,3,4,2,4,4,1,1,3,4,3,1,1,3,4,3,1,1,3,4,4,1,1,3,4,3,3,1,4,4,2,4,2,4,2,3,2,3,4,2,3,2,3,2,1,3,2,1,2,2,2,2,1,4,2,3,1,1,3
s1031,1/11/22 23:43,379,1,1,1,1,2,1,1,1,2,2,1,1,2,1,1,2,1,2,1,1,1,2,1,2,2,1,2,1,2,1,2,2,2,2,3,2,1,2,3,3,2,1,3,3,2,4,1,2,1,2,3,1,2,2,1,2,1,2,1,4,3,1,2,3,1,2,1,1,3,4,2,2,3,3,2,2,1,2,3,2,3,2,2,4,1,3,4,1,1,2,2,3,1,1,2,4,4,1,1,2,3,4,1,1,2,3,4,4,1,2,2,4,2,3,3,1,4,1,2,2,4,2,4,2,3,2,2,2,4,4,2,2,2,4,2,5,4,1,3,2
s1032,1/11/22 23:56,539,1,1,2,2,2,2,1,2,2,2,1,2,2,2,1,2,2,1,2,1,2,2,1,2,2,2,2,2,2,1,2,3,1,3,1,1,2,4,4,4,4,3,3,4,1,3,1,1,1,2,3,1,1,1,1,1,2,2,3,3,3,2,4,4,1,4,1,4,3,3,4,1,4,3,1,4,1,4,4,1,4,3,4,3,1,4,4,1,1,4,4,3,1,1,4,4,4,1,2,4,4,4,1,2,4,4,4,4,1,4,4,3,4,2,4,1,4,4,4,4,4,2,3,1,3,1,1,1,3,3,2,5,1,3,3,4,5,3,3,1
s1033,1/11/22 23:57,416,1,1,1,1,2,1,1,1,2,2,1,1,2,1,1,1,1,1,1,1,1,1,1,1,1,1,1,1,1,1,2,3,1,3,2,1,2,3,4,4,3,1,4,3,1,3,1,1,1,1,4,1,1,1,1,1,2,1,3,3,3,1,4,3,1,4,1,4,3,4,4,1,4,2,1,4,1,4,2,1,4,1,4,3,1,4,3,1,1,4,3,3,1,2,4,4,3,1,2,4,4,3,1,1,4,4,4,3,1,4,4,4,4,1,4,1,4,3,4,3,4,2,5,1,5,1,1,1,4,5,1,5,1,4,1,5,5,1,5,1
s1034,1/12/22 00:09,588,1,1,1,1,2,2,1,2,2,2,1,1,2,1,1,2,1,2,1,1,2,2,1,2,2,1,2,1,2,1,2,3,1,3,3,1,1,3,3,3,3,1,3,3,1,2,1,2,1,2,3,1,2,2,1,1,1,1,1,3,3,2,4,2,1,4,2,4,3,3,4,4,4,2,1,4,2,4,3,2,4,2,4,3,2,4,4,1,1,4,4,2,2,2,3,4,2,1,1,4,4,3,1,2,4,4,4,4,1,4,3,3,4,1,4,2,2,4,4,4,4,1,4,1,3,1,1,1,4,4,1,4,1,4,1,4,4,2,4,1
s1035,1/12/22 02:36,676,1,1,2,2,2,2,1,2,2,2,1,2,2,1,1,2,2,1,1,1,2,2,1,2,2,1,2,1,2,1,2,2,2,2,1,1,2,3,3,2,2,2,3,2,2,1,2,2,2,2,2,1,1,1,2,2,3,2,1,3,3,3,2,3,2,2,2,2,2,3,2,2,2,2,3,2,2,1,4,2,3,1,3,3,3,3,4,2,2,2,3,3,2,2,2,3,3,2,2,3,3,3,1,2,3,3,3,2,2,2,3,4,3,2,3,2,4,1,2,2,2,2,1,2,1,1,1,1,2,2,1,1,1,2,1,2,2,1,2,1
s1036,1/12/22 04:15,430,1,1,1,1,2,2,1,2,2,2,1,1,2,1,1,2,1,1,1,1,1,2,1,1,2,1,2,1,2,1,2,3,1,2,2,1,3,4,2,3,3,1,4,4,1,3,1,2,1,2,3,2,2,1,2,1,2,2,1,4,3,3,3,2,1,2,1,2,1,4,2,2,3,1,1,2,1,3,2,1,2,3,2,2,1,2,2,1,2,3,2,2,1,1,2,2,1,1,1,2,2,2,1,2,3,2,1,4,1,2,3,1,2,2,2,1,1,2,2,2,4,1,3,1,2,1,1,1,4,2,2,4,1,4,1,5,5,1,3,1
s1037,1/12/22 05:04,1524,1,1,2,2,2,2,1,2,2,2,1,2,2,2,1,2,2,2,2,1,2,2,1,2,2,1,2,2,2,1,2,3,1,2,2,1,1,3,3,2,2,2,3,3,2,3,1,2,3,2,2,1,2,2,2,3,2,2,1,2,2,2,3,2,3,4,2,2,2,3,2,3,4,2,3,2,2,2,2,2,3,4,2,2,2,2,2,3,3,3,2,3,4,4,2,3,3,2,2,2,4,2,2,1,3,2,2,1,2,1,3,2,2,2,3,3,2,2,2,2,3,1,2,2,3,1,1,1,2,3,2,3,1,3,1,3,3,1,3,1
s1038,1/12/22 05:37,720,1,1,2,2,2,2,1,2,2,2,1,2,2,1,1,2,2,2,2,1,2,2,1,2,2,1,2,2,2,1,2,3,1,2,3,2,2,2,3,3,3,1,2,2,2,2,3,2,3,2,3,3,1,2,1,1,2,2,2,1,2,2,3,2,2,4,2,3,2,3,3,4,3,4,2,4,2,3,2,2,4,1,4,3,2,4,3,2,2,4,4,3,2,2,4,4,4,2,1,3,4,3,2,2,4,4,2,3,2,4,4,3,4,1,4,2,3,3,2,4,3,2,3,3,2,3,1,1,3,2,2,2,2,3,3,4,3,2,3,2
s1039,1/12/22 05:40,333,1,1,1,1,2,1,1,1,2,2,1,1,2,1,1,1,1,1,1,1,1,2,1,1,2,1,1,1,1,1,2,3,2,4,4,2,1,3,4,4,3,2,4,3,1,3,1,1,3,1,4,1,1,1,1,1,1,2,2,2,3,1,4,2,1,4,1,4,2,4,4,1,4,2,1,4,1,4,4,3,4,2,4,4,1,4,4,1,1,4,4,2,1,1,4,4,4,1,2,4,4,4,1,2,4,4,4,4,1,4,3,4,4,1,4,2,4,3,4,4,3,1,2,1,3,1,1,1,3,3,1,4,1,1,1,4,4,1,4,1
s1040,1/12/22 05:40,433,1,1,1,1,2,1,1,2,2,2,1,1,2,1,1,2,1,2,1,1,1,2,1,1,2,1,2,1,1,1,2,1,2,1,2,1,3,1,4,3,2,2,3,2,2,4,1,2,1,3,4,1,2,3,3,2,2,2,1,4,2,1,2,4,1,2,1,2,3,4,3,2,1,4,2,3,1,2,4,1,3,2,2,4,2,3,4,1,1,3,4,3,2,1,2,4,4,1,1,2,4,4,1,1,2,4,4,2,1,2,2,4,3,1,2,1,4,2,2,3,1,2,2,1,2,1,1,1,2,2,1,3,1,3,2,3,5,1,3,1
s1041,1/12/22 08:59,504,1,1,1,1,2,2,1,2,2,2,1,2,2,1,1,2,2,1,2,1,2,2,1,2,2,1,2,1,2,1,2,4,2,4,4,1,2,4,3,4,4,2,4,4,2,2,1,2,2,3,4,1,2,1,1,1,2,2,2,4,4,2,3,2,1,4,1,3,3,4,4,3,2,4,1,4,1,3,1,1,3,1,2,4,1,4,4,1,1,3,4,3,1,1,1,4,1,1,1,2,4,4,1,1,2,2,2,4,1,4,2,2,3,3,4,2,1,3,2,3,4,1,4,1,4,1,1,1,4,5,1,5,1,4,2,4,5,2,3,1
s1042,1/19/22 13:18,358,1,1,1,1,2,1,1,1,2,1,1,1,2,1,1,1,1,1,1,1,1,1,1,1,2,1,1,1,1,1,2,3,1,3,3,1,1,4,4,4,3,1,3,4,1,3,1,2,1,1,4,1,1,2,1,1,1,3,2,3,2,2,4,1,2,4,1,4,4,4,4,1,4,4,1,2,1,2,3,1,2,1,4,4,1,4,4,1,2,4,2,1,1,2,4,2,4,1,1,3,4,4,1,2,4,4,4,4,1,4,3,4,4,2,4,1,4,4,4,1,4,1,3,1,4,1,1,1,3,4,1,5,1,2,1,3,5,1,3,1
s1043,1/19/22 13:18,342,1,1,1,2,2,1,1,2,1,2,1,1,2,1,1,1,1,2,1,1,1,2,1,1,2,1,1,1,1,1,2,4,1,2,2,1,4,4,4,3,2,2,4,2,1,4,2,1,1,1,4,2,2,2,2,1,4,1,2,4,4,1,3,4,1,4,1,2,2,4,4,1,3,4,1,4,1,3,2,1,4,1,1,2,1,4,2,1,2,4,4,4,1,1,4,4,4,1,1,2,4,4,1,1,3,4,2,1,1,4,4,3,4,3,4,1,4,4,3,4,3,3,2,3,2,1,3,3,3,1,2,3,2,3,4,3,3,1,2,2
s1044,1/19/22 13:21,496,1,1,1,1,2,2,1,2,1,2,1,1,2,1,1,2,1,1,1,1,1,2,1,1,1,1,2,1,2,1,2,3,2,4,2,1,2,4,4,3,3,2,3,2,3,1,2,2,3,1,3,1,2,3,1,2,2,3,2,3,2,2,4,4,2,4,1,2,2,4,4,1,3,2,1,4,1,4,3,2,4,1,4,4,1,4,3,2,1,4,4,2,2,1,3,4,2,2,1,4,4,4,2,1,4,4,3,3,1,3,4,2,4,1,4,1,3,2,2,4,2,1,2,1,1,1,1,2,2,2,2,3,1,1,2,1,3,1,1,1
s1046,1/19/22 13:21,373,1,1,1,1,2,2,1,2,2,1,1,1,2,1,1,1,1,1,1,1,1,1,1,1,1,1,1,1,1,1,1,4,1,2,1,1,1,2,4,4,2,2,2,3,2,2,2,3,3,3,2,3,3,3,3,3,3,3,3,3,2,2,2,3,3,3,2,2,2,2,1,3,4,3,3,2,3,3,2,3,3,2,2,2,2,2,3,2,2,2,2,3,3,2,2,2,1,1,2,1,2,2,2,3,2,1,2,1,2,2,2,1,1,2,2,2,2,2,2,2,3,3,2,4,2,4,3,3,3,3,2,4,2,3,3,4,4,4,4,3
s1047,1/19/22 13:17,268,1,2,2,2,2,2,2,2,2,2,2,2,2,2,2,2,2,2,2,2,2,2,2,2,2,2,2,2,2,2,2,3,1,2,2,1,1,3,3,3,3,2,3,3,2,2,1,2,2,2,3,1,2,2,2,1,2,2,2,2,3,2,3,2,2,3,1,3,3,3,3,1,3,2,2,3,2,3,2,2,3,1,3,3,2,3,3,1,2,3,3,2,2,2,3,3,2,2,2,3,3,3,2,2,3,3,2,3,2,2,3,2,3,3,2,2,2,2,3,3,3,1,2,1,2,1,1,1,3,3,2,3,1,3,1,3,3,1,2,1
s1048,1/19/22 13:21,439,1,1,1,1,2,1,1,2,2,2,1,1,2,1,1,2,1,2,1,1,1,2,1,1,2,1,2,1,2,1,2,2,2,3,1,2,2,2,2,2,2,2,2,1,2,2,1,2,3,3,2,1,3,3,1,1,2,3,3,2,2,2,2,4,4,2,3,1,3,1,2,3,1,3,2,2,3,3,3,2,2,2,2,3,3,2,3,4,2,3,2,4,3,2,2,2,4,4,2,2,2,3,4,2,3,2,3,1,2,2,2,3,2,4,1,2,4,2,1,2,2,3,1,3,1,5,2,1,1,1,3,4,5,1,4,3,5,3,1,3
s1049,1/19/22 13:34,550,1,1,1,2,2,2,1,2,2,2,1,1,2,1,1,2,1,2,1,1,1,2,1,1,2,1,2,1,1,1,2,3,1,3,4,1,1,2,3,4,2,1,3,2,1,4,1,2,1,2,4,1,2,3,2,1,2,3,1,4,2,2,4,3,1,3,2,1,2,4,3,1,3,1,2,4,1,3,4,2,4,2,3,4,1,4,4,2,1,4,4,2,1,1,4,4,4,2,3,3,4,2,2,2,4,4,4,3,2,4,4,2,3,3,4,2,4,2,4,3,4,3,1,3,4,1,2,1,3,2,3,4,1,2,3,4,5,2,3,1
s1050,1/19/22 13:24,532,1,1,2,1,2,2,1,2,2,2,1,2,2,1,1,2,2,1,1,1,2,2,1,2,2,1,2,1,2,1,2,2,1,3,3,2,2,3,2,3,3,3,2,3,2,3,2,2,2,3,2,1,3,3,1,3,3,3,4,2,2,2,1,3,2,3,2,1,2,2,3,2,2,2,2,3,2,2,2,2,3,4,2,2,3,3,4,2,2,2,4,2,3,3,2,4,3,3,2,2,3,4,2,2,2,3,3,3,3,2,2,4,2,3,4,2,3,2,1,3,2,3,1,3,2,4,2,2,1,2,4,3,4,2,3,2,4,1,3,2
s1051,1/19/22 13:23,524,1,1,2,2,2,2,1,2,2,2,1,2,2,2,1,2,2,2,2,2,2,2,1,2,2,2,2,2,2,1,2,3,1,3,2,2,1,3,3,3,3,1,3,3,1,3,1,1,1,1,3,1,1,1,1,1,2,2,1,3,3,2,4,2,1,4,2,4,2,4,4,1,3,2,2,4,2,3,2,2,4,2,4,2,2,4,3,1,2,3,4,2,2,2,4,4,3,1,2,3,4,2,1,2,4,4,3,4,2,4,4,2,4,2,4,2,3,4,3,4,4,1,2,1,4,1,1,1,3,2,1,4,1,3,1,4,4,1,3,1
s1052,1/19/22 13:21,312,1,1,1,1,2,1,1,1,2,1,1,1,1,1,1,1,1,1,1,1,1,1,1,1,1,1,1,1,1,1,1,3,1,3,4,1,1,4,4,3,4,1,3,3,1,1,1,1,2,1,3,1,2,2,1,1,1,2,1,2,2,2,4,3,2,4,2,2,2,2,4,4,4,4,1,4,2,3,4,2,4,2,3,4,2,4,4,2,2,4,4,3,2,2,4,4,2,1,1,3,4,4,1,2,4,4,3,4,1,4,4,4,4,2,4,1,4,4,4,3,3,1,3,1,3,1,1,1,3,3,1,3,1,3,1,3,3,1,3,1
s1053,1/19/22 13:21,381,1,1,1,1,2,2,1,2,2,2,1,1,2,1,1,2,1,1,1,1,2,2,1,2,2,1,2,1,2,1,2,4,1,2,1,1,2,4,3,3,4,1,3,3,1,2,2,1,2,2,3,2,1,2,1,2,2,3,1,3,2,1,3,4,1,4,1,4,4,4,4,1,4,2,1,4,1,4,3,1,4,2,4,3,1,4,2,1,1,4,4,3,2,1,3,4,3,1,1,4,4,3,1,1,4,4,4,4,1,4,4,4,4,2,4,1,4,4,4,4,4,1,3,2,2,2,1,1,3,4,2,3,1,3,1,3,3,1,2,1
s1054,1/19/22 13:22,485,1,1,1,1,1,1,1,1,1,1,1,1,1,1,1,1,1,2,1,1,1,1,1,1,2,1,1,1,1,1,1,1,4,3,1,1,4,4,4,3,4,4,4,4,1,1,2,1,4,4,4,1,4,4,4,2,4,4,4,1,2,1,1,1,1,1,1,4,4,1,4,4,1,1,1,1,1,1,1,1,1,4,1,1,1,1,1,1,1,1,1,1,1,1,1,1,1,1,1,3,1,1,1,1,1,4,1,4,1,1,1,1,1,4,1,1,1,1,1,1,1,1,1,4,1,1,1,5,1,1,5,4,1,1,5,5,5,3,5,1
s1055,1/19/22 13:22,422,1,1,1,1,2,2,1,2,2,2,1,1,2,1,1,2,1,2,1,1,1,2,1,1,2,1,2,1,2,1,2,3,1,2,2,1,4,3,3,4,4,4,3,2,1,2,3,1,2,1,3,3,1,2,3,1,3,2,3,4,2,1,4,3,1,3,1,2,3,3,3,2,4,3,2,3,1,4,4,2,4,2,2,4,1,3,4,2,2,3,4,3,2,2,3,4,4,2,1,3,3,4,2,1,3,4,4,2,1,3,3,4,3,2,4,1,4,3,3,4,3,3,2,3,2,1,2,1,2,2,4,4,2,4,4,5,4,4,3,3
s1056,1/19/22 13:30,868,1,1,2,1,2,2,1,2,2,2,1,2,2,1,1,2,1,2,1,1,2,2,1,2,2,1,2,1,2,1,2,4,1,2,2,2,4,3,3,3,4,2,4,3,2,3,1,2,2,2,2,3,2,2,1,1,3,2,2,4,3,1,4,3,1,4,2,2,3,3,4,1,4,1,1,4,1,4,2,1,4,1,2,4,2,4,4,1,1,4,4,3,2,1,3,4,4,2,1,4,4,4,2,1,4,4,3,1,1,4,3,1,4,2,4,1,2,4,3,4,2,4,1,3,1,3,3,1,1,1,2,4,1,2,5,2,2,4,1,3
s1057,1/19/22 13:21,411,1,1,1,1,2,1,1,2,2,2,1,1,2,1,1,2,1,2,1,1,1,2,1,1,2,2,1,1,1,1,2,1,3,2,2,3,3,1,2,3,2,2,3,2,3,3,3,3,1,2,2,1,2,2,3,2,2,2,2,3,2,3,1,2,2,2,1,1,1,3,2,4,1,1,1,2,2,1,4,2,2,3,3,2,3,2,4,2,2,2,2,2,4,2,2,2,4,3,2,2,2,2,3,2,2,2,4,1,1,3,2,2,2,3,3,2,3,2,2,2,3,2,3,2,2,2,1,1,2,2,2,3,3,1,1,3,4,2,3,1
s1058,1/19/22 13:22,463,1,1,1,1,2,1,1,2,2,2,1,1,2,1,1,2,1,2,1,1,1,2,1,1,2,1,2,1,2,1,2,4,1,1,1,1,2,4,3,3,4,2,4,3,1,3,1,1,2,1,3,1,1,1,1,1,2,3,2,3,2,1,3,4,1,4,1,3,2,4,4,1,2,4,1,4,1,4,4,1,4,1,4,4,2,4,4,1,1,4,4,3,2,2,4,4,3,1,1,4,4,3,1,1,4,4,4,4,1,3,4,3,4,2,3,1,3,4,3,4,2,2,1,2,1,3,2,1,1,1,3,4,3,1,2,2,4,1,3,2
s1059,1/19/22 13:24,511,1,1,1,1,2,1,1,1,2,1,1,1,2,1,1,1,1,2,1,1,1,1,1,1,2,1,1,1,1,1,1,3,2,3,3,2,2,3,3,3,3,2,3,3,2,3,2,2,2,2,3,1,2,2,2,2,2,2,2,3,3,2,3,2,2,3,2,3,2,3,3,2,3,2,2,3,2,3,2,2,3,2,3,3,2,3,2,2,2,2,3,2,2,2,3,3,2,2,2,3,3,3,2,2,3,3,2,3,2,3,3,2,3,2,3,2,2,3,3,3,3,2,2,2,4,1,1,1,3,4,2,4,1,3,2,4,4,2,4,1
s1060,1/19/22 13:23,541,1,1,1,1,2,2,1,2,2,2,1,1,2,1,1,2,1,2,1,1,2,2,1,2,2,1,2,1,2,1,2,2,3,2,2,2,3,4,2,1,2,2,2,3,2,2,2,2,1,2,3,2,3,2,3,3,3,3,2,3,3,1,1,2,2,2,2,1,2,2,2,3,2,4,3,2,1,1,4,2,3,2,1,3,3,3,4,2,1,2,3,2,2,2,2,4,3,3,1,1,3,2,3,1,3,3,4,1,2,2,2,2,2,3,2,2,2,2,2,2,3,2,2,3,1,2,2,2,3,1,2,3,2,2,2,1,3,1,1,1
s1061,1/19/22 13:22,393,1,1,2,1,2,2,1,2,2,2,1,2,2,1,1,2,1,2,1,1,1,2,1,2,2,1,2,1,2,1,2,3,2,1,1,2,3,4,2,1,1,3,3,2,2,2,3,2,3,2,2,3,2,4,3,2,3,3,2,3,3,1,2,4,2,2,2,1,4,1,2,2,2,4,2,2,1,2,4,2,2,1,2,4,4,2,4,3,2,2,2,4,1,2,3,3,4,3,1,3,2,4,3,1,3,2,4,3,2,2,1,4,2,4,2,2,4,2,2,2,2,4,1,1,1,3,2,1,1,1,2,3,4,1,5,1,3,3,2,4
s1062,1/19/22 13:24,519,1,1,1,1,2,2,1,2,2,2,1,1,2,1,1,2,1,2,1,1,1,2,1,2,2,1,2,1,2,1,2,3,2,2,3,1,2,3,4,4,2,1,3,2,2,3,1,1,1,2,3,1,1,2,2,1,2,2,1,3,3,2,3,2,1,4,2,3,4,4,3,2,3,2,2,3,2,3,2,1,3,2,3,3,1,4,2,1,2,3,3,2,1,1,3,4,1,2,2,3,3,2,1,2,3,3,2,3,2,3,3,1,3,2,3,1,2,3,3,3,4,1,3,1,3,1,1,1,4,3,1,4,1,3,1,4,4,1,3,1
s1063,1/19/22 13:22,357,1,1,1,1,2,1,1,1,2,2,1,1,2,1,1,1,1,2,1,1,1,2,1,1,2,1,1,1,1,1,2,4,1,3,2,1,1,4,3,3,4,1,3,3,1,4,1,1,1,1,3,1,1,3,1,1,2,3,1,4,2,1,4,2,1,4,1,4,3,4,4,1,4,1,1,4,1,4,2,2,4,1,4,4,1,4,4,1,1,4,4,3,1,1,4,4,4,1,1,4,4,3,1,2,4,4,4,4,1,4,2,1,4,2,4,1,4,4,4,4,4,1,3,1,3,1,1,1,3,2,2,3,1,4,1,4,4,1,3,1
s1064,1/19/22 13:22,394,1,1,2,2,2,2,2,2,2,2,2,2,2,2,1,2,2,2,2,2,2,2,1,2,2,2,2,2,2,2,2,3,2,2,3,2,2,3,3,3,3,2,3,3,2,3,1,2,2,2,3,2,2,2,2,1,2,2,2,3,3,2,3,3,2,3,2,3,3,3,3,2,3,3,2,3,2,3,2,3,3,2,3,3,2,3,4,2,2,3,4,3,2,2,3,4,3,2,2,3,3,3,2,2,3,3,3,3,2,3,3,3,3,2,3,2,4,3,3,3,3,2,2,2,3,1,2,2,2,2,2,3,1,2,1,3,3,1,3,1
s1065,1/19/22 13:27,590,1,1,2,2,2,2,1,2,2,2,1,2,2,1,1,2,2,2,2,1,2,2,1,2,2,1,2,1,2,1,2,3,1,2,3,1,1,3,4,3,4,2,4,4,2,2,1,1,2,1,4,1,1,1,2,1,1,3,2,2,2,2,4,3,1,4,1,4,2,3,4,2,4,2,2,4,1,4,3,2,4,1,4,4,1,4,4,1,1,4,4,3,1,1,3,4,3,1,2,4,4,3,1,1,4,4,3,3,1,4,3,4,4,2,4,1,2,3,3,4,3,1,3,1,2,1,1,1,3,2,1,4,1,2,1,4,4,1,3,1
s1066,1/19/22 13:23,503,1,1,2,2,2,2,1,2,2,2,1,2,2,2,1,2,2,2,1,1,2,2,1,2,2,1,2,1,2,1,2,4,1,3,3,1,1,4,4,4,4,2,4,4,1,2,1,1,2,2,4,1,1,2,1,1,1,1,2,2,3,1,4,3,1,4,1,4,4,4,4,2,4,3,1,4,1,4,1,1,4,2,4,3,1,4,2,1,1,4,4,2,1,1,3,4,3,1,1,4,4,3,1,1,4,4,2,4,1,4,2,1,4,2,4,1,2,3,3,4,4,1,3,1,4,1,1,1,4,4,1,4,1,3,1,4,4,1,4,1
s1067,1/19/22 13:20,314,1,1,1,1,2,1,1,2,2,2,1,1,2,1,1,2,1,2,1,1,1,2,1,1,2,1,2,1,2,1,2,2,3,3,2,1,2,3,2,3,2,1,3,3,1,3,1,1,1,2,4,1,2,1,1,1,1,1,1,4,3,2,4,2,1,4,1,2,1,3,4,2,2,1,2,4,1,3,2,2,4,2,4,2,1,4,1,2,2,4,4,1,2,1,3,4,4,1,2,4,4,3,2,1,4,4,1,2,1,4,2,1,4,2,4,1,1,2,3,4,4,1,4,2,3,1,1,1,2,4,3,3,1,1,2,4,5,1,4,1
s1068,1/19/22 13:21,328,1,1,2,2,2,2,1,2,2,2,1,2,2,1,1,2,1,2,1,1,2,2,1,2,2,1,2,1,2,1,2,3,1,2,2,1,1,4,4,4,4,1,4,4,1,2,1,1,2,1,4,2,1,1,1,1,2,2,1,2,2,1,4,4,1,4,1,4,4,4,4,1,4,4,1,4,1,4,4,4,4,1,4,4,1,4,4,1,1,4,4,4,1,1,4,4,4,1,1,4,4,4,1,1,4,4,4,4,1,4,4,4,4,1,4,1,4,4,4,4,3,2,3,2,5,1,3,1,3,3,3,4,1,1,3,3,5,1,1,1
s1069,1/19/22 13:35,1136,1,1,2,1,2,2,1,2,2,2,1,1,2,1,1,2,1,2,1,1,2,2,1,2,2,1,2,1,2,1,2,3,1,1,1,1,1,3,3,3,2,1,3,3,1,2,1,1,1,1,3,1,1,1,1,1,1,3,1,2,2,2,4,3,1,4,2,4,3,4,4,1,4,3,2,4,2,4,3,3,4,3,4,3,1,4,3,1,1,4,4,3,3,1,4,4,2,1,2,4,4,3,1,2,4,4,4,4,1,3,3,4,3,2,3,2,3,3,4,4,4,1,3,1,3,1,1,1,3,3,1,4,1,4,1,4,4,1,4,1
s1070,1/19/22 13:21,390,1,1,2,1,2,2,1,2,2,2,1,2,2,1,1,2,2,2,1,1,2,2,1,2,2,1,2,1,2,1,2,4,1,3,4,1,2,4,4,4,4,1,4,4,1,3,2,2,1,1,4,1,1,1,2,1,2,2,1,3,4,3,3,2,1,4,2,3,1,4,3,2,3,2,2,4,1,3,1,1,1,3,4,2,2,4,3,1,1,3,4,2,1,1,4,4,4,1,2,2,4,3,1,2,4,3,2,4,1,4,4,1,4,2,4,2,2,4,3,3,5,2,5,1,5,1,2,1,5,5,1,5,1,5,1,5,5,2,5,1
s1071,1/19/22 13:32,553,1,1,2,1,2,2,1,2,2,2,1,1,2,1,1,2,2,1,1,1,2,2,1,2,2,1,2,1,2,1,2,3,2,2,3,1,2,3,3,3,2,2,3,3,2,3,1,2,2,2,3,1,2,2,2,1,2,2,2,3,3,2,3,2,2,3,1,3,2,3,3,2,3,3,2,3,1,3,3,2,3,2,2,3,2,3,4,2,1,3,3,2,2,1,3,4,3,2,2,3,3,2,2,1,3,3,3,3,1,3,3,2,3,2,3,1,4,2,3,3,4,2,3,2,4,1,1,1,3,3,1,4,1,4,2,4,4,2,3,1
s1072,1/19/22 13:31,714,1,1,1,1,2,1,1,1,2,2,1,1,2,1,1,1,1,2,1,1,1,2,1,1,2,1,1,1,1,1,2,4,1,1,2,1,2,4,4,4,3,1,4,4,1,3,1,1,1,1,4,1,2,1,2,1,1,1,1,4,4,1,4,4,1,4,1,3,4,4,4,1,4,3,1,4,1,4,4,2,4,2,4,4,1,4,4,1,1,4,4,4,1,1,4,4,4,1,1,4,4,4,1,1,4,4,4,4,2,4,4,4,4,1,4,1,4,4,4,4,4,1,1,1,4,1,1,1,2,4,1,3,1,3,2,4,4,1,4,1
s1073,1/19/22 13:27,647,1,1,1,1,2,2,1,2,2,2,1,1,2,1,1,1,1,1,1,1,1,2,1,2,2,1,1,1,2,1,2,4,1,2,2,1,2,4,4,4,4,1,4,2,1,4,1,1,1,1,4,1,2,1,2,1,2,2,2,3,4,2,4,1,1,4,1,4,3,4,4,4,4,1,1,4,1,4,4,1,4,1,4,1,1,4,4,1,1,4,4,2,1,1,4,4,4,1,1,4,4,2,1,1,4,4,4,4,1,4,4,1,4,1,4,1,1,1,4,4,3,1,2,2,5,1,2,1,4,5,2,4,1,3,2,5,5,1,4,1
s1074,1/19/22 13:32,825,1,1,2,2,2,2,1,2,2,2,1,2,2,1,1,2,2,2,2,1,2,2,1,2,2,2,2,1,2,1,2,3,1,2,3,1,2,3,3,3,2,2,4,3,1,2,2,1,2,2,3,1,1,3,1,1,3,1,2,3,3,1,3,3,1,4,1,1,3,3,4,1,3,2,1,4,1,3,1,1,4,2,3,4,2,4,2,1,1,4,4,3,2,1,3,4,3,2,1,4,4,2,1,1,4,4,2,4,1,4,3,2,4,2,3,2,2,2,3,4,5,1,4,1,4,1,1,2,5,2,1,4,2,3,2,5,5,1,5,1
s1075,1/19/22 13:24,358,1,1,2,2,2,2,1,2,2,2,1,2,2,1,1,2,2,2,2,1,2,2,1,2,2,1,2,1,2,1,2,3,2,3,3,1,1,4,3,3,4,2,3,3,1,1,1,2,2,2,3,1,2,2,1,1,2,3,2,1,2,2,3,2,2,4,2,3,2,4,4,1,3,2,3,4,2,3,4,2,4,3,4,3,1,4,4,1,2,4,4,3,2,2,4,4,4,1,2,4,4,4,1,2,4,4,4,4,2,4,4,3,4,2,4,1,4,4,3,4,4,2,3,2,4,1,2,1,4,4,2,4,2,3,2,5,5,1,4,1
s1076,1/19/22 13:28,682,1,1,2,1,2,2,1,2,2,2,1,1,2,1,1,2,1,2,1,1,1,2,1,2,2,1,2,1,2,1,2,2,2,3,2,2,1,1,3,2,1,1,4,1,2,3,3,2,1,2,4,3,2,1,2,1,2,3,1,4,1,3,4,2,1,4,1,3,2,3,4,2,3,3,2,4,1,3,3,2,4,3,3,2,2,4,2,2,1,4,4,2,2,1,4,4,4,2,3,4,4,2,1,2,3,4,4,4,2,4,2,1,4,2,4,2,1,2,2,4,4,2,2,2,3,1,1,2,3,3,1,3,1,2,1,4,4,2,3,1
s1077,1/19/22 13:30,514,1,1,1,1,2,1,1,1,2,1,1,1,2,1,1,1,1,1,1,1,1,2,1,1,2,1,1,1,1,1,2,4,1,3,2,1,2,3,3,3,3,1,3,3,1,2,1,2,2,2,3,1,1,2,1,1,2,3,1,2,2,2,3,3,2,3,2,3,3,3,3,2,3,2,3,3,2,3,2,2,3,2,3,3,2,3,3,2,2,3,3,2,2,2,3,3,2,2,2,3,3,3,2,2,3,3,3,3,2,3,3,2,3,2,3,2,3,3,3,3,4,2,2,2,3,1,1,1,3,2,2,4,1,2,1,4,4,2,3,1
s1078,1/19/22 13:38,1138,1,1,1,1,2,1,1,2,2,2,1,2,2,1,1,2,1,2,1,1,1,2,1,2,2,1,2,1,2,1,2,2,3,2,3,1,3,4,2,3,2,2,2,3,2,1,2,3,4,3,2,2,3,2,4,3,4,2,2,2,4,2,1,2,3,3,2,2,3,1,2,1,1,3,3,2,3,2,3,3,2,3,2,2,2,2,4,4,2,2,2,1,1,3,4,2,4,2,3,2,3,2,4,1,3,2,3,1,2,2,4,2,2,1,2,2,4,3,1,2,2,2,3,2,1,1,1,1,3,2,2,1,1,3,2,4,4,1,2,1
s1079,1/19/22 13:26,451,1,1,1,1,2,2,1,2,2,2,1,1,2,1,1,2,1,2,1,1,1,2,1,2,2,1,2,1,2,1,2,3,1,3,2,1,2,4,4,4,3,1,3,3,1,3,1,1,1,1,3,1,1,3,2,1,2,2,1,2,3,2,3,3,1,4,1,4,3,4,4,1,4,3,3,3,2,3,4,2,4,2,4,3,2,4,3,1,2,4,4,4,2,2,4,4,2,2,2,4,4,4,1,2,4,4,4,4,2,4,4,3,4,1,4,2,3,4,3,3,4,1,2,2,4,1,1,1,2,4,1,4,1,3,1,4,4,1,4,1
s1080,1/19/22 13:33,954,1,1,2,2,2,2,1,2,2,2,1,2,2,2,1,2,2,1,2,1,2,2,1,2,2,2,2,2,2,2,2,4,1,3,2,1,1,3,4,4,4,1,4,2,1,3,2,1,1,1,4,1,1,1,2,1,1,1,1,2,4,1,4,4,1,4,1,4,4,4,4,1,4,3,1,4,1,4,4,4,4,3,4,3,1,4,4,1,1,4,4,4,2,1,4,4,4,2,2,4,4,4,1,2,4,4,4,4,1,4,4,4,4,2,4,1,4,4,4,4,3,1,3,1,3,1,1,1,3,3,1,3,1,3,1,3,3,1,3,1
s1081,1/19/22 13:37,1020,1,1,2,2,2,2,1,2,2,2,1,2,2,1,1,2,2,2,1,1,2,2,1,2,2,1,2,1,2,1,2,4,2,1,3,1,2,2,3,2,2,2,4,3,1,3,1,2,1,2,3,2,1,1,2,1,2,3,2,3,1,3,4,2,1,3,1,3,2,3,2,1,3,3,2,3,2,3,1,2,3,2,3,2,4,3,2,1,1,3,3,1,2,2,3,3,2,1,2,3,3,2,2,2,4,3,1,4,2,3,3,2,3,2,3,2,1,2,3,3,4,1,2,2,3,1,1,1,3,3,1,3,1,3,2,4,3,2,3,1
s1082,1/19/22 13:25,350,1,1,2,2,2,2,2,2,2,2,1,2,2,2,1,2,2,1,2,2,2,2,2,2,2,2,2,2,2,2,2,2,2,2,1,2,1,3,3,3,3,2,3,3,2,3,2,1,1,2,3,1,1,3,2,1,2,2,1,4,3,1,3,4,2,3,2,4,4,3,3,2,3,4,2,4,2,3,3,3,4,2,2,4,2,4,4,2,1,4,4,4,1,1,4,4,2,2,1,4,4,4,2,1,4,4,2,4,2,3,4,1,4,2,4,1,2,4,3,4,3,2,2,2,3,2,2,1,2,1,2,4,1,3,2,4,4,2,4,2
s1083,1/19/22 13:25,356,1,1,2,1,1,2,1,2,1,2,1,2,1,2,1,2,1,2,1,1,2,1,2,1,2,1,1,2,1,2,1,2,1,2,1,3,1,2,1,3,1,2,3,4,1,2,2,2,1,2,1,3,1,2,1,1,2,1,4,1,2,2,1,2,1,3,1,2,4,1,2,1,3,1,2,3,1,4,1,2,3,1,2,1,4,1,2,1,2,1,2,1,3,1,2,3,1,2,1,2,3,1,2,2,1,3,1,2,1,1,3,1,3,1,2,1,2,1,2,1,2,3,1,2,4,1,3,1,2,1,3,4,5,2,1,3,2,4,1,2
s1085,1/19/22 13:27,566,1,1,1,1,2,1,1,1,2,2,1,1,2,1,1,2,1,2,1,1,1,2,1,1,2,1,2,1,1,1,2,2,2,2,3,1,2,1,3,3,1,2,3,3,1,2,1,1,2,2,2,1,3,2,3,2,2,3,2,2,3,2,3,2,3,3,2,2,2,2,3,1,2,1,3,3,2,2,3,2,3,3,3,3,2,3,3,2,2,3,3,2,2,2,3,3,3,2,2,3,3,3,2,2,2,3,3,2,2,3,2,3,3,2,3,2,3,2,2,3,4,2,4,2,3,1,1,2,4,4,2,3,1,4,2,4,4,2,3,1
s1086,1/19/22 13:28,613,1,1,1,1,2,2,1,2,2,2,1,1,2,1,1,2,1,2,1,1,1,2,1,1,2,1,1,1,1,1,2,3,1,2,2,2,1,4,3,3,3,1,3,2,1,2,2,1,2,1,3,2,1,3,2,1,2,3,1,2,2,1,4,3,1,4,2,3,3,3,4,2,4,4,1,4,1,4,4,1,3,1,3,4,2,3,4,1,2,3,4,4,2,2,3,4,4,2,1,3,4,4,1,2,3,3,4,3,1,4,3,4,4,2,3,1,4,2,3,4,5,1,2,1,3,2,1,1,3,3,2,5,1,3,2,4,5,1,2,1
s1087,1/19/22 13:24,334,1,1,1,1,1,1,1,1,1,1,1,1,1,1,1,1,1,1,1,1,1,1,1,1,1,1,1,1,1,1,1,4,1,2,3,1,2,4,4,4,4,2,4,4,1,1,2,1,1,1,4,2,2,2,2,3,3,1,1,3,4,1,3,3,3,2,3,1,2,4,1,4,3,3,3,3,2,4,4,4,3,4,2,3,1,2,4,1,2,2,3,3,2,3,2,3,4,2,3,3,4,3,2,3,3,2,1,3,1,2,2,2,3,2,2,3,1,2,1,3,5,1,4,1,4,1,1,1,1,2,1,1,1,3,1,3,1,1,4,1
s1088,1/19/22 13:30,544,1,1,1,1,2,1,1,2,2,1,1,1,2,1,1,1,1,2,1,1,1,1,1,1,2,1,1,1,1,1,1,3,1,2,3,1,2,4,3,3,2,1,4,4,2,3,1,1,1,1,3,1,1,1,1,1,1,1,1,3,4,2,4,4,1,4,1,2,4,4,4,2,3,3,1,4,1,4,3,1,4,1,4,4,2,4,4,1,1,4,4,4,1,1,3,4,4,2,1,4,4,4,1,1,4,4,4,4,1,4,4,4,4,2,4,1,4,2,4,4,4,1,3,2,3,1,1,1,3,3,2,4,1,3,1,4,4,2,3,1
s1089,1/19/22 13:28,537,1,1,2,1,2,1,1,2,2,2,1,1,2,1,1,2,1,2,1,1,1,2,1,1,2,1,2,1,2,1,2,3,1,1,1,2,3,3,2,1,3,2,3,3,3,4,1,1,2,1,3,1,2,1,1,2,3,3,2,2,2,2,3,3,2,2,1,3,3,3,2,2,3,2,2,3,1,3,4,2,2,1,2,2,3,2,4,2,1,2,3,4,2,1,2,3,4,2,2,2,3,4,2,1,3,3,4,2,1,3,2,2,2,3,2,1,2,2,3,2,3,4,2,2,3,1,1,2,3,4,4,2,1,4,3,4,2,1,3,1
s1090,1/19/22 13:29,393,1,1,2,1,2,2,1,2,2,2,1,2,2,1,1,2,2,2,1,1,2,2,1,2,2,1,2,1,2,1,2,3,2,2,2,2,1,4,3,3,2,2,3,4,1,2,1,1,1,1,3,1,2,2,1,1,2,2,2,3,2,2,4,3,1,4,2,2,3,2,4,1,2,2,2,4,2,4,4,2,4,1,3,4,2,4,4,1,1,4,4,4,1,1,3,4,4,1,1,3,4,4,1,1,4,4,4,2,1,4,3,4,4,2,4,2,4,3,4,4,3,2,3,2,2,1,2,1,3,3,2,2,1,3,2,3,3,1,2,2
s1091,1/19/22 13:34,556,1,1,2,1,2,1,1,2,2,2,1,2,2,1,1,2,2,1,2,1,2,2,1,2,2,1,2,1,2,1,2,2,2,2,2,1,2,2,3,3,2,1,3,2,1,2,1,1,2,1,3,1,1,2,1,1,2,2,1,2,2,2,3,3,3,3,2,3,3,2,3,3,3,3,3,3,2,3,3,3,3,2,3,3,2,3,2,3,2,3,3,3,2,2,3,3,3,3,2,3,3,3,3,2,3,3,3,3,2,3,3,2,3,2,3,2,3,2,3,3,2,1,2,1,2,1,1,1,2,1,1,3,1,1,1,2,3,1,2,1
s1092,1/19/22 13:36,695,1,1,2,1,2,1,1,2,2,2,1,1,2,1,1,2,1,2,1,1,1,2,1,2,2,1,2,1,2,1,2,4,1,3,2,1,3,4,4,4,3,1,4,3,1,1,1,1,2,1,4,1,3,1,1,1,2,3,1,4,2,1,3,4,1,4,1,2,4,4,4,1,4,4,1,4,1,4,4,1,2,1,3,4,1,4,4,1,1,2,4,4,1,1,2,4,4,1,1,2,4,4,1,1,3,4,4,4,1,4,1,4,4,3,4,1,4,2,3,4,3,2,3,1,1,1,2,1,1,1,4,4,1,3,5,4,4,3,4,2
s1093,1/19/22 13:32,781,1,1,2,2,2,2,1,2,2,2,1,2,2,1,1,2,2,2,2,1,2,2,1,2,2,1,2,1,2,1,2,4,1,2,3,1,2,3,4,3,3,2,4,3,2,4,1,1,3,3,4,1,1,1,1,1,1,2,1,4,3,2,3,1,2,4,1,3,2,4,2,1,3,1,2,4,2,4,1,2,3,2,3,2,2,3,2,1,1,3,4,1,2,1,3,3,1,1,1,3,4,2,1,2,4,3,2,2,1,4,2,1,3,2,3,1,2,3,3,2,4,1,4,2,5,1,1,1,4,5,2,5,1,5,1,5,4,1,5,1
s1094,1/19/22 13:28,508,1,1,2,2,2,2,1,2,2,2,1,2,2,2,1,2,2,1,2,2,2,2,1,2,2,2,2,2,2,1,2,3,2,2,2,2,1,3,3,3,4,1,3,3,1,1,1,1,1,1,3,1,1,1,1,1,1,2,1,3,3,2,4,3,2,4,1,4,2,4,4,1,4,3,1,3,2,4,2,2,4,1,4,4,2,4,3,2,1,4,4,3,1,1,4,4,4,1,1,4,3,2,2,1,4,4,2,4,2,4,3,2,3,2,2,2,3,4,4,4,4,1,2,1,3,1,1,1,2,2,1,3,1,2,2,3,3,1,2,1
s1095,1/19/22 13:31,778,1,1,1,1,2,1,1,1,2,1,1,1,2,1,1,1,1,2,1,1,1,1,1,1,2,1,1,1,1,1,2,4,1,2,2,1,1,4,4,4,4,2,4,4,1,3,1,1,2,1,4,1,2,2,1,1,2,2,1,3,4,1,4,1,1,4,1,3,2,4,4,1,4,1,1,4,1,4,2,1,4,1,3,3,1,4,1,1,1,4,4,4,1,1,4,4,1,1,1,3,4,4,1,1,4,4,3,3,1,4,4,2,4,1,4,1,1,2,4,4,4,1,4,1,5,1,2,1,5,5,1,5,1,5,1,5,5,1,5,1
s1096,1/19/22 13:27,435,1,2,2,1,1,2,2,1,1,2,1,2,2,2,2,1,2,1,1,2,1,1,2,2,2,2,1,1,1,1,2,4,1,2,2,1,1,2,4,1,3,1,4,4,3,1,4,2,3,4,4,1,4,3,4,4,3,2,3,2,3,2,2,4,2,2,1,1,3,1,4,2,1,4,4,2,1,3,3,2,1,4,2,4,3,3,1,1,1,4,3,1,2,3,1,1,3,2,4,4,3,2,3,3,1,1,1,1,1,2,1,3,3,4,3,4,2,2,4,3,5,1,1,5,5,1,1,4,1,5,1,5,4,1,1,1,4,1,5,1
s1097,1/19/22 13:28,470,1,1,2,1,2,2,1,2,2,2,1,2,2,1,1,2,2,2,1,1,1,2,1,2,2,1,2,1,2,1,2,3,2,3,3,1,2,4,3,3,3,2,3,3,2,3,1,2,2,2,3,1,2,2,3,2,2,2,2,3,3,2,3,3,1,3,2,2,3,3,3,3,3,2,1,3,2,3,4,1,3,2,3,3,2,3,4,2,2,3,3,3,2,2,3,3,4,2,2,3,3,3,2,1,3,3,4,3,2,3,3,2,3,2,3,2,3,2,3,3,4,1,2,1,3,1,1,1,3,4,2,4,1,3,1,4,4,1,3,1
s1098,1/19/22 13:27,491,1,1,1,1,1,1,1,1,1,1,1,1,1,1,1,1,1,2,1,1,1,1,1,1,2,1,1,1,1,1,1,4,1,3,3,1,1,4,4,4,4,2,4,4,1,2,1,1,1,1,3,2,1,1,2,3,1,3,1,4,3,2,4,1,1,4,1,4,2,4,4,1,3,1,1,4,1,4,2,2,4,1,3,1,1,4,4,1,2,4,4,2,1,2,4,4,2,1,1,4,4,3,1,1,4,3,4,4,1,1,4,2,4,1,4,1,3,4,4,2,4,1,4,1,5,1,2,1,5,5,2,5,1,5,2,5,5,1,5,1
s1099,1/19/22 13:47,1412,1,1,1,1,2,1,1,1,2,2,1,1,2,1,1,2,1,1,1,1,1,2,1,1,2,1,2,1,1,1,2,4,1,3,4,1,1,4,4,4,4,1,4,4,1,1,1,1,2,1,4,1,1,1,1,1,2,2,1,1,4,2,4,2,1,4,1,4,4,4,4,1,4,3,2,4,1,4,2,1,4,1,4,3,1,4,4,1,1,4,4,3,1,1,4,4,4,1,1,4,4,4,1,1,4,4,4,4,1,4,4,3,4,1,4,1,4,3,4,4,5,1,4,1,5,1,1,1,5,5,1,5,1,5,1,5,5,1,5,1
s1100,1/19/22 13:32,480,1,1,1,1,1,1,1,2,2,2,1,1,1,2,2,1,1,2,2,1,1,1,1,1,1,1,2,1,1,1,2,4,1,3,4,1,2,3,4,4,3,1,4,4,1,3,1,1,2,2,4,1,2,2,1,3,2,4,2,2,4,1,3,2,1,1,2,3,2,3,1,2,1,1,1,3,1,4,2,2,4,4,2,3,1,3,2,1,2,4,2,4,1,2,3,1,2,1,4,2,1,2,1,3,1,2,2,1,1,2,2,2,3,1,2,1,2,1,3,1,5,1,5,1,5,1,1,1,5,5,1,5,1,5,1,5,5,1,5,1
s1101,1/19/22 13:32,799,1,1,1,1,2,2,1,2,2,2,1,1,2,1,1,2,1,2,1,1,1,2,1,1,2,1,2,1,2,1,2,3,2,2,2,2,2,2,3,3,2,1,3,2,2,3,2,2,2,2,2,2,2,3,2,2,2,2,2,2,2,3,3,2,2,3,2,3,2,3,3,3,3,2,2,3,2,3,1,2,3,2,3,2,3,3,1,2,2,3,3,2,2,2,3,3,1,3,3,3,3,2,2,2,3,3,1,3,2,3,3,1,3,2,3,2,1,2,3,3,4,2,2,1,3,1,1,1,3,2,1,3,1,4,1,4,3,1,3,1
s1102,1/19/22 13:32,612,1,1,1,1,1,1,1,1,1,1,1,1,1,1,1,1,1,1,1,1,1,1,1,1,1,1,1,1,1,1,1,3,2,3,2,1,2,3,4,2,3,2,3,2,3,4,3,2,2,2,1,3,4,3,2,3,2,3,2,3,4,2,1,2,2,1,2,1,2,2,1,2,1,1,2,1,2,2,2,2,2,1,2,2,2,2,2,2,1,2,2,2,1,2,2,2,1,2,2,2,1,2,2,1,2,2,1,2,2,1,3,2,3,2,2,2,3,2,2,3,3,1,3,2,3,2,1,2,4,5,2,2,1,3,2,4,5,3,3,2
s1103,1/19/22 13:37,713,1,2,2,2,2,2,2,2,2,2,2,2,2,2,2,2,2,2,2,2,2,2,2,2,2,2,2,2,2,2,2,4,1,2,2,1,2,4,3,3,3,2,4,2,1,3,2,1,1,1,3,2,2,2,2,1,2,2,1,3,2,2,4,3,1,4,1,2,3,3,3,1,3,2,2,4,1,4,2,2,4,1,3,3,2,4,2,2,1,4,4,3,1,1,3,4,2,1,1,3,4,2,1,1,4,4,2,3,1,3,4,1,3,2,2,1,1,2,2,3,2,3,2,4,2,2,4,1,2,2,3,5,2,2,3,4,5,3,3,4
s1104,1/19/22 13:26,324,1,1,1,1,1,1,2,1,2,2,1,1,1,1,1,1,2,1,1,1,1,2,1,1,1,1,1,2,1,1,2,3,1,4,4,1,4,3,3,4,4,2,4,2,1,3,3,3,4,3,4,3,4,2,4,2,3,2,3,3,4,2,4,2,3,2,2,4,1,1,4,4,4,2,4,1,4,4,4,3,2,1,4,3,1,2,4,1,4,4,1,1,4,1,4,1,4,4,4,4,4,3,4,1,4,1,4,4,1,2,4,4,1,4,1,4,4,2,4,1,5,2,5,1,3,1,4,1,4,4,2,1,2,4,3,5,5,4,5,3
s1105,1/19/22 13:29,560,1,1,2,1,2,2,1,2,2,2,1,1,2,1,1,2,1,1,1,1,1,2,1,1,2,1,2,1,2,1,2,3,1,3,3,1,1,4,4,4,2,1,4,3,1,2,1,2,1,1,4,1,1,3,2,1,2,2,1,2,3,1,4,3,1,4,1,4,4,4,4,1,4,2,2,4,1,4,2,2,4,2,4,3,1,4,3,1,1,4,4,3,1,1,3,4,3,1,1,4,4,3,1,1,4,4,3,4,1,4,4,4,4,1,4,1,4,4,2,4,5,1,3,1,2,1,1,1,5,1,1,5,1,3,2,5,5,1,5,1
s1106,1/19/22 13:33,661,1,1,2,2,2,2,1,2,2,2,1,1,2,1,1,2,1,1,1,1,1,2,1,2,2,1,2,1,2,1,2,3,2,4,2,1,3,3,3,2,3,2,3,4,2,3,1,2,2,3,2,1,2,1,1,1,3,2,2,4,3,2,3,3,1,4,2,3,3,3,3,3,3,3,1,3,2,3,4,2,4,1,4,4,3,4,4,2,2,2,4,3,2,2,3,4,4,2,1,3,4,4,2,2,3,4,4,3,2,3,3,3,4,4,3,2,3,2,2,3,4,3,2,3,3,2,2,2,2,4,2,3,1,3,1,5,4,1,5,2
s1107,1/19/22 13:33,757,1,1,1,1,2,2,1,2,2,2,1,1,2,1,1,2,1,2,1,1,1,2,1,2,2,1,2,1,2,1,2,2,2,2,3,2,2,4,2,3,3,1,3,1,1,3,2,2,1,2,3,1,2,3,2,1,2,2,1,3,3,2,3,3,2,3,1,3,3,3,3,2,3,3,1,3,2,3,4,2,3,2,3,3,2,3,4,2,2,3,3,3,3,2,3,4,2,3,1,3,3,2,3,2,3,3,4,2,2,3,3,2,3,2,3,2,4,3,3,3,3,1,2,1,1,2,1,1,2,1,2,3,1,4,2,3,3,1,2,1
s1108,1/19/22 14:59,599,1,1,1,1,2,1,1,2,2,2,1,1,2,1,1,2,1,2,1,1,1,2,1,1,2,1,2,1,2,1,2,1,3,4,1,2,4,1,3,2,4,3,1,1,1,2,3,4,2,3,4,4,2,4,3,2,3,4,3,2,1,1,1,4,1,1,2,1,1,1,2,1,4,1,1,2,2,2,4,1,2,2,1,3,3,3,4,1,2,2,1,2,2,2,1,3,4,1,1,2,2,3,1,1,1,2,4,4,3,2,1,4,2,3,1,2,4,1,1,1,3,5,2,4,1,3,5,3,1,2,5,4,4,4,5,1,2,4,3,3
s1109,1/19/22 13:27,438,1,1,1,1,2,1,1,1,2,2,1,1,2,1,1,2,1,2,1,1,1,2,1,1,2,1,2,1,1,1,2,2,2,3,2,2,3,4,3,2,2,3,3,2,2,3,1,3,2,2,3,1,2,3,2,2,3,2,3,4,3,2,2,2,3,3,3,3,2,2,3,1,2,2,3,3,2,2,3,2,3,2,2,3,3,3,4,2,2,3,4,2,2,2,3,4,3,2,2,3,4,2,2,1,3,3,4,2,2,3,2,2,3,2,3,1,1,2,2,3,2,3,2,2,3,2,3,1,3,2,1,3,2,3,4,3,4,2,3,4
s1110,1/19/22 13:47,1548,1,1,1,1,2,2,1,2,2,2,1,1,2,1,1,2,1,2,1,1,2,2,1,2,2,1,2,1,2,1,2,3,2,3,1,1,2,3,3,3,2,2,3,2,3,2,2,2,2,2,3,2,1,2,2,1,2,3,2,2,2,2,3,3,2,3,2,3,3,3,3,3,2,3,2,3,2,3,3,2,3,2,3,3,2,3,3,2,2,3,3,3,2,2,2,3,3,2,2,3,3,3,2,2,2,3,3,3,2,3,2,3,3,2,3,2,3,3,3,3,4,1,1,1,2,1,1,1,2,1,1,4,1,2,1,3,4,1,3,1
s1111,1/19/22 13:28,439,1,1,1,1,2,2,1,2,1,2,1,1,2,1,1,2,1,2,1,1,1,2,1,1,1,1,1,1,1,1,2,3,2,3,1,1,1,3,3,3,2,1,3,2,2,2,1,1,3,2,3,1,2,2,2,2,1,2,1,3,4,1,4,4,1,4,1,4,4,4,4,3,4,4,2,4,1,4,4,1,4,1,4,4,1,4,4,1,1,1,4,1,1,1,3,4,4,2,1,4,4,4,1,1,1,4,4,4,2,4,1,1,4,1,4,1,4,4,2,4,4,2,1,1,1,1,1,2,2,1,2,4,1,4,1,3,4,2,2,1
s1112,1/19/22 13:34,634,1,1,1,1,1,1,1,1,1,1,1,1,1,1,1,1,1,1,1,1,1,1,1,1,1,1,1,1,1,1,1,3,1,3,3,1,2,4,4,4,4,4,3,4,2,2,2,2,4,3,3,1,1,2,2,1,2,4,4,2,3,2,3,2,1,3,1,3,1,2,3,2,4,2,1,4,1,3,1,1,3,1,3,3,2,4,4,1,1,4,4,2,1,1,3,4,2,1,1,3,4,2,1,1,4,4,1,2,1,1,2,2,4,2,3,1,4,4,3,2,3,1,3,1,2,1,1,1,3,1,1,3,1,3,1,3,4,1,3,1
s1113,1/19/22 13:29,476,1,1,2,1,2,2,1,2,2,2,1,2,2,1,1,2,2,2,1,1,2,2,1,2,2,1,2,1,2,1,2,4,1,2,1,1,4,4,3,3,3,4,4,4,2,2,1,2,2,2,4,1,2,1,1,2,3,1,4,4,4,1,3,3,1,4,1,4,4,3,4,3,3,2,1,4,1,3,1,1,4,2,2,4,2,4,1,1,1,3,4,3,1,1,2,4,4,1,1,3,4,2,1,1,3,4,2,4,1,4,3,4,4,2,4,1,4,4,3,4,5,2,2,3,3,2,2,1,1,3,3,5,2,4,4,5,5,4,5,2
s1114,1/19/22 13:31,608,1,1,1,1,2,2,1,2,2,2,1,1,2,1,1,2,1,1,1,1,1,2,1,1,2,1,2,1,1,1,2,3,1,2,4,1,2,4,3,4,3,1,4,3,1,3,1,2,1,2,3,1,2,3,2,1,2,2,1,4,3,2,3,2,1,2,1,1,2,4,2,1,3,1,2,3,1,3,2,2,4,2,4,2,1,3,1,1,1,2,3,2,1,1,2,4,1,2,1,3,3,3,1,1,3,2,1,4,1,2,2,1,3,1,3,1,1,1,3,2,4,1,4,1,4,2,1,1,5,4,1,5,1,4,1,5,5,1,4,1
s1115,1/19/22 13:27,363,1,1,1,1,2,1,1,2,2,2,1,1,2,1,1,1,1,2,1,1,1,2,1,1,2,1,1,1,1,2,2,4,1,1,3,1,2,4,4,4,4,2,4,4,1,4,2,2,1,2,4,1,2,1,2,1,2,1,2,4,4,2,4,3,1,4,2,4,2,4,3,1,4,2,2,3,1,4,2,2,4,2,4,2,1,4,2,1,1,4,4,2,1,1,4,4,2,1,3,3,4,2,1,1,4,4,2,4,1,4,4,2,4,3,4,2,2,3,2,3,4,1,4,1,4,1,2,1,5,4,1,4,1,4,2,4,4,2,3,1
s1116,1/19/22 13:32,546,1,1,2,2,2,2,1,2,2,2,1,2,2,1,1,2,1,2,1,1,2,2,1,2,2,1,2,1,2,1,2,3,2,3,2,1,1,3,3,3,2,1,3,3,1,3,2,2,2,2,3,1,2,2,1,1,2,2,1,3,3,3,3,2,1,4,2,2,2,4,4,1,3,2,2,4,2,3,1,2,4,2,3,2,2,4,2,1,2,3,4,2,2,2,3,4,2,1,2,3,4,2,1,2,3,4,2,3,2,3,3,1,3,2,4,2,2,3,3,4,4,2,3,1,4,1,1,1,3,3,1,4,1,3,2,4,4,1,3,1
s1117,1/19/22 13:33,459,1,2,2,2,2,2,2,2,2,2,2,2,2,2,2,2,2,2,2,2,2,2,2,2,2,2,2,2,2,2,2,4,1,3,3,1,1,4,4,4,4,1,4,4,1,4,1,1,1,1,4,1,1,2,2,1,1,2,1,4,4,2,4,3,1,4,1,4,4,4,4,1,4,3,1,4,1,4,4,1,4,2,4,4,1,4,4,1,1,4,4,4,1,1,,4,4,1,1,4,4,4,1,1,4,4,4,4,1,4,4,3,4,1,4,1,4,4,4,4,4,1,4,1,4,1,1,1,4,4,1,4,1,4,1,5,5,1,4,1
s1118,1/19/22 14:00,336,1,1,1,1,1,1,1,1,2,2,1,1,1,1,1,1,1,2,1,1,1,2,1,1,2,1,1,1,1,1,2,3,1,2,2,1,1,3,3,3,2,4,3,1,1,4,2,1,1,2,3,2,1,1,1,2,1,1,4,4,2,2,4,2,1,4,1,3,2,4,4,1,4,2,1,4,1,4,4,2,4,3,4,3,1,4,4,1,2,4,4,2,1,1,4,4,4,2,1,4,4,4,1,2,4,4,4,4,2,4,4,4,4,2,4,1,4,4,4,4,4,1,1,1,1,1,1,1,2,1,1,4,1,2,1,4,4,1,2,1
s1119,1/19/22 13:33,462,1,1,1,1,2,2,1,2,2,2,1,1,2,1,1,2,1,2,1,1,1,2,1,1,2,1,2,1,2,1,2,4,1,2,2,1,3,4,3,3,3,2,4,4,2,2,2,1,2,1,4,2,2,1,1,2,2,2,2,2,3,1,3,4,1,2,1,2,3,3,4,4,3,3,2,4,2,3,3,2,3,2,2,3,2,4,4,1,2,3,4,3,2,1,3,4,4,1,1,2,3,4,1,2,4,4,4,4,1,4,2,3,4,2,3,2,3,4,3,4,3,2,1,2,2,3,3,1,2,3,2,4,2,3,4,4,4,2,2,3
s1120,1/19/22 13:33,505,1,1,2,2,2,2,1,2,2,2,1,2,2,1,1,2,1,1,1,1,1,2,1,2,1,1,2,1,2,1,2,3,1,1,2,1,3,2,3,2,3,1,4,2,1,3,1,1,3,1,4,4,1,3,1,2,3,2,2,4,3,2,4,3,2,3,1,2,3,3,3,1,2,4,2,3,1,3,2,2,3,1,1,2,3,2,3,2,2,4,4,3,2,1,3,3,1,1,3,2,3,3,2,3,2,3,2,1,1,3,2,3,4,2,3,1,2,3,4,4,4,3,3,2,2,1,3,2,3,4,3,5,,4,4,5,5,2,1,2
s1121,1/19/22 13:54,1099,1,1,1,1,1,1,1,1,2,1,1,1,1,1,1,1,1,1,1,1,1,1,1,1,2,1,1,1,1,1,1,4,1,3,3,1,2,4,4,3,4,1,4,3,1,2,1,1,1,1,4,1,1,1,1,1,1,2,1,1,3,1,4,1,1,2,1,3,3,4,4,4,4,3,2,4,1,4,2,2,4,1,4,3,1,4,2,1,1,4,4,2,2,1,4,4,2,1,1,4,3,3,1,1,4,3,2,3,1,4,4,2,4,1,4,1,4,3,4,4,4,1,5,1,5,1,1,1,5,5,1,4,1,5,1,4,4,1,5,1
s1122,1/19/22 13:39,738,1,1,1,1,2,2,2,2,2,2,1,1,2,1,1,2,1,2,1,1,2,2,1,2,2,1,2,1,2,1,2,3,1,4,4,1,1,4,4,4,3,1,4,4,1,4,1,1,1,1,4,2,2,3,1,4,4,2,1,3,4,1,4,1,1,1,1,4,4,4,4,1,4,1,1,4,1,4,1,2,4,1,4,2,1,1,1,1,1,4,4,1,1,1,4,4,1,1,1,4,4,3,1,1,4,4,1,2,1,4,4,1,4,1,4,1,2,4,4,4,5,2,4,2,4,1,1,1,5,5,2,5,1,5,1,5,5,1,5,2
s1123,1/19/22 13:37,523,1,1,2,2,1,1,1,1,1,2,1,1,2,1,1,2,1,1,2,1,1,2,1,1,2,1,1,2,2,1,1,4,1,3,3,1,3,3,3,2,2,2,3,3,2,3,2,2,3,3,3,2,2,2,2,2,3,2,3,3,3,2,2,3,2,2,1,2,2,2,1,3,2,2,2,3,2,2,1,2,2,3,2,2,1,2,2,2,1,3,3,1,1,2,1,2,3,1,2,2,2,2,3,2,2,1,2,3,3,2,1,1,1,2,2,3,1,2,2,1,4,2,5,2,5,1,2,2,4,4,2,4,2,4,3,3,4,2,5,1
s1124,1/19/22 13:35,487,1,1,1,1,2,2,1,2,2,2,1,1,2,1,1,1,1,2,1,1,1,2,1,1,2,1,2,1,2,1,2,3,1,2,4,1,1,2,4,3,2,1,3,3,1,1,1,2,3,2,3,1,2,1,1,1,2,2,1,2,2,2,3,2,1,4,2,2,1,4,4,2,3,2,2,3,2,3,2,2,4,3,4,2,1,4,3,1,2,3,4,2,1,2,3,4,3,1,3,2,4,2,1,3,4,4,2,4,2,3,3,1,4,1,3,2,1,2,3,4,4,1,3,1,5,1,1,1,4,5,2,4,1,3,1,4,5,1,4,1
s1125,1/19/22 13:41,392,1,1,1,1,1,2,1,2,2,2,1,1,2,1,1,1,1,1,1,1,1,2,1,1,2,1,2,1,1,1,1,3,1,2,2,1,1,4,3,3,1,2,2,4,3,1,1,2,2,1,2,1,2,1,2,3,2,3,2,4,2,2,3,2,1,3,2,1,2,3,2,3,2,4,2,3,2,3,4,2,3,2,4,4,2,3,4,2,2,4,4,4,2,2,3,2,4,2,2,3,4,4,1,1,3,4,4,3,2,3,3,2,3,2,3,1,3,1,2,3,3,1,3,1,4,1,1,1,3,4,1,4,1,3,1,4,4,1,4,1
s1126,1/19/22 14:43,4341,1,1,2,1,2,2,1,2,2,2,1,2,2,2,1,2,2,1,2,2,2,2,1,2,2,2,2,2,2,2,2,4,1,4,3,1,2,4,4,4,4,2,4,4,1,2,1,2,3,2,4,1,2,1,2,2,2,3,2,4,3,1,4,1,1,4,1,4,1,4,2,4,4,1,2,4,1,2,2,1,4,1,3,1,1,4,4,1,1,4,4,2,1,1,3,4,4,1,2,4,3,4,1,1,4,2,3,3,1,1,4,4,4,1,1,2,3,2,4,4,4,1,5,1,3,1,1,1,5,5,1,5,1,5,1,5,5,1,5,1
s1127,1/19/22 13:40,544,1,1,1,1,2,1,1,2,2,2,1,1,2,1,1,1,1,2,1,1,1,2,1,2,2,1,2,1,2,1,2,4,1,2,3,1,2,4,3,3,2,2,3,3,1,4,1,1,1,1,3,1,2,2,2,2,2,2,1,4,3,2,3,2,2,4,2,3,3,4,3,2,3,2,1,3,2,3,3,2,4,2,3,3,2,3,3,2,2,3,4,2,3,2,3,3,2,2,2,3,3,2,2,2,3,3,3,4,2,3,3,2,3,2,3,2,2,3,3,3,3,1,2,1,2,1,1,1,2,2,1,3,1,2,1,3,3,1,2,1
s1128,1/19/22 13:49,908,1,1,2,1,2,2,1,2,2,2,1,1,2,1,1,2,1,2,1,1,2,2,1,2,2,1,2,1,2,1,2,3,2,2,2,1,1,4,3,4,4,1,3,4,2,3,1,2,1,2,3,2,2,2,2,1,2,3,1,3,2,2,3,3,1,4,1,3,4,3,4,2,3,3,2,4,2,3,3,2,4,2,4,3,2,4,2,2,2,3,4,3,2,2,4,4,3,2,2,3,4,2,2,1,3,4,4,4,2,3,4,2,3,2,3,2,4,4,3,3,4,1,2,1,3,1,1,1,3,2,1,4,1,2,2,4,4,1,3,1
s1129,1/19/22 13:38,378,1,1,1,1,1,1,1,1,1,2,1,1,2,1,1,2,1,2,2,1,1,1,1,1,2,1,1,1,1,1,1,4,1,2,2,2,3,4,2,2,4,2,4,2,1,4,2,1,2,1,4,1,2,1,1,1,3,1,2,4,4,1,3,4,1,3,1,2,3,3,3,2,1,2,1,3,1,2,4,2,3,1,1,4,3,3,4,2,2,4,3,4,2,1,3,4,4,2,3,3,3,4,2,1,3,3,4,2,1,4,3,4,3,2,4,1,4,2,3,3,4,2,4,2,2,3,1,1,3,3,1,3,1,3,2,3,3,2,1,1
s1130,1/19/22 13:41,487,1,1,1,1,2,1,1,2,2,2,1,1,2,1,1,1,1,1,1,1,1,2,1,1,2,1,1,1,1,1,2,3,1,3,3,1,1,3,3,3,3,1,3,3,2,2,1,2,1,2,3,2,3,2,2,1,2,3,1,2,1,2,3,3,1,4,2,2,4,3,4,2,2,1,1,4,2,4,1,1,4,2,1,3,1,4,4,2,1,2,4,3,1,2,1,4,4,2,2,3,4,3,1,1,1,4,4,4,2,4,1,1,4,4,4,2,1,3,1,4,4,1,1,1,2,1,1,1,3,2,1,4,1,2,1,4,4,1,4,1
s1131,1/19/22 13:43,444,1,1,2,1,2,2,1,2,2,2,1,1,2,1,1,2,2,2,1,1,1,2,1,2,2,1,2,1,2,1,2,4,1,2,2,1,1,4,4,3,2,2,4,2,1,2,2,2,2,1,4,2,2,3,2,2,3,4,2,3,2,1,3,3,2,4,1,2,2,2,4,1,4,4,3,4,1,2,4,2,4,1,3,4,2,4,2,2,1,4,4,2,2,1,4,4,4,2,1,4,4,4,3,1,4,4,3,1,1,4,4,2,4,2,4,1,4,2,3,4,3,2,2,1,3,1,1,1,2,2,2,4,1,2,2,3,4,1,3,1
s1132,1/19/22 13:43,347,1,1,2,1,1,2,2,1,1,2,2,1,1,2,2,1,1,2,1,2,2,1,2,2,1,2,1,2,1,2,1,4,3,3,4,1,2,4,3,3,4,2,4,3,2,4,2,2,3,4,3,3,2,3,4,4,2,3,4,2,3,2,2,1,2,2,1,3,1,2,4,3,2,3,1,2,1,2,2,1,3,1,2,1,2,2,1,1,2,1,2,1,2,1,3,3,1,2,2,2,1,3,2,1,2,1,3,3,2,1,3,2,1,2,1,3,2,1,1,3,5,4,4,2,3,4,3,5,3,3,2,4,2,2,5,5,4,3,3,3
s1133,1/19/22 13:49,432,1,1,1,1,2,1,2,2,2,2,1,1,2,1,1,2,1,2,1,1,1,2,1,1,2,1,2,1,1,1,2,4,1,4,1,1,2,4,4,4,4,2,4,4,1,4,2,1,1,1,4,1,1,2,1,1,3,4,1,4,2,1,4,1,1,4,1,4,3,4,4,1,4,1,1,4,1,4,1,1,4,1,4,4,1,4,1,1,1,4,4,2,1,1,4,4,2,1,1,4,4,4,1,1,4,4,2,4,1,4,4,1,4,1,4,1,4,4,4,4,4,1,4,1,5,1,1,1,4,4,1,5,1,3,1,5,5,1,5,1
s1134,1/19/22 13:50,695,1,1,1,1,2,1,1,2,2,2,1,1,2,1,1,1,1,2,1,1,1,2,1,1,2,1,2,1,2,1,2,3,2,3,3,1,2,4,3,4,3,2,3,3,2,3,1,2,2,2,3,1,2,2,2,2,2,2,2,3,2,2,3,3,1,4,2,2,3,3,4,3,3,3,2,4,1,3,3,2,3,2,4,4,1,3,4,1,1,3,4,3,2,1,3,4,4,1,1,3,4,4,1,1,3,3,4,3,1,4,3,4,4,2,4,1,4,3,3,3,5,1,5,1,5,1,1,1,5,5,1,5,1,5,1,5,5,1,5,1
s1135,1/19/22 13:44,305,1,1,1,1,2,2,1,2,2,2,1,1,2,1,1,2,1,2,1,1,2,2,1,1,2,1,2,1,2,1,2,3,1,3,2,1,2,3,4,3,4,2,3,3,2,3,2,1,2,2,3,2,1,2,2,1,2,2,2,3,3,2,3,3,1,3,2,3,3,4,3,2,3,2,1,3,2,3,4,1,3,2,3,3,2,3,4,1,2,3,3,3,2,1,3,3,4,1,2,3,3,4,1,2,3,3,4,4,1,3,3,3,3,2,3,1,3,3,3,3,3,4,2,4,3,2,2,3,2,3,4,5,2,2,5,5,5,3,5,2
s1136,1/19/22 14:47,1630,1,1,1,2,2,2,1,2,2,2,1,1,2,1,1,2,1,1,1,1,1,2,1,1,2,1,2,1,2,1,2,3,2,3,4,2,3,2,2,3,2,1,3,3,1,4,1,3,2,4,3,1,2,1,2,2,2,2,1,4,3,2,2,1,1,3,2,1,3,4,4,3,2,3,1,4,2,4,4,1,4,3,4,2,2,4,4,1,2,2,4,1,1,1,2,4,3,1,3,2,3,2,1,2,3,4,4,4,2,4,2,2,3,3,4,2,3,1,2,2,4,2,3,1,3,1,1,1,4,3,3,4,1,4,2,5,4,1,5,1
s1137,1/19/22 13:52,550,1,1,1,1,2,2,1,1,2,2,1,1,2,1,1,1,1,1,1,1,1,2,1,1,2,1,2,1,1,1,2,3,1,2,2,1,2,4,4,3,2,2,4,3,1,3,2,1,2,1,4,1,1,1,1,2,2,3,1,4,2,1,4,3,2,4,1,3,2,3,4,1,4,2,4,4,1,4,3,3,4,2,4,3,2,4,4,2,1,4,4,2,1,1,4,4,4,1,1,4,4,4,2,2,4,4,4,3,1,4,4,4,4,1,4,1,4,3,4,4,4,1,3,1,2,1,1,1,3,3,1,4,1,2,1,4,4,2,4,1
s1138,1/19/22 13:49,609,1,1,2,2,2,2,1,2,2,2,1,2,2,2,1,2,2,1,2,2,2,2,1,2,2,1,2,1,2,2,2,4,2,2,2,1,2,4,3,3,4,2,4,2,2,4,1,1,2,2,3,1,2,2,2,1,2,1,2,3,3,1,3,3,1,4,2,3,2,4,4,1,3,1,1,4,2,4,4,2,4,2,3,3,2,4,4,1,2,4,4,2,2,1,3,4,3,1,1,4,4,2,1,2,4,4,4,3,1,4,2,2,4,3,4,2,2,3,2,3,4,1,2,1,2,1,1,1,2,2,1,2,1,1,1,3,3,1,3,1
s1139,1/19/22 14:05,1075,1,1,2,1,2,2,1,2,2,2,1,2,2,1,1,2,2,2,2,1,2,2,1,2,2,1,2,1,2,1,2,2,2,1,2,2,2,3,2,3,2,1,3,3,2,1,1,2,2,1,3,2,2,1,2,2,2,2,2,2,2,1,3,3,2,4,2,2,4,2,4,2,4,3,3,4,2,3,2,2,4,1,3,4,2,4,4,3,1,2,4,3,2,2,1,4,4,2,1,2,4,3,3,2,2,4,2,3,2,4,2,3,4,3,4,2,4,3,3,4,2,2,2,2,2,1,1,1,2,1,3,4,1,2,2,3,3,1,3,1
s1140,1/19/22 14:06,646,1,1,2,1,2,2,1,2,2,2,1,2,2,1,1,2,2,2,2,1,2,2,1,2,2,1,2,1,2,1,2,3,1,3,2,1,1,3,3,4,2,1,3,2,1,3,2,1,1,1,4,2,1,2,1,1,1,4,1,4,2,1,4,3,1,4,1,3,2,3,4,4,4,1,3,4,1,4,2,2,4,2,4,3,1,4,3,1,1,4,4,2,1,1,4,4,2,1,2,4,4,2,1,1,4,4,2,4,1,4,2,1,4,1,4,1,4,3,4,4,4,1,2,1,4,1,1,1,3,3,1,3,1,2,1,4,3,1,2,1
s1141,1/19/22 13:50,467,1,1,1,1,2,2,1,2,2,2,1,1,2,1,1,2,1,2,1,1,1,2,1,1,2,1,2,1,2,1,2,3,2,2,3,1,1,3,3,4,4,3,2,2,2,1,1,2,2,2,2,2,3,1,2,1,2,3,2,4,2,3,4,3,2,4,2,2,4,3,4,2,4,2,2,4,2,2,2,2,4,3,4,3,1,4,4,2,2,2,4,3,1,2,3,4,4,2,2,3,4,3,2,2,3,4,4,4,3,4,2,4,4,3,4,2,2,4,2,4,4,1,3,1,4,1,1,1,4,4,1,4,1,3,1,5,4,1,3,1
s1142,1/19/22 13:56,670,1,1,2,1,2,2,1,2,2,2,1,1,2,1,1,2,1,2,1,1,1,2,1,2,2,1,2,1,2,1,2,2,2,3,1,3,2,3,2,3,2,1,4,2,1,3,3,2,1,2,3,1,1,3,1,2,3,1,1,3,2,2,3,4,3,3,2,2,4,1,4,1,3,4,3,4,2,1,4,3,4,2,3,4,2,4,4,3,2,3,4,4,3,2,2,4,3,4,1,3,4,4,4,2,3,4,4,1,2,4,1,4,4,3,4,2,4,3,2,4,4,2,3,2,3,2,1,1,4,2,3,4,2,2,3,4,4,1,3,1
s1143,1/19/22 13:58,615,1,1,2,1,2,2,1,2,2,2,1,2,2,1,1,2,2,2,1,1,2,2,1,2,2,1,2,1,2,1,2,3,1,3,1,1,2,3,3,2,3,2,3,3,2,3,1,2,2,2,3,1,1,2,1,1,2,2,2,2,2,2,3,3,2,2,1,2,3,2,2,2,2,2,2,2,1,2,3,3,2,1,3,3,2,2,4,3,2,2,2,3,2,1,2,3,4,3,2,3,2,4,2,1,2,2,3,2,1,2,2,3,2,3,3,1,2,2,2,3,3,1,2,1,2,1,1,1,2,2,2,3,1,2,1,3,3,1,2,1
s1144,1/19/22 14:00,757,1,1,2,2,1,1,2,2,1,2,1,2,1,1,2,2,1,2,1,2,2,2,2,1,2,1,1,2,1,1,2,2,3,2,3,1,3,2,3,1,2,2,3,2,3,2,3,2,2,3,1,2,3,2,2,3,2,3,2,1,3,2,3,2,3,1,3,1,3,2,3,2,3,1,3,2,3,3,2,3,2,3,2,4,3,2,2,2,3,3,2,3,1,2,3,2,3,2,3,2,3,1,2,3,2,2,3,2,3,1,3,2,3,2,3,2,3,1,3,2,1,4,2,4,1,2,,2,4,2,3,4,3,2,4,1,4,4,3,2
s1145,1/19/22 14:34,1148,1,1,1,1,2,1,1,1,2,1,1,1,2,1,1,1,1,1,1,1,1,1,1,1,2,1,1,1,1,1,1,4,1,2,3,1,1,4,4,4,3,1,4,4,1,4,3,1,1,1,4,1,1,1,3,1,3,2,1,3,4,2,4,1,1,4,1,4,2,4,4,1,2,4,1,4,1,4,2,1,4,1,4,3,1,4,2,1,1,4,4,1,1,2,4,4,3,1,1,4,4,3,1,1,4,4,3,4,1,4,4,2,4,1,4,2,3,4,4,4,5,1,4,2,4,1,1,2,4,5,2,5,1,5,1,4,5,1,5,1
s1146,1/19/22 13:59,419,1,1,1,2,2,2,1,2,2,2,1,1,2,1,1,2,1,1,1,1,2,2,1,2,2,1,2,1,2,1,2,4,1,2,2,1,1,3,4,4,3,2,4,3,1,3,2,1,1,1,4,1,1,1,2,1,2,3,2,3,2,2,4,2,1,4,1,3,2,4,4,1,4,3,2,4,1,4,2,2,4,2,4,3,1,4,2,1,1,4,4,2,1,1,4,4,2,1,2,4,4,4,1,1,4,4,1,4,1,4,4,1,4,2,4,1,2,2,4,4,3,1,2,1,3,1,1,1,3,2,1,4,1,2,1,4,4,1,5,1
s1147,1/19/22 13:58,200,1,1,1,2,1,2,2,2,2,2,2,1,1,1,2,1,2,1,2,1,1,1,1,1,1,2,1,2,1,2,2,4,2,3,2,1,2,2,3,4,2,2,4,3,2,2,2,1,2,2,4,3,2,3,2,2,2,3,2,2,4,2,2,3,4,2,1,2,1,3,4,2,3,1,1,4,4,4,3,3,3,1,1,4,2,4,1,2,3,2,4,1,4,3,1,3,4,3,2,4,3,2,3,4,1,4,4,4,3,3,4,4,3,3,4,4,4,4,4,1,5,1,5,2,4,1,2,2,5,5,1,4,2,5,2,4,4,1,5,1
s1148,1/19/22 14:17,398,1,2,2,2,2,2,2,2,2,2,2,2,2,2,2,2,2,2,2,2,2,2,2,2,2,2,2,2,2,2,2,4,1,1,1,2,4,4,4,1,4,4,4,4,1,3,1,1,3,1,3,1,1,2,1,1,4,1,4,4,4,1,4,3,1,4,1,4,2,1,4,1,3,4,1,4,1,4,4,2,4,1,1,4,4,4,4,2,1,4,4,2,1,1,4,4,4,2,1,4,4,4,2,1,4,4,4,4,1,4,4,4,4,1,4,1,4,4,4,4,1,5,1,5,1,1,5,3,1,1,5,1,2,1,5,1,1,5,1,5
s1149,1/19/22 14:07,615,1,1,1,1,2,2,1,2,2,2,1,1,2,1,1,2,1,2,1,1,1,2,1,2,2,1,2,1,2,1,2,4,1,2,3,1,2,4,4,4,2,1,4,3,1,3,2,1,1,2,4,2,2,1,2,1,3,2,1,3,2,1,4,4,1,3,1,3,2,3,4,1,3,4,2,4,1,4,2,3,4,1,4,2,1,4,2,1,1,4,4,1,1,1,4,4,1,1,1,4,4,2,1,1,4,4,1,4,1,4,4,1,4,1,4,1,1,2,4,4,4,2,2,1,3,1,1,1,2,2,2,4,1,1,2,3,4,1,3,1
s1150,1/19/22 14:02,287,1,1,2,2,2,2,2,2,2,2,1,2,2,1,1,2,1,2,2,1,2,2,1,2,2,1,2,1,2,1,2,2,3,4,3,1,2,2,1,2,1,1,2,2,3,2,1,4,3,4,2,2,3,2,2,3,3,4,2,4,1,2,1,2,2,1,2,1,1,3,2,2,3,1,2,2,1,2,2,2,2,3,2,2,3,2,4,2,2,2,3,2,4,3,1,3,4,2,3,1,3,2,1,2,3,2,4,3,3,2,3,2,2,4,2,2,4,1,2,1,4,2,4,2,3,4,2,1,4,4,1,3,1,3,2,4,5,3,4,2
s1151,1/19/22 14:10,454,1,1,1,1,2,1,1,1,2,1,1,1,2,1,1,1,1,2,1,1,1,1,1,1,1,1,1,1,1,1,2,4,1,4,4,1,3,4,4,4,4,2,4,4,2,4,2,1,4,4,4,2,4,4,2,4,4,2,3,2,3,2,4,2,1,2,1,4,2,2,2,2,2,1,2,1,1,2,1,2,4,2,3,1,1,3,2,2,2,2,2,2,2,1,3,2,2,2,1,3,2,2,2,2,2,3,2,4,1,2,4,4,2,2,2,2,1,2,2,2,5,1,5,1,4,1,1,1,5,5,1,1,1,1,1,5,5,1,5,1
s1152,1/19/22 14:30,984,1,1,2,1,2,2,1,1,2,2,1,1,2,1,1,2,1,2,1,1,1,2,1,1,2,1,2,1,1,1,2,3,1,2,1,1,1,2,4,3,3,2,3,3,1,3,1,1,1,1,3,1,1,2,1,3,3,2,2,3,3,2,3,2,2,2,2,2,2,3,2,3,3,2,3,3,2,3,2,3,2,3,2,2,2,2,3,1,2,3,2,2,3,2,3,2,1,2,2,2,2,3,2,2,2,3,2,2,2,2,2,2,2,2,2,2,2,2,2,3,4,2,3,2,4,2,2,2,4,3,2,4,2,4,2,4,5,2,4,2
s1153,1/19/22 14:16,616,1,1,1,1,2,1,1,1,2,1,1,1,1,1,1,1,1,1,1,1,1,1,1,1,2,1,1,1,1,1,1,2,2,4,2,1,2,4,3,2,3,2,4,3,2,3,2,2,2,3,3,2,3,2,2,3,2,3,2,4,2,2,1,2,1,2,2,1,2,3,2,2,3,2,1,2,2,3,2,2,2,3,2,3,2,2,3,2,3,2,2,3,2,3,3,2,2,1,2,1,3,2,3,2,3,2,1,2,1,2,1,2,2,1,2,3,1,2,1,2,3,2,4,2,2,3,1,3,3,2,3,2,3,2,2,3,4,2,3,2
s1154,1/19/22 14:14,473,1,1,2,2,2,2,1,2,2,2,1,2,2,1,1,2,1,2,2,1,2,2,1,2,2,2,2,1,2,1,2,3,1,1,1,2,2,3,3,2,4,1,3,4,1,1,1,1,2,1,3,1,1,3,1,1,2,2,1,1,3,1,3,4,2,4,2,4,4,2,4,2,4,4,1,4,1,3,4,2,4,2,3,4,2,4,4,2,1,3,4,4,1,2,3,4,3,2,1,4,4,4,2,1,3,4,4,4,2,4,3,3,4,2,4,2,3,4,3,4,1,3,1,3,1,2,2,4,1,1,5,3,2,1,3,1,2,1,2,2
s1155,1/19/22 14:16,485,1,1,1,1,2,1,1,2,2,2,1,1,2,1,1,1,1,2,1,1,1,2,1,1,2,1,2,1,1,1,2,3,1,1,1,2,2,4,2,2,3,2,3,4,2,2,1,1,2,1,3,1,1,4,2,1,2,2,3,2,3,1,3,4,2,4,1,1,4,2,4,2,4,2,3,4,2,3,4,3,4,1,1,4,3,4,4,2,2,3,4,4,2,2,4,4,4,2,1,3,4,4,2,1,3,4,4,3,1,4,3,4,4,2,4,2,4,3,4,4,4,2,1,2,3,1,1,1,3,3,2,3,1,3,1,4,3,1,2,1
s1156,1/19/22 14:13,370,1,1,2,2,2,2,2,2,2,2,1,2,2,2,1,2,2,1,2,2,2,2,1,2,2,2,2,2,2,2,2,4,1,2,1,1,3,4,4,3,4,2,4,3,1,2,1,1,2,1,3,1,1,3,1,1,3,2,2,3,4,1,4,3,1,3,1,3,4,3,3,1,4,2,1,3,1,2,2,1,3,1,2,4,2,3,2,1,1,3,3,3,1,1,3,4,3,1,1,4,4,3,1,1,3,3,2,4,1,4,3,3,4,2,4,1,3,4,4,3,3,1,2,1,1,2,2,1,2,1,2,4,1,2,3,2,4,2,3,2
s1157,1/19/22 14:21,666,1,1,2,2,2,2,1,2,2,2,1,2,2,1,1,2,2,1,1,1,2,2,1,2,2,1,2,1,2,1,2,3,1,3,2,1,1,4,4,3,2,1,3,3,1,2,1,2,1,1,3,1,1,2,2,1,3,3,1,3,2,1,4,4,1,4,2,4,4,4,4,2,4,4,1,4,1,4,4,1,4,1,4,4,2,4,4,1,1,4,4,4,1,2,3,4,4,1,1,4,4,4,1,1,4,4,4,4,2,4,3,4,4,1,4,1,4,4,3,4,4,1,2,1,4,1,1,1,2,3,1,4,1,3,1,4,4,1,3,1
s1158,1/19/22 14:22,586,1,1,2,1,1,2,1,2,2,2,1,2,2,1,1,2,1,1,2,1,2,2,1,2,2,1,2,1,2,1,2,3,1,2,2,1,2,3,3,2,2,1,3,4,2,3,1,2,1,2,3,1,2,2,1,1,2,2,1,3,2,2,3,3,1,3,2,2,1,3,3,2,2,2,1,3,1,1,1,2,2,2,2,3,2,3,1,2,1,2,3,2,2,2,1,4,1,2,2,1,3,2,2,1,2,3,3,4,1,3,1,1,3,2,2,2,2,2,2,3,3,2,2,3,3,1,1,1,2,2,3,4,2,2,5,4,4,2,1,1
s1159,1/19/22 14:35,1045,1,2,2,2,2,2,2,2,2,2,1,2,2,2,1,2,2,2,2,2,2,2,2,2,2,2,2,2,2,2,2,2,2,2,2,2,2,4,3,2,2,2,2,2,2,2,2,2,1,2,3,2,1,2,2,4,2,3,2,2,3,2,3,3,1,4,2,2,4,4,3,2,3,2,4,4,2,3,2,2,4,3,3,4,2,4,4,2,3,4,4,4,2,2,4,4,2,3,1,3,4,3,4,2,3,3,3,3,3,3,3,4,3,2,4,2,2,3,4,4,4,4,2,4,2,2,1,2,2,2,2,4,2,2,2,3,4,1,3,1
s1160,1/19/22 14:45,833,1,2,2,2,2,2,1,2,2,2,1,2,2,2,2,2,2,2,2,1,2,2,1,2,2,1,2,1,2,1,2,4,1,3,2,1,1,4,3,3,4,1,4,4,1,2,1,1,2,1,4,1,1,2,1,1,2,2,1,1,3,2,3,3,1,4,1,2,2,2,4,4,3,2,1,4,1,4,2,1,4,1,4,3,2,4,2,1,1,4,4,2,1,1,4,4,2,2,1,3,4,2,1,1,4,4,2,4,1,4,4,2,4,1,4,1,2,4,3,4,2,1,1,1,2,1,1,1,2,1,3,5,1,2,2,4,3,4,2,1
s1161,1/19/22 14:25,452,1,1,1,1,2,1,1,2,2,2,1,1,2,1,1,2,1,2,1,1,1,2,1,1,2,1,2,1,1,1,2,3,2,3,2,2,2,3,2,2,3,3,3,3,2,2,3,2,3,2,3,2,2,2,1,2,2,2,3,2,2,1,2,2,2,2,1,2,2,1,2,2,2,3,2,2,1,1,2,1,2,1,2,3,3,2,3,2,1,2,2,2,3,1,2,2,3,2,2,1,2,2,2,1,2,2,2,1,1,2,2,2,2,3,2,1,1,2,2,2,3,2,3,2,4,1,2,2,3,4,3,4,2,3,3,4,4,3,2,2
s1162,1/19/22 14:31,596,1,1,2,2,2,2,1,2,2,2,1,2,2,1,1,2,1,2,2,1,2,2,1,2,2,1,2,1,2,1,2,2,2,1,2,2,1,2,1,1,2,2,2,2,2,1,2,2,3,2,2,2,2,3,2,2,3,2,2,2,2,1,1,1,4,1,3,1,4,1,4,4,1,4,1,4,1,1,4,4,4,1,1,4,4,4,4,4,1,1,4,4,4,2,1,4,4,4,1,1,4,4,4,1,1,4,4,1,1,4,1,4,4,4,4,2,4,4,1,4,2,3,1,3,2,3,3,4,1,1,3,2,3,2,3,2,2,1,2,3
s1163,1/19/22 14:28,457,1,1,2,2,2,2,1,2,2,2,1,2,2,1,1,2,2,2,2,1,2,2,1,2,2,2,2,2,2,1,2,4,1,2,1,1,2,4,3,3,4,2,4,3,1,2,1,1,2,2,3,3,2,1,2,1,2,2,2,1,3,2,4,4,1,4,1,3,2,4,4,1,3,3,1,4,1,3,2,1,4,1,4,3,2,4,4,1,1,3,4,3,1,1,2,4,2,1,1,4,4,4,1,1,4,4,3,4,1,4,2,4,4,2,4,1,1,2,3,4,2,3,1,3,2,1,2,3,1,2,4,3,1,1,3,2,4,4,3,1
s1164,1/19/22 14:59,1161,1,1,2,2,2,2,1,2,2,2,1,2,2,1,1,2,2,2,1,1,2,2,1,2,2,1,2,1,2,1,2,2,2,4,3,2,1,4,3,4,2,1,3,4,2,1,2,2,2,3,4,1,2,1,4,1,1,4,1,1,2,3,2,1,1,2,2,1,4,4,2,2,4,2,1,3,2,1,4,2,2,3,2,4,1,2,4,2,1,2,3,3,1,2,2,4,4,1,2,1,3,3,1,2,1,2,4,1,2,4,1,3,3,4,4,2,4,3,1,3,4,2,3,1,2,1,2,2,4,4,2,5,1,2,2,4,5,1,4,3
s1165,1/19/22 14:40,258,1,2,1,2,1,1,1,2,1,2,1,2,1,1,2,1,2,2,1,1,2,1,1,1,2,2,2,2,1,1,2,3,1,4,1,1,4,2,1,4,3,1,1,1,2,3,1,1,4,2,4,4,3,3,2,1,3,4,3,3,4,2,1,1,2,3,3,4,1,1,4,2,2,2,1,1,2,4,4,2,1,3,1,1,2,1,2,2,2,1,2,3,2,3,3,2,3,1,2,2,3,4,1,2,2,3,4,4,3,3,1,1,2,1,1,3,1,4,1,2,2,4,4,2,5,2,2,2,1,2,4,4,1,2,4,2,2,2,5,4
s1166,1/19/22 14:29,203,1,1,2,1,1,2,1,1,1,2,1,1,1,1,1,2,1,1,1,1,2,1,2,1,1,1,1,1,1,2,1,3,2,2,3,1,3,3,2,3,2,3,2,3,2,2,2,3,2,3,4,3,2,3,4,3,3,3,3,2,2,1,2,1,2,2,1,1,1,1,2,3,1,2,2,4,3,2,2,2,3,3,2,3,3,3,2,3,2,3,2,3,2,3,2,3,3,3,3,3,2,2,3,3,3,3,3,2,4,2,4,3,4,2,3,3,2,2,2,2,4,3,3,3,3,3,4,4,5,4,5,3,5,3,5,4,4,4,4,4
s1167,1/19/22 14:33,397,1,1,1,1,2,1,1,1,2,1,1,1,2,1,1,1,1,1,1,1,1,1,1,1,2,1,1,1,1,1,2,3,2,1,1,1,2,3,4,2,1,2,2,3,1,1,2,1,4,1,3,3,2,2,1,1,3,2,1,2,3,1,2,4,2,1,2,1,4,3,1,4,2,4,2,1,2,1,4,2,1,2,1,4,3,2,4,2,1,3,2,4,2,2,3,3,4,2,1,1,1,4,2,1,2,1,4,2,1,2,4,4,2,3,2,1,4,2,2,1,3,5,2,2,2,1,5,1,1,1,3,2,2,2,5,3,2,3,2,4
s1168,1/19/22 14:53,517,1,1,2,2,2,2,1,2,2,2,1,2,2,2,1,2,2,1,2,1,2,2,1,2,2,2,2,2,2,2,2,3,1,2,2,1,2,2,3,3,4,2,3,3,1,3,2,1,2,1,3,2,2,2,2,1,2,2,2,3,3,2,3,2,2,4,1,2,2,2,4,4,3,2,1,4,1,4,3,2,4,2,4,3,2,4,4,3,2,4,4,2,3,1,4,4,3,3,1,3,4,2,3,1,4,4,4,2,1,4,4,2,4,2,3,1,3,4,4,3,3,3,2,2,2,2,1,1,3,2,2,3,1,3,1,3,3,1,2,1
s1169,1/19/22 17:01,8656,1,1,2,2,2,2,1,2,2,2,1,2,2,2,1,2,2,2,2,1,2,2,1,2,2,2,2,2,2,2,2,4,1,2,4,1,1,4,3,3,4,2,4,4,1,3,2,1,1,1,4,1,1,4,1,2,4,3,1,1,2,1,4,3,1,4,1,3,1,3,4,1,4,4,2,4,1,4,4,3,4,2,4,4,1,4,4,1,1,4,4,4,2,1,4,4,4,1,1,4,4,4,1,1,4,4,4,4,1,4,3,4,4,1,4,1,2,4,4,4,5,1,3,1,5,1,1,1,4,3,1,5,1,5,1,5,5,1,5,1
s1170,1/19/22 14:42,491,1,1,1,1,2,1,1,2,2,2,1,1,2,1,1,1,1,2,1,1,1,2,1,1,2,1,1,1,1,1,2,3,1,3,2,1,1,4,4,3,3,1,4,2,1,1,2,1,1,1,4,1,2,1,2,1,2,3,1,3,2,3,4,2,1,4,1,3,1,4,4,1,2,1,3,4,1,4,2,2,4,3,4,3,1,4,2,1,2,3,4,1,1,1,4,4,4,2,2,4,4,2,1,2,4,4,2,4,1,4,2,1,3,3,4,2,4,2,2,4,4,1,2,1,5,1,1,1,3,4,2,5,1,1,2,4,5,1,5,1
s1171,1/19/22 14:43,402,1,1,2,2,2,2,1,2,2,2,1,2,2,2,1,2,2,2,2,2,2,2,1,2,2,2,2,2,2,2,2,3,2,2,1,1,1,4,4,4,4,2,3,3,2,3,2,2,2,2,3,2,2,1,2,1,1,2,2,2,3,1,4,2,1,4,1,4,3,4,4,1,3,3,2,4,1,4,3,2,4,3,4,2,1,4,4,1,1,3,4,2,1,2,4,4,4,1,1,4,4,2,2,2,4,4,4,4,2,4,3,2,4,3,4,3,3,3,2,4,3,1,2,3,3,1,1,2,2,3,2,3,1,1,2,4,3,3,3,1
s1172,1/19/22 14:51,551,1,1,2,2,2,2,1,2,2,2,1,2,2,1,1,2,2,2,2,1,2,2,1,2,2,2,2,1,2,1,2,3,1,1,1,2,1,3,3,3,1,1,3,2,1,1,2,1,3,1,2,2,1,4,1,1,3,2,1,2,2,1,3,4,3,4,2,2,3,1,4,1,3,4,2,4,2,3,4,2,4,2,2,4,2,4,4,3,2,3,4,4,3,2,4,4,4,3,1,3,4,4,4,1,3,4,4,2,2,4,3,4,4,2,4,2,4,3,3,4,2,4,1,4,1,2,3,3,1,1,4,3,3,1,3,1,3,1,1,3
s1173,1/19/22 14:50,391,1,1,2,2,2,2,1,2,2,2,1,2,2,1,1,2,1,2,2,1,2,2,1,2,2,1,2,1,2,1,2,3,1,3,2,1,1,2,3,4,3,2,4,3,2,3,2,2,1,2,4,2,1,1,1,1,2,3,2,3,2,3,4,2,1,4,1,3,3,4,4,2,4,2,2,4,1,4,3,1,4,2,4,2,1,4,4,1,1,4,4,2,1,1,4,4,2,1,2,3,4,4,1,1,4,4,3,3,2,4,4,2,4,2,4,2,3,2,3,4,4,1,3,1,4,1,1,1,3,3,1,4,1,3,1,4,4,1,4,1
s1174,1/19/22 14:47,196,1,1,1,1,2,1,1,2,2,1,1,1,2,1,1,1,1,1,1,1,1,2,1,1,2,1,1,1,1,1,2,3,1,2,2,1,2,3,3,4,3,3,3,4,3,3,2,2,2,3,2,2,2,2,3,4,2,2,2,2,3,2,1,1,2,2,1,1,2,2,1,1,2,1,1,2,1,1,1,2,1,1,2,2,1,1,2,1,1,3,2,1,1,2,1,1,1,2,2,1,1,2,1,1,1,1,2,1,1,2,1,3,2,1,1,2,2,1,2,1,3,1,2,1,3,1,1,1,3,1,1,3,3,1,3,4,5,2,4,1
s1175,1/19/22 14:59,513,1,1,1,1,2,1,1,2,2,2,1,1,2,1,1,2,1,1,1,1,1,2,1,2,2,1,2,1,2,1,2,2,1,3,3,1,4,3,3,3,1,1,2,2,1,4,4,2,1,2,2,4,2,1,3,2,4,2,1,3,2,4,2,1,2,3,2,1,1,3,3,2,4,2,3,3,2,1,1,2,3,3,2,2,2,3,1,2,2,2,3,1,2,1,2,3,1,2,4,2,3,2,2,2,2,3,1,2,2,3,2,1,3,4,3,2,3,2,2,3,3,3,2,3,1,5,4,3,3,1,3,4,5,3,3,4,4,1,2,5
s1176,1/19/22 15:06,1187,1,1,1,1,1,1,1,1,1,1,1,1,1,1,1,1,1,1,1,1,1,1,1,1,2,1,1,1,2,1,1,3,1,3,4,1,1,4,4,4,3,1,4,4,2,4,1,1,1,1,4,2,2,4,2,1,4,3,1,4,4,1,4,2,1,4,1,4,4,4,4,3,4,4,1,4,2,4,1,4,4,2,4,4,1,4,1,1,1,3,4,3,1,1,4,4,1,1,1,2,4,4,1,1,3,4,1,4,2,4,3,1,4,1,4,1,1,4,3,4,4,1,3,1,4,1,1,1,4,4,1,5,1,3,1,5,5,1,5,1
s1177,1/19/22 14:57,638,1,1,1,1,2,2,1,2,2,2,1,1,2,1,1,2,1,2,1,1,1,2,1,2,2,1,2,1,2,1,2,3,1,1,2,1,2,3,3,2,3,1,3,3,1,4,2,1,2,2,3,1,2,1,1,2,2,1,1,4,4,2,4,2,1,4,2,4,3,4,4,3,4,3,2,2,2,2,2,2,3,2,2,2,1,3,2,1,2,3,2,2,1,3,4,4,3,2,1,3,4,2,2,2,2,3,3,4,2,4,3,2,4,2,3,1,1,2,3,4,3,1,2,3,4,1,1,1,3,4,1,3,1,3,2,4,4,2,3,1
s1178,1/19/22 14:53,436,1,1,2,1,2,2,1,2,2,2,1,1,2,1,1,2,1,2,1,1,2,2,1,2,2,1,2,1,2,1,2,3,2,3,4,1,1,2,4,4,1,1,3,3,1,2,1,2,1,2,4,2,2,2,2,1,1,3,1,2,2,2,4,2,1,4,1,4,2,3,4,1,4,4,2,4,1,4,1,2,4,1,4,4,1,4,2,2,1,4,4,2,1,1,4,4,2,2,1,4,4,2,2,1,4,4,2,3,1,4,3,1,4,1,4,1,2,4,4,4,4,1,1,1,3,1,1,1,3,2,1,3,1,2,1,4,4,1,2,1
s1179,1/19/22 14:58,496,1,1,2,1,2,2,1,2,2,2,1,2,2,1,1,2,1,2,1,1,2,2,1,2,2,1,2,1,2,1,2,4,1,1,4,2,2,4,4,2,1,1,4,2,1,3,1,1,2,1,4,2,2,4,1,2,3,2,1,4,2,1,4,3,2,4,1,3,4,4,4,1,4,4,1,4,1,4,2,2,4,1,4,4,3,4,3,2,1,4,4,3,1,1,3,4,4,1,1,4,4,3,2,1,4,4,2,4,1,4,3,2,4,1,4,1,3,4,4,4,4,1,2,1,5,1,1,2,3,5,2,3,1,1,1,5,3,1,3,1
s1180,1/19/22 14:57,530,1,1,2,2,2,2,1,2,2,2,1,2,2,1,1,2,2,2,2,1,2,2,1,2,2,2,2,1,2,1,2,4,1,2,3,2,3,2,3,3,2,4,4,2,2,4,1,2,1,2,3,1,1,2,2,2,3,3,4,4,3,2,4,2,1,4,2,3,3,4,4,3,2,2,1,4,1,4,2,1,4,2,3,3,2,4,4,1,1,3,4,3,1,1,3,4,4,2,1,3,4,2,1,1,4,4,3,3,1,4,2,1,4,2,4,1,4,4,4,4,4,1,3,2,4,1,2,1,5,4,2,5,1,4,2,5,5,1,3,2
s1181,1/19/22 15:03,792,1,1,1,1,2,1,1,1,1,1,1,1,2,1,1,1,1,2,1,1,1,2,1,1,2,1,2,1,1,1,2,2,2,2,1,1,2,1,3,4,1,2,3,2,1,3,2,2,2,2,3,1,2,1,2,2,2,2,2,4,3,3,3,2,2,3,2,2,2,3,4,1,3,1,2,4,2,2,2,2,4,3,2,2,2,4,4,2,2,3,4,2,2,1,4,4,4,1,3,3,4,2,3,2,3,4,2,1,2,4,4,3,4,2,4,2,3,2,3,4,3,1,1,1,2,2,1,1,2,2,2,3,2,2,2,2,3,1,3,1
s1182,1/19/22 15:06,635,1,1,2,1,2,2,1,2,2,2,1,1,2,1,1,2,1,2,1,1,1,2,1,2,2,1,2,1,2,1,2,3,2,3,1,1,3,3,2,3,3,2,3,2,2,3,2,2,2,2,3,1,2,2,3,2,2,3,2,3,2,2,2,2,2,3,2,1,3,3,3,3,2,3,2,3,2,2,2,2,3,2,3,3,2,3,2,3,2,2,3,2,3,2,2,3,2,2,2,2,3,2,3,2,3,3,3,2,2,2,2,1,2,3,3,2,3,2,2,3,3,3,2,3,2,2,1,2,2,2,3,4,2,2,4,3,4,2,2,1
s1183,1/19/22 15:10,464,1,1,1,1,2,1,1,1,2,1,1,1,2,1,1,1,1,2,1,1,1,1,1,1,2,1,1,1,1,1,2,3,2,2,3,1,2,4,3,4,2,2,3,4,2,1,1,3,3,2,4,1,3,2,2,1,2,3,3,1,2,2,4,4,1,4,2,3,4,3,4,3,1,4,1,4,2,4,4,1,4,2,4,4,1,4,4,1,2,3,4,4,1,1,3,4,4,1,2,2,4,4,1,2,3,4,4,4,2,4,3,4,3,3,4,2,4,2,2,4,5,1,3,1,2,1,1,1,3,2,1,3,1,2,1,5,5,1,4,1
s1184,1/19/22 15:08,413,1,1,1,1,2,1,1,1,2,2,1,1,2,1,1,1,1,2,1,1,1,2,1,1,2,1,2,1,1,1,2,3,1,3,3,1,1,3,4,4,4,1,4,3,1,4,2,1,1,1,3,2,1,1,2,1,2,3,1,4,2,2,4,3,1,3,1,4,2,4,4,1,4,1,2,4,1,3,1,1,4,2,3,3,1,4,4,1,1,4,4,3,1,1,4,4,3,1,1,3,4,3,1,1,4,4,2,4,1,4,4,2,4,2,4,1,2,4,3,4,5,1,4,1,5,1,1,1,5,5,2,5,1,5,1,5,5,1,5,1
s1185,1/19/22 15:16,812,1,1,1,1,1,1,1,1,2,1,1,1,2,1,1,1,1,2,1,1,1,1,1,1,2,1,1,1,1,1,2,2,1,3,1,1,4,3,3,3,3,1,4,3,1,1,1,1,4,1,3,1,1,1,1,1,4,3,1,3,3,1,4,2,1,4,1,4,2,3,4,1,1,4,1,4,1,4,4,1,4,1,1,3,2,4,4,1,2,4,4,2,2,1,4,4,2,2,1,4,4,4,1,1,4,4,4,4,1,4,1,4,4,3,4,1,4,4,4,4,1,5,1,5,1,5,5,5,1,1,5,3,5,1,5,5,3,5,1,5
s1186,1/19/22 15:08,83,1,2,1,1,2,1,1,1,1,2,1,2,2,1,2,1,2,2,1,1,1,2,2,2,1,2,2,2,2,2,2,2,4,1,1,1,2,2,2,4,3,3,2,2,3,4,4,2,4,3,1,1,3,2,4,2,1,4,1,1,4,3,4,1,3,2,2,1,2,3,3,1,2,2,1,3,1,4,4,1,2,2,4,4,4,3,4,3,2,2,3,1,1,1,1,2,4,3,3,4,2,3,1,3,4,2,2,3,1,1,4,1,2,2,3,3,4,3,2,3,1,2,3,2,1,2,4,5,1,4,2,4,1,5,4,5,5,3,2,3
s1187,1/19/22 15:31,602,1,1,2,2,2,2,1,2,2,2,2,2,2,1,1,2,2,2,2,1,2,2,1,2,2,1,2,1,2,1,2,3,1,2,2,1,1,4,3,3,3,2,4,3,1,3,1,1,1,2,3,1,2,1,2,1,2,2,1,4,3,2,4,3,1,4,1,3,3,4,4,1,4,1,1,4,1,4,2,1,4,3,4,4,1,4,4,1,1,4,4,2,1,1,4,4,4,1,1,4,4,3,1,1,4,4,3,4,1,4,4,1,4,2,4,1,4,3,3,4,5,1,3,1,4,1,1,1,3,4,1,4,1,2,1,4,4,1,3,1
s1188,1/19/22 15:25,364,1,1,2,2,2,2,1,2,2,2,1,2,2,1,1,2,2,2,2,1,2,2,1,2,2,1,2,1,2,1,2,4,1,1,1,1,3,4,2,2,3,3,4,3,1,3,2,1,3,1,4,2,2,2,1,1,4,2,2,2,3,1,4,4,2,4,1,2,4,1,4,1,3,2,1,4,1,3,3,2,4,1,2,4,3,4,4,2,1,4,4,4,3,1,4,4,3,3,1,4,4,4,3,1,4,4,4,3,1,4,3,2,4,1,4,1,4,2,3,4,1,2,1,1,1,3,1,2,1,1,4,3,3,1,2,3,4,1,1,1
s1189,1/19/22 16:15,526,1,2,2,2,2,2,2,2,2,2,1,2,2,2,2,2,2,2,2,2,2,2,1,2,2,2,2,1,2,1,2,4,1,2,2,1,2,3,3,4,2,1,4,2,1,4,2,1,1,1,4,1,1,1,2,3,3,2,1,4,3,3,4,2,1,4,1,3,3,3,4,1,2,1,1,4,1,3,4,2,4,1,2,2,1,4,4,2,1,4,4,1,1,1,2,4,4,2,2,3,4,1,2,2,3,4,1,2,1,3,2,2,4,2,4,1,1,2,2,3,3,4,4,4,2,3,3,1,2,1,1,4,4,2,4,2,4,3,3,3
s1190,1/19/22 15:29,275,1,1,2,1,2,2,1,2,2,2,1,2,2,1,1,2,1,2,1,1,2,2,1,2,2,1,2,1,2,1,2,3,1,2,2,1,2,3,3,4,3,2,4,2,1,2,2,1,2,2,3,2,1,2,2,1,2,2,2,3,3,2,4,3,1,4,2,2,3,3,3,1,3,3,2,4,1,3,2,2,3,2,3,4,1,4,4,2,1,4,3,3,1,1,3,4,3,2,1,3,3,3,2,1,3,4,3,3,2,3,3,1,3,2,3,1,2,3,3,3,4,1,3,1,3,1,1,1,3,2,2,5,1,2,3,4,5,1,4,1
s1191,1/19/22 15:34,399,1,1,1,1,2,1,1,2,2,2,1,1,2,1,1,1,1,2,1,1,1,2,1,1,2,1,1,1,1,1,2,4,1,2,2,1,2,4,4,3,3,3,3,3,2,3,1,1,1,1,3,1,2,1,1,2,2,2,2,3,3,2,4,3,1,4,1,4,4,4,4,3,2,3,1,4,1,4,2,2,4,2,4,4,2,4,4,1,1,4,4,3,1,1,3,4,4,1,1,4,4,4,2,2,4,4,3,4,1,4,3,3,4,1,4,1,2,4,4,4,4,2,2,2,4,1,2,2,4,3,2,4,1,2,2,4,4,2,4,2
s1192,1/19/22 15:54,1269,1,1,1,1,2,2,1,2,2,2,1,1,2,1,1,2,1,2,1,1,1,2,1,1,2,1,2,1,1,1,2,3,2,2,3,1,2,4,3,2,2,1,2,1,2,3,1,3,1,1,2,1,3,2,2,2,1,1,1,3,2,3,2,2,2,4,2,1,1,2,4,4,2,1,1,4,2,2,2,1,4,2,3,4,2,4,4,2,1,2,4,1,1,2,2,4,4,2,1,1,4,4,1,1,4,4,2,2,1,4,1,2,4,1,1,1,1,2,1,1,4,3,4,2,3,1,3,1,4,4,1,5,3,5,3,5,5,2,4,2
s1194,1/19/22 15:52,552,1,1,2,1,2,2,1,2,2,2,1,2,2,1,1,2,1,2,1,1,2,2,1,1,2,1,2,1,2,1,2,2,1,4,2,1,1,2,2,3,2,4,4,2,1,4,3,2,1,1,4,3,1,1,1,3,2,4,4,4,2,4,3,4,3,4,1,2,4,3,4,1,4,3,4,4,3,4,2,3,4,4,4,3,1,4,4,2,1,4,4,3,2,1,4,4,1,2,3,4,4,3,2,2,4,4,4,3,2,4,4,3,4,2,4,3,1,2,4,4,3,1,1,1,1,1,1,1,2,1,1,3,1,1,1,3,4,1,2,1
s1195,1/19/22 15:46,505,1,1,2,2,2,2,1,2,2,2,1,2,2,1,1,2,2,2,2,1,2,2,1,2,2,2,2,2,2,1,2,3,1,3,2,1,1,3,4,4,4,2,3,4,1,3,2,1,1,1,4,1,1,2,1,1,1,2,3,2,4,2,4,3,1,3,1,3,3,4,4,1,4,2,2,4,2,4,3,2,3,3,4,3,1,4,4,1,1,4,4,3,1,2,4,4,4,1,1,4,4,4,1,2,4,4,3,4,1,4,3,2,4,1,4,1,4,2,3,4,4,1,3,1,3,1,1,1,4,4,1,4,1,4,1,4,4,1,4,1
s1196,1/19/22 15:41,134,1,1,1,1,1,2,1,1,2,1,2,1,2,1,1,2,2,1,2,2,1,2,1,2,1,2,1,1,2,1,2,4,4,2,2,1,1,3,2,1,3,2,3,2,2,1,3,2,4,4,4,3,3,1,4,3,1,4,1,3,2,3,3,2,2,2,1,1,4,4,3,2,2,3,3,1,1,4,4,4,2,4,1,2,4,1,2,1,4,4,3,4,4,1,4,2,2,4,3,3,2,2,4,4,2,4,4,2,2,4,2,2,3,1,1,3,2,2,2,3,3,3,3,5,5,4,5,5,2,2,5,1,5,3,3,5,2,5,5,4
s1197,1/19/22 15:49,530,1,1,1,1,2,2,1,2,2,2,1,1,2,1,1,2,1,2,1,1,2,2,1,2,2,1,2,1,2,1,2,4,1,2,4,1,1,4,4,4,2,2,3,3,2,2,1,1,2,1,3,1,2,1,1,2,1,3,1,3,2,2,4,2,1,4,1,3,2,3,4,2,4,3,2,4,2,4,2,2,4,2,4,3,1,3,3,1,1,4,4,2,1,1,4,2,3,2,1,3,4,4,2,2,4,4,4,3,1,4,3,2,4,2,4,1,4,4,3,4,4,1,3,1,4,1,1,1,4,5,1,1,1,4,1,4,3,1,4,1
s1198,1/19/22 15:58,557,1,1,1,1,2,2,1,2,2,2,1,1,2,1,1,2,1,2,1,1,2,2,1,2,2,1,2,1,2,1,2,2,1,4,4,2,1,1,2,4,1,3,3,1,3,1,3,4,4,3,4,2,3,4,1,1,2,3,3,2,2,2,2,1,3,4,1,1,2,2,4,1,3,4,2,4,3,4,2,3,4,3,4,4,1,4,4,3,1,4,4,2,3,1,4,4,4,3,2,1,4,3,3,1,4,4,4,3,3,3,4,4,4,1,4,1,4,3,4,4,5,1,5,1,5,1,1,1,5,5,1,5,1,5,1,5,5,1,5,1
s1199,1/19/22 16:04,671,1,1,2,1,2,2,1,2,2,2,1,1,2,1,1,2,1,2,1,1,1,2,1,2,2,1,2,1,2,1,2,3,2,2,3,1,2,4,3,3,2,2,3,3,2,1,1,2,2,2,3,2,2,3,1,1,2,2,2,4,3,2,3,1,1,3,1,2,2,3,3,2,2,1,1,3,1,2,1,2,3,1,3,2,2,2,1,2,1,2,3,2,1,2,3,4,4,2,1,3,3,2,2,1,3,3,4,4,1,3,3,1,2,2,4,2,3,1,2,4,5,2,4,2,4,2,1,2,4,3,2,4,2,4,2,4,4,2,4,2
s1200,1/19/22 16:00,380,1,1,1,1,2,1,1,2,2,2,1,1,2,1,1,1,1,2,1,1,1,2,1,1,2,1,1,1,1,1,2,3,3,2,1,2,3,3,2,3,1,1,3,3,3,2,2,3,2,3,3,1,3,1,2,2,3,2,1,3,2,2,1,3,2,4,2,2,3,3,4,3,4,3,1,4,1,4,4,2,3,2,2,4,2,3,4,2,1,3,4,4,2,2,2,4,3,2,2,4,4,3,2,2,3,4,4,2,2,4,3,4,4,2,4,3,3,4,2,4,2,3,1,3,1,1,1,4,1,2,4,3,1,2,4,2,3,3,2,1
s1201,1/19/22 16:00,332,1,1,2,1,2,2,1,2,2,2,1,2,2,1,1,2,1,1,1,1,2,2,1,2,2,1,2,1,2,1,2,4,1,2,2,1,1,4,3,4,2,1,4,2,1,4,2,1,1,1,4,1,2,1,2,1,2,2,1,4,2,2,3,4,1,4,1,3,2,2,4,1,4,3,1,4,1,4,4,1,4,2,4,4,1,4,4,1,1,4,4,4,1,1,4,4,4,2,1,4,4,4,1,1,4,4,4,3,1,4,4,4,4,2,4,1,4,3,4,4,3,1,3,2,1,1,1,1,1,1,2,1,1,1,3,1,3,1,1,1
s1203,1/19/22 16:09,740,1,1,2,1,2,2,1,2,2,2,1,1,2,1,1,2,1,1,1,1,2,2,1,2,2,1,2,1,2,1,2,3,2,2,2,1,2,3,3,3,4,2,3,1,2,4,1,1,1,1,3,1,1,2,1,1,2,2,2,4,3,2,4,4,3,3,2,1,4,3,3,2,4,4,3,3,1,3,3,2,2,1,3,4,2,2,4,3,2,3,3,4,2,1,3,3,4,4,1,4,3,4,3,1,3,2,4,3,1,3,3,4,3,1,4,1,4,2,3,3,4,1,3,1,3,1,1,1,3,2,1,4,1,3,1,4,5,1,3,1
s1204,1/19/22 16:05,555,1,1,1,1,2,2,1,2,2,2,1,1,2,1,1,2,1,2,1,1,1,2,1,1,2,1,2,1,2,1,2,4,2,1,1,1,4,4,2,1,2,4,4,3,2,2,2,1,4,2,3,1,2,1,4,1,4,1,4,4,2,1,2,3,2,3,1,3,1,1,2,4,2,3,1,3,1,2,4,2,4,1,2,4,4,3,4,2,1,3,3,2,2,1,2,4,4,2,1,3,3,3,3,1,4,3,4,2,1,3,2,4,4,2,3,2,3,3,3,2,3,1,1,1,1,1,1,1,2,2,1,4,1,1,1,3,4,2,2,1
s1205,1/19/22 16:15,913,1,1,1,1,2,1,1,2,2,2,1,1,2,1,1,2,1,2,1,1,1,2,1,1,2,1,2,1,2,1,2,3,1,1,1,2,2,2,3,3,1,3,3,2,1,2,1,1,2,1,3,1,1,2,2,1,3,3,2,2,1,2,4,4,2,4,1,3,4,2,4,1,4,4,2,4,1,4,3,2,4,2,3,4,2,4,4,3,1,4,4,4,2,1,4,4,4,3,1,4,4,4,3,1,4,4,3,2,1,4,4,3,4,3,4,1,3,2,4,4,3,2,3,2,2,1,1,2,2,1,3,2,1,1,3,3,3,1,2,1
s1206,1/19/22 16:11,791,1,1,2,1,2,2,1,2,2,2,1,2,2,1,1,2,2,2,1,1,2,2,1,2,2,1,2,1,2,1,2,3,1,3,3,1,1,2,4,4,3,3,4,2,1,4,3,2,1,1,4,2,2,1,1,1,2,3,2,2,2,3,4,2,1,3,1,3,2,4,4,1,3,1,2,4,1,4,2,1,4,2,3,3,1,4,4,1,1,4,2,2,1,1,4,4,4,1,2,4,4,2,1,2,4,4,2,2,1,3,4,3,4,1,2,2,3,3,4,4,3,1,2,1,2,1,1,1,3,1,1,3,1,2,1,3,3,1,2,1
s1207,1/19/22 16:22,471,1,1,2,1,2,2,1,2,2,2,1,1,2,1,1,2,1,2,1,1,2,2,1,2,2,1,2,1,2,1,2,3,1,2,1,1,1,3,3,3,3,1,3,3,1,3,1,1,1,1,3,1,1,1,1,1,1,1,1,3,3,2,4,4,1,4,1,3,4,4,4,1,4,3,2,4,2,4,4,2,4,2,4,4,1,4,4,1,1,4,4,4,1,1,4,4,4,2,1,4,4,4,2,2,4,4,4,4,1,4,4,3,4,1,4,1,4,3,4,4,4,1,3,1,4,1,1,1,3,4,1,4,1,3,1,4,4,1,3,1
s1208,1/19/22 16:08,475,1,1,2,1,2,2,1,2,2,2,1,1,2,1,1,2,1,1,1,1,1,2,1,2,2,1,2,1,2,1,2,2,3,1,1,3,2,2,1,1,3,1,1,1,2,1,1,2,3,2,1,1,2,3,2,2,2,3,1,2,1,2,2,4,2,3,3,1,2,1,3,3,1,4,2,3,2,2,2,2,3,1,1,2,2,3,2,2,2,3,3,2,2,2,1,4,2,2,2,2,3,3,2,1,1,4,2,1,2,3,1,1,3,4,3,2,2,2,2,4,3,2,1,2,1,3,2,2,1,1,3,3,3,2,3,3,3,2,2,2
s1209,1/19/22 16:26,722,1,1,2,2,2,2,1,2,2,2,1,2,2,1,1,2,2,2,2,1,2,2,1,2,2,1,2,1,2,1,2,4,1,2,2,1,2,3,3,4,3,1,4,2,1,4,2,1,1,1,3,2,1,1,1,1,2,2,1,2,3,2,3,2,1,4,1,4,4,4,4,2,3,3,2,4,1,3,3,1,4,2,3,4,2,4,3,1,1,3,3,3,1,1,3,3,3,1,2,3,3,4,1,2,3,4,3,3,1,2,2,2,3,3,4,1,3,3,4,3,4,2,3,2,2,4,1,1,3,4,1,5,2,3,1,4,5,1,3,1
s1210,1/19/22 16:10,471,1,1,2,2,2,2,1,2,2,2,1,1,2,1,1,2,2,2,2,1,2,2,1,2,2,1,2,1,2,1,2,3,1,2,3,1,1,3,4,4,2,1,4,2,1,4,2,1,1,2,4,2,1,1,1,1,3,2,1,3,2,3,4,2,1,3,1,4,2,4,4,1,4,2,1,4,1,4,4,2,4,3,4,2,1,4,4,1,3,4,4,1,1,1,4,4,4,1,2,4,4,4,1,2,4,4,4,4,1,4,4,4,4,1,4,1,1,4,3,4,4,1,3,1,2,1,1,1,4,1,1,4,1,2,1,5,4,1,4,1
s1211,1/19/22 16:16,457,1,1,2,1,2,2,1,2,2,2,1,1,2,1,1,2,1,1,1,1,1,2,1,2,2,1,2,1,2,1,2,4,1,3,1,1,2,4,4,4,4,1,4,4,1,3,1,1,1,1,4,2,2,2,1,1,2,2,1,4,4,2,4,2,1,4,1,4,1,4,4,1,4,2,1,4,1,4,1,1,4,2,4,3,1,4,3,1,1,4,4,2,1,1,4,4,3,1,2,4,4,3,1,2,4,4,2,4,1,4,3,1,4,2,4,1,2,3,4,4,4,1,3,1,3,1,1,1,4,3,2,4,1,3,1,5,4,1,4,1
s1212,1/19/22 16:19,659,1,1,2,1,2,2,1,2,2,2,1,2,2,1,1,2,2,2,2,1,2,2,1,2,2,1,2,1,2,1,2,4,1,2,3,1,1,3,4,4,2,1,4,3,1,3,2,1,1,1,4,2,2,2,1,1,1,2,1,3,3,2,4,3,1,4,2,3,2,4,4,1,4,2,1,4,2,4,2,2,4,3,4,3,1,4,3,1,2,4,4,2,1,1,4,4,2,1,2,3,4,2,1,2,4,4,3,4,2,4,4,1,4,1,4,1,1,3,3,4,5,1,4,1,5,1,1,1,5,5,1,5,1,5,1,5,5,1,5,1
s1213,1/19/22 16:18,603,1,1,2,2,2,2,1,2,2,2,1,2,2,2,1,2,2,2,2,2,2,2,1,2,2,2,2,2,2,1,2,3,2,1,2,2,2,3,2,2,3,2,3,3,2,1,2,2,2,2,2,2,2,2,2,2,2,1,2,4,3,2,3,2,1,3,1,2,4,3,3,2,3,3,1,3,1,3,2,1,3,1,3,4,2,3,4,1,1,3,3,3,1,2,3,3,4,1,1,2,3,3,1,1,3,3,4,2,1,3,2,3,3,2,3,2,3,2,3,3,3,1,3,2,2,2,1,1,3,1,2,3,1,1,2,3,4,1,2,1
s1214,1/19/22 16:14,297,1,1,2,2,2,2,1,2,2,2,1,2,2,1,1,2,2,2,1,1,2,2,1,2,2,1,2,1,2,1,2,4,1,2,2,1,2,4,3,3,3,4,4,4,1,2,2,1,2,1,3,2,2,2,1,1,2,1,4,3,3,1,3,4,1,3,1,2,4,2,4,1,4,4,1,3,1,4,4,2,3,1,3,4,2,4,4,1,1,4,4,3,1,1,3,4,3,1,1,3,4,4,1,1,4,4,4,3,1,4,3,4,4,2,4,1,3,3,3,4,2,2,1,2,1,3,2,1,1,3,2,3,2,3,3,2,4,2,3,1
s1215,1/19/22 16:35,823,1,1,2,2,2,2,1,2,2,2,1,2,2,2,1,2,2,1,2,1,2,2,1,2,2,1,2,2,2,1,2,3,1,1,1,1,2,3,3,3,4,1,3,1,1,2,1,1,1,1,3,1,1,4,1,1,1,3,1,2,2,2,4,4,1,4,1,3,3,3,4,1,4,4,1,4,1,4,4,1,4,1,2,4,1,4,4,2,1,3,4,4,2,1,3,4,3,2,1,3,4,4,2,1,4,4,3,4,1,4,3,3,4,2,3,1,4,3,4,4,3,2,1,2,2,1,1,1,2,1,2,3,1,1,2,3,3,1,1,1
s1216,1/19/22 16:30,439,1,1,2,1,2,2,1,2,2,2,1,2,2,1,1,2,2,2,2,1,2,2,1,2,2,1,2,1,2,1,2,4,1,1,2,4,3,4,3,2,2,1,4,4,2,4,1,1,2,1,4,1,2,2,1,2,4,4,1,4,1,1,3,3,3,4,1,2,2,1,4,3,3,4,3,4,1,2,3,3,4,1,2,4,3,4,4,3,1,3,4,3,3,1,1,4,4,3,1,3,4,4,3,1,2,4,4,1,1,3,1,2,4,2,4,1,4,2,4,4,2,3,2,3,1,2,2,3,2,1,4,3,2,2,5,1,3,2,2,2
s1217,1/19/22 16:29,266,1,1,2,2,2,2,1,2,2,2,1,2,2,2,1,2,2,2,2,1,2,2,1,2,2,1,2,1,2,1,2,4,1,2,4,1,1,4,4,4,4,1,4,4,1,4,1,1,1,1,4,1,1,1,1,1,1,1,1,4,4,3,4,1,1,4,1,4,1,4,4,1,4,2,1,4,1,4,1,1,4,4,4,1,1,4,1,1,1,4,4,1,1,1,4,1,1,1,4,4,4,1,1,4,4,4,2,4,1,4,4,1,4,1,4,1,2,4,4,4,5,1,5,1,5,1,1,1,5,5,1,5,1,5,1,5,5,1,5,1
s1218,1/19/22 16:36,649,1,1,2,2,2,2,1,2,2,2,1,2,2,1,1,2,2,2,2,1,2,2,1,2,2,1,2,1,2,1,2,3,2,2,2,1,2,3,2,3,1,2,3,2,1,1,2,2,2,2,3,2,2,2,2,2,2,2,2,3,3,2,2,3,1,3,1,2,3,3,3,1,3,3,2,3,1,2,2,2,2,2,2,3,2,2,3,2,1,2,3,3,2,1,2,3,3,2,2,1,3,2,2,1,2,3,3,3,2,3,3,3,3,3,3,2,3,2,3,3,2,5,1,4,1,5,3,2,1,1,3,4,5,2,5,4,4,3,2,4
s1219,1/19/22 16:47,533,1,1,2,2,2,2,1,2,2,2,1,1,2,1,1,2,1,2,1,1,2,2,1,2,2,1,2,1,2,1,2,4,1,2,2,1,1,4,4,4,4,1,4,4,1,4,2,2,1,2,4,1,2,2,2,1,1,2,1,4,4,1,4,2,1,4,1,2,3,4,4,1,4,3,1,4,1,4,2,1,4,1,4,3,1,4,4,1,1,4,4,3,1,1,4,4,1,1,1,4,4,4,1,1,4,4,3,4,1,4,4,1,4,1,4,1,2,4,4,4,5,1,3,1,4,1,1,1,4,4,1,5,1,3,1,5,5,1,4,1
s1220,1/19/22 16:48,414,1,1,1,1,2,1,1,2,2,2,1,1,2,1,1,1,1,2,1,1,1,2,1,2,2,1,2,1,2,1,2,3,2,1,1,2,3,2,3,3,2,2,3,2,2,2,1,2,2,2,3,1,2,1,2,1,2,2,2,3,2,1,3,3,1,3,2,2,3,3,3,2,1,4,2,3,1,2,4,2,3,1,2,4,2,3,4,2,1,2,3,4,1,1,1,3,4,2,1,3,3,4,2,1,1,3,4,2,1,3,1,4,3,4,3,1,4,2,2,3,2,4,,1,1,2,4,3,1,1,4,4,4,1,5,4,4,3,1,4
s1221,1/19/22 17:44,3528,1,1,2,2,2,2,1,2,2,2,1,2,2,2,1,2,2,2,2,1,2,2,2,2,2,2,2,2,2,2,2,4,1,4,4,1,1,4,4,4,4,1,4,4,1,4,1,1,1,1,4,1,1,1,1,1,1,3,1,4,4,4,4,1,1,4,1,4,2,4,1,4,4,2,2,4,1,4,1,2,4,3,4,1,1,4,2,2,2,4,4,1,1,1,4,4,2,1,4,4,4,4,2,2,4,3,2,2,1,4,4,1,2,1,4,2,3,3,4,3,5,1,5,1,5,1,1,1,5,5,1,5,1,5,1,5,5,1,5,1
s1222,1/19/22 16:55,544,1,1,1,1,2,1,1,2,2,2,1,1,2,1,1,2,1,1,1,1,1,2,1,2,2,1,2,1,2,1,2,3,1,2,2,1,2,4,3,3,3,1,3,3,2,3,1,1,2,1,3,1,1,1,2,1,2,2,1,3,3,2,3,3,1,4,1,3,3,3,4,2,3,2,1,4,1,4,3,2,4,3,3,4,2,4,4,1,1,3,4,3,1,1,3,4,4,1,1,3,4,3,1,1,3,4,4,4,1,4,3,3,4,2,3,1,4,3,3,3,4,2,3,2,3,2,2,2,3,2,2,3,2,3,2,3,4,1,3,2
s1223,1/19/22 17:00,677,1,1,1,1,2,2,1,2,2,2,1,1,2,1,1,2,1,2,1,1,1,2,1,2,2,1,2,1,2,1,2,2,2,2,3,3,2,2,2,2,1,3,2,1,2,1,1,3,3,3,2,1,3,2,2,2,3,2,3,1,2,3,2,3,2,3,2,3,3,4,3,4,4,4,2,4,3,3,4,2,4,3,2,2,4,3,4,2,3,2,4,3,3,3,2,4,4,2,3,2,4,3,2,2,3,4,4,3,3,1,2,4,3,3,4,3,4,4,2,4,2,1,1,1,1,1,1,1,1,1,2,2,1,2,2,3,3,1,3,1
s1224,1/19/22 17:33,2696,1,1,2,2,2,2,1,2,2,2,1,2,2,2,1,2,2,1,2,1,2,2,1,2,2,2,2,2,2,1,2,2,2,1,3,1,2,2,4,3,4,1,3,3,1,4,4,2,1,2,3,1,2,1,2,1,3,2,1,2,3,2,4,2,1,3,1,2,2,2,4,1,3,2,2,4,1,3,2,1,4,2,2,3,2,4,2,2,1,4,4,1,1,1,4,4,1,1,1,3,4,3,2,1,4,3,4,4,1,2,4,2,3,1,4,1,3,2,2,3,5,2,3,1,4,1,1,1,3,4,1,4,1,3,1,4,4,2,4,1
s1225,1/19/22 17:08,981,1,1,1,1,2,1,1,1,2,2,1,1,2,1,1,1,1,2,1,1,1,2,1,1,2,1,1,1,1,1,2,4,1,4,4,1,1,4,4,4,4,1,4,4,1,4,1,1,1,1,4,1,1,1,1,1,2,1,1,4,4,1,4,1,1,4,1,4,2,4,4,1,4,2,1,4,1,4,2,1,4,2,4,3,1,4,4,1,1,4,4,2,1,1,4,4,4,1,1,4,4,4,1,1,4,4,4,4,1,4,4,2,4,1,4,1,4,4,4,4,5,1,3,1,5,1,1,1,4,5,1,5,1,5,1,5,5,1,5,1
s1226,1/19/22 17:00,369,1,1,2,1,2,2,1,2,2,2,1,1,2,1,1,2,1,2,1,1,1,2,1,2,2,1,2,1,2,1,2,3,1,2,2,2,3,4,3,3,3,3,3,2,2,2,1,1,1,2,2,1,2,3,2,2,3,3,3,3,2,1,3,3,2,4,3,2,3,3,4,2,3,2,2,4,2,3,2,2,4,2,2,3,2,4,3,2,1,4,4,3,2,2,3,4,4,2,1,2,4,4,2,1,4,4,2,2,2,4,4,4,4,3,4,2,3,2,3,3,3,4,3,3,2,3,4,2,2,3,3,3,4,2,4,2,3,3,3,4
s1227,1/19/22 17:11,605,1,1,1,1,2,1,1,2,2,2,1,1,2,1,1,2,1,2,1,1,1,2,1,1,2,1,2,1,1,1,2,2,2,2,1,2,2,2,1,4,2,1,2,1,2,2,1,2,1,2,3,1,3,4,1,2,2,3,1,2,1,1,2,3,3,2,2,1,4,2,2,2,3,4,3,2,2,2,3,3,2,2,1,4,1,3,4,4,2,3,2,2,2,2,1,4,4,4,1,2,2,4,4,1,1,2,4,1,2,2,1,1,2,3,2,1,3,1,2,2,3,4,1,4,2,2,2,1,1,1,2,2,2,4,1,2,3,1,1,2
s1228,1/19/22 17:25,720,1,1,1,2,2,2,1,2,2,2,1,1,2,1,1,2,1,2,1,1,2,2,1,2,2,1,2,1,2,1,2,3,2,2,3,1,1,4,3,3,2,2,3,3,2,1,1,2,2,1,3,1,2,2,1,2,2,3,2,2,2,1,3,3,1,4,1,3,3,3,4,4,4,4,2,3,2,4,4,2,4,2,3,3,2,4,4,2,1,3,4,3,2,1,3,4,3,2,2,3,4,4,2,2,3,3,4,3,2,4,3,4,4,3,4,2,3,3,3,4,4,2,2,3,4,2,1,1,2,3,3,4,1,2,3,4,4,1,3,1
s1229,1/19/22 17:39,1065,1,2,2,2,2,2,2,2,2,2,2,2,2,2,2,2,2,2,2,2,2,2,2,2,2,2,2,2,2,2,2,3,2,1,1,2,2,3,2,2,4,1,3,3,2,2,1,2,3,2,3,1,1,4,1,1,3,1,1,1,3,1,3,4,3,4,2,2,3,1,4,1,4,4,3,4,1,2,4,3,4,1,2,4,3,4,4,3,1,3,4,4,3,1,3,4,4,3,1,3,4,4,3,1,3,4,4,1,1,3,3,4,3,3,4,1,4,3,3,4,2,2,1,2,1,4,2,2,1,1,2,3,5,1,2,2,3,2,2,2
s1230,1/19/22 17:36,344,1,1,1,2,2,2,1,2,2,2,1,2,2,1,1,2,1,2,1,1,2,2,1,2,2,1,1,2,2,1,2,3,2,2,1,1,1,3,4,3,4,2,3,3,2,2,1,1,1,1,3,1,1,3,2,1,1,2,2,3,2,1,4,4,1,4,1,1,3,2,4,1,4,4,2,4,1,4,4,2,4,2,2,4,1,4,4,1,1,4,4,4,1,1,3,4,4,2,1,4,4,4,1,2,4,4,4,4,1,4,3,4,4,2,4,1,2,4,3,4,3,2,2,2,1,1,1,1,2,2,3,4,1,1,1,3,4,1,2,1
s1231,1/19/22 17:35,485,1,1,2,2,2,2,1,2,2,2,1,2,2,1,1,2,2,2,2,1,2,2,1,2,2,1,2,1,2,1,2,4,1,2,2,1,1,4,4,4,3,1,4,4,1,4,1,1,1,1,4,1,1,2,2,2,2,2,1,3,3,1,4,2,1,4,1,3,3,4,4,1,3,3,1,4,1,4,4,2,4,2,4,4,1,4,4,1,1,4,4,3,1,1,3,4,4,1,1,4,4,3,1,1,4,4,4,4,1,4,3,4,4,2,4,1,3,3,3,4,4,1,4,1,3,1,1,1,4,2,1,2,1,2,1,4,4,1,3,1
s1232,1/19/22 18:09,2224,1,1,1,1,2,1,1,2,2,2,1,1,2,1,1,2,1,2,1,1,1,2,1,1,2,1,2,1,2,1,2,4,1,1,2,1,2,3,3,2,2,3,4,2,1,4,1,1,1,1,3,1,1,3,2,1,2,3,3,4,2,2,3,3,2,4,1,2,4,3,3,1,3,4,1,3,1,4,1,2,3,2,4,3,3,3,4,2,1,4,3,4,2,1,3,3,2,3,1,3,4,4,2,1,4,3,4,2,1,4,3,2,3,2,2,1,2,2,3,3,3,2,1,2,3,1,2,1,1,3,2,2,3,4,2,4,2,2,2,1
s1233,1/19/22 17:43,823,1,1,2,2,2,2,1,2,2,2,1,2,2,2,1,2,2,2,2,2,2,2,1,2,2,2,2,2,2,1,2,3,1,2,2,1,1,3,4,3,3,2,3,3,1,2,1,1,1,1,3,1,1,1,2,1,1,2,2,4,3,2,4,2,2,4,1,4,2,4,4,4,4,3,2,2,1,4,3,2,3,3,4,3,2,4,4,2,2,4,4,3,1,1,4,4,2,2,1,4,4,4,2,2,4,4,3,3,1,4,4,2,4,1,3,2,2,2,4,4,2,1,1,1,1,1,1,1,2,2,2,3,1,1,1,3,3,1,3,1
s1234,1/19/22 17:38,422,1,1,2,2,2,2,1,2,2,2,1,2,2,1,1,2,2,2,2,1,2,2,1,2,2,2,2,1,2,1,2,4,2,2,3,2,2,3,3,3,1,2,4,3,3,4,2,3,2,2,3,2,2,2,1,2,2,3,2,3,2,2,2,1,1,3,1,4,2,4,2,4,3,2,1,3,1,2,4,1,2,1,1,3,2,2,4,1,1,2,3,2,1,1,1,3,4,1,1,2,3,3,1,1,1,3,4,3,1,3,1,4,2,4,4,1,3,4,2,3,5,2,3,2,3,1,1,2,4,1,2,5,1,1,1,5,5,1,4,1
s1235,1/19/22 17:41,447,1,1,2,2,2,2,2,2,2,2,1,2,2,2,1,2,2,2,2,2,2,2,1,2,2,2,2,2,2,1,2,3,2,3,2,2,1,4,3,2,2,2,3,1,2,2,1,2,2,2,4,1,2,4,1,2,2,3,2,2,3,1,2,3,1,4,1,1,4,2,4,2,4,4,1,3,1,2,4,2,4,1,2,4,3,4,4,2,1,3,4,4,1,1,3,4,2,2,1,2,4,4,2,1,4,4,4,4,1,3,3,4,3,1,4,1,4,1,2,4,3,2,1,1,2,2,2,1,1,1,2,2,2,1,2,3,3,1,2,2
s1236,1/19/22 17:48,378,1,1,2,2,2,2,1,2,2,2,1,2,2,2,1,2,2,1,2,1,2,2,1,2,2,2,2,2,2,1,2,3,1,3,4,1,2,3,3,4,3,2,3,4,2,3,1,1,1,1,4,1,1,1,2,1,1,4,2,4,1,2,4,4,1,4,1,3,3,4,4,3,4,2,3,4,2,4,1,1,4,4,4,4,1,4,4,1,2,4,4,3,1,2,2,4,4,1,2,4,4,4,1,2,4,4,1,3,2,4,2,1,4,2,4,2,1,2,3,4,4,1,3,1,5,1,1,1,4,4,1,5,1,3,2,4,5,1,4,1
s1237,1/19/22 18:05,611,1,1,2,2,2,2,1,2,2,2,1,2,2,1,1,2,2,2,2,1,2,2,1,2,2,1,2,1,2,1,2,4,1,1,4,1,1,4,4,4,4,1,4,4,1,4,1,1,1,1,4,1,2,1,2,1,1,2,1,4,4,2,4,2,1,4,1,3,3,4,4,1,4,2,2,4,1,4,3,1,4,2,4,3,1,4,4,1,1,4,4,3,1,1,4,4,4,1,1,4,4,4,1,1,4,4,4,3,1,4,4,4,4,1,4,1,4,4,4,4,5,1,4,1,3,1,1,1,4,3,1,5,1,4,1,4,5,1,5,1
s1238,1/19/22 18:11,582,1,1,2,2,2,2,1,2,2,2,1,2,2,2,1,2,2,2,2,1,2,2,1,2,2,2,2,1,2,1,2,3,1,3,2,1,1,2,4,4,1,2,4,4,1,3,1,1,1,2,4,1,2,2,1,1,2,3,2,4,2,1,3,3,2,4,1,1,4,4,4,1,4,3,2,4,1,4,4,2,4,2,3,4,1,4,4,2,1,4,4,3,2,1,3,4,4,2,1,3,4,4,3,1,4,4,4,4,1,4,4,3,4,2,4,1,4,4,3,4,4,2,2,1,3,2,2,1,2,3,2,4,1,1,2,4,4,1,2,1
s1239,1/19/22 18:17,715,1,1,2,1,2,1,1,2,2,2,1,1,2,1,1,1,1,2,1,1,1,2,1,1,2,1,2,1,1,1,2,3,1,2,4,1,2,3,3,3,2,1,3,3,2,3,1,2,1,2,3,1,2,3,1,1,2,3,1,3,3,1,3,1,1,4,1,3,1,3,4,2,3,3,1,4,1,4,2,1,4,2,4,2,2,3,4,2,1,3,4,1,2,1,3,4,4,2,1,2,4,3,2,1,1,4,4,3,1,4,3,4,4,2,4,1,4,2,3,3,4,2,4,2,4,1,1,1,4,3,2,4,1,4,1,5,5,1,4,1
s1240,1/19/22 18:21,506,1,2,2,2,2,2,2,2,2,2,2,2,2,2,1,2,2,2,2,2,2,2,1,2,2,2,2,2,2,2,2,4,1,2,2,1,2,3,4,3,4,1,4,2,1,3,1,1,1,2,4,1,1,3,1,1,2,3,1,4,2,1,4,2,1,4,1,4,2,4,4,3,4,3,1,4,1,4,2,1,4,2,4,4,2,4,3,1,1,4,4,3,1,1,4,4,2,1,1,4,4,4,1,1,4,4,3,3,1,4,4,2,4,1,4,1,4,4,4,4,3,1,1,1,1,2,1,1,1,1,1,2,1,1,3,2,2,1,1,1
s1241,1/19/22 18:30,633,1,1,2,2,2,2,1,2,2,2,1,2,2,2,1,2,2,2,2,1,2,2,1,2,2,1,2,2,2,1,2,3,1,2,2,1,1,4,4,4,4,1,3,4,1,3,1,1,1,2,4,1,2,1,2,1,1,2,1,4,4,2,4,3,1,4,1,4,4,4,4,4,4,3,2,4,2,4,3,3,4,3,4,4,1,4,4,1,1,4,4,4,1,1,4,4,4,1,2,4,4,4,1,2,4,4,4,4,2,4,4,3,4,2,4,2,4,4,4,4,4,1,2,1,4,1,1,1,3,2,1,4,1,3,1,5,5,1,4,1
s1242,1/19/22 18:27,473,1,1,1,1,2,2,1,2,2,2,1,1,2,1,1,2,1,2,1,1,1,2,1,2,2,1,2,1,2,1,2,4,1,2,1,1,1,4,3,3,3,4,3,2,3,3,2,2,2,2,3,1,2,3,3,1,4,2,4,4,3,1,3,3,2,4,1,2,4,2,4,3,2,4,2,4,1,2,4,2,4,2,2,4,3,4,4,2,2,3,4,3,1,2,2,4,4,1,1,2,4,4,1,1,2,4,4,1,2,4,2,4,4,3,4,2,4,3,2,4,2,3,1,4,2,1,1,1,1,2,4,4,2,3,4,3,4,3,3,2
s1243,1/19/22 18:33,761,1,1,2,2,2,2,1,2,2,2,1,2,2,1,1,2,2,2,1,1,2,2,1,2,2,1,2,1,2,1,2,3,2,2,4,1,2,3,3,4,3,2,4,3,2,4,2,2,1,2,3,2,3,2,2,1,2,3,2,4,3,2,3,2,2,3,1,1,2,3,4,4,3,2,2,4,2,4,3,2,4,2,2,2,2,4,2,1,2,3,2,2,1,1,4,4,1,2,1,3,3,2,2,1,3,3,3,3,2,3,3,1,3,2,4,1,3,3,2,2,5,2,4,1,4,1,1,1,4,4,2,4,1,2,2,4,3,2,4,1
s1244,1/19/22 18:35,615,1,1,2,1,2,2,1,2,2,2,1,2,2,1,1,2,2,1,1,1,2,2,1,2,2,1,2,1,2,1,2,4,1,2,4,1,2,4,4,4,2,2,4,3,1,4,1,1,2,1,4,1,2,1,3,1,1,3,2,1,3,1,4,2,1,4,1,2,2,3,4,1,3,4,1,4,1,4,4,1,4,1,2,3,1,4,4,1,1,2,4,3,1,1,4,4,4,1,1,4,4,3,1,1,3,4,4,3,1,4,2,4,4,2,4,1,4,3,4,4,4,2,3,2,4,1,1,1,3,1,2,5,1,1,3,5,5,1,5,1
s1245,1/19/22 18:36,476,1,1,2,2,2,2,1,2,2,2,1,2,2,2,1,2,2,2,2,1,2,2,1,2,2,1,2,1,2,1,2,3,2,1,2,2,1,3,3,3,3,1,3,2,2,3,2,2,1,1,3,1,1,2,3,1,2,1,1,3,3,2,4,2,3,4,2,4,2,2,4,2,2,4,3,4,1,3,3,3,4,1,3,3,1,4,4,3,2,3,4,3,2,1,2,4,3,3,2,3,4,3,3,1,3,4,2,2,1,4,2,2,3,2,4,1,2,3,3,4,3,1,1,1,2,1,1,1,1,3,2,2,1,2,1,4,3,1,1,1
s1246,1/19/22 18:41,516,1,1,2,2,2,2,1,2,2,2,1,2,2,1,1,2,2,2,1,1,2,2,1,2,2,1,2,1,2,1,2,2,1,3,3,1,1,2,2,4,1,2,3,2,1,2,1,1,1,1,4,1,1,2,1,1,1,3,2,3,2,2,3,3,1,4,1,3,3,3,4,1,3,2,3,4,2,3,2,2,4,3,3,3,1,4,4,2,1,3,4,3,2,1,3,4,1,2,2,3,4,4,2,2,3,4,2,3,2,4,3,2,4,2,4,2,2,3,3,4,3,1,1,1,2,2,1,1,2,2,2,4,2,1,1,4,4,1,3,1
s1247,1/19/22 18:39,260,1,1,2,2,2,2,2,2,2,2,1,2,2,2,1,2,2,2,2,2,2,2,1,2,2,2,2,2,2,2,2,4,1,2,2,1,2,4,3,3,4,2,4,4,2,4,1,1,1,1,4,1,1,1,2,1,2,2,3,4,4,1,4,4,2,3,1,3,3,4,4,2,4,4,1,3,1,4,3,1,3,1,3,4,2,4,4,1,1,4,4,4,2,1,2,4,4,1,1,3,4,4,1,1,4,4,2,3,1,4,2,4,3,2,4,1,4,3,4,3,2,1,1,1,1,1,1,1,3,2,1,1,1,1,2,4,5,1,1,1
s1248,1/19/22 18:48,526,1,1,1,1,2,1,1,2,2,2,1,1,2,1,1,2,1,2,1,1,1,2,1,1,2,1,1,1,1,1,2,4,1,3,3,1,1,3,4,4,2,1,4,4,1,3,1,2,2,2,4,1,2,3,2,1,1,3,1,2,2,2,4,3,1,4,1,3,3,4,4,1,4,2,1,4,1,4,1,1,4,1,4,3,1,4,3,1,1,4,4,3,1,1,4,4,3,1,1,3,4,4,1,1,4,4,2,4,1,4,4,1,4,1,4,1,3,4,4,4,4,1,2,1,3,1,1,1,2,2,1,3,1,4,1,5,5,1,3,1
s1249,1/19/22 18:46,336,1,1,2,1,2,2,1,2,2,2,1,2,2,2,1,2,2,1,2,1,2,2,1,2,2,1,2,1,2,1,2,4,1,3,2,1,1,4,4,4,2,1,4,3,1,4,1,1,1,1,4,2,2,1,2,1,2,2,1,3,3,1,4,4,1,4,1,3,2,4,4,1,4,2,1,4,1,4,3,2,4,3,4,4,1,4,4,1,1,4,4,3,2,1,4,4,3,1,1,4,4,4,1,1,4,4,3,4,1,4,4,3,4,1,4,1,3,4,4,4,3,1,2,1,4,1,1,1,2,3,1,4,1,3,1,4,4,1,3,1
s1250,1/19/22 18:55,415,1,1,1,1,2,1,1,2,2,2,1,1,2,1,1,2,1,2,1,1,1,2,2,1,2,1,2,1,2,1,2,4,1,3,4,1,3,4,4,4,3,1,4,3,1,4,2,1,1,2,4,2,1,1,2,1,2,1,1,3,4,2,4,1,1,4,1,4,3,4,4,1,4,1,1,4,1,4,3,2,4,2,4,2,1,4,4,1,2,4,4,2,1,1,4,4,1,1,2,3,4,1,1,1,4,4,2,4,1,4,4,2,4,1,4,1,2,4,4,4,4,1,3,1,5,1,1,1,4,4,2,4,,4,1,5,4,1,4,1
s1251,1/19/22 18:57,556,1,1,2,2,2,2,1,2,2,2,1,2,2,2,1,2,2,2,2,1,2,2,1,2,2,2,2,1,2,1,2,1,2,3,3,2,2,2,3,2,3,4,2,3,2,2,1,2,3,2,3,1,2,3,2,1,2,2,4,2,3,1,2,3,2,2,3,3,2,2,3,2,3,2,3,3,2,3,2,1,3,1,3,3,3,3,2,3,1,3,3,3,2,2,3,3,2,3,2,2,3,3,2,1,1,3,2,2,2,3,2,2,3,2,3,2,2,2,2,2,2,1,2,2,3,1,1,1,2,3,2,3,1,2,2,3,2,2,4,1
s1252,1/19/22 19:16,700,1,1,1,1,2,2,1,2,2,2,1,1,2,1,1,2,1,2,1,1,2,2,1,2,2,1,2,1,2,1,2,3,2,3,4,1,1,4,4,4,4,1,3,3,1,2,1,1,1,1,4,1,1,1,1,1,2,2,1,4,4,2,4,4,1,4,1,3,4,4,4,1,4,3,1,4,1,4,1,1,4,1,4,4,1,4,4,1,1,4,4,4,1,1,4,4,2,1,1,4,4,4,1,1,4,4,4,4,1,4,4,4,4,2,4,1,4,2,4,4,4,1,3,1,4,1,1,1,4,4,1,4,1,3,1,4,4,1,3,1
s1253,1/19/22 19:20,648,1,2,2,2,2,2,2,2,2,2,2,2,2,2,2,2,2,2,2,2,2,2,2,2,2,2,2,2,2,2,2,2,1,2,2,1,1,3,2,2,3,2,3,3,1,2,1,2,2,2,2,1,2,3,2,2,2,3,1,1,2,2,3,3,2,3,2,3,3,2,3,2,3,3,2,3,2,3,3,2,3,2,3,3,3,3,3,2,2,3,3,3,3,2,3,3,2,2,2,3,3,3,2,2,3,3,3,3,2,3,3,3,3,2,3,2,3,3,3,3,2,2,2,2,2,1,1,1,2,1,2,3,2,2,3,2,3,2,2,2
s1254,1/19/22 19:12,566,1,1,2,1,2,2,1,2,2,2,1,2,2,1,1,2,2,1,1,1,2,2,1,2,2,1,2,1,2,1,2,2,1,2,3,1,2,2,3,2,2,1,3,2,1,3,1,1,1,1,3,1,1,3,1,1,2,3,1,3,2,1,4,3,2,4,2,3,3,3,4,4,4,2,2,4,2,4,2,3,4,3,4,3,2,4,4,2,1,4,4,3,2,2,4,4,4,2,2,3,4,4,2,1,4,4,4,3,1,4,4,2,4,1,4,2,1,3,4,4,4,1,2,1,4,1,1,1,3,2,1,3,1,2,1,3,3,1,3,1
s1255,1/19/22 19:09,601,1,1,1,1,2,1,1,2,2,2,1,1,2,1,1,1,1,2,1,1,1,2,1,1,2,1,2,1,1,1,2,3,2,3,3,2,2,3,4,3,3,1,3,3,2,2,1,2,3,3,2,1,2,1,2,1,2,2,1,2,2,2,4,2,2,2,2,3,3,3,2,1,3,2,2,4,2,2,2,2,2,2,2,2,1,4,4,1,2,4,4,1,2,1,4,4,2,1,2,4,4,2,1,2,4,4,2,3,1,4,3,1,4,1,4,2,1,2,3,4,4,2,3,1,3,1,1,1,4,4,2,5,1,2,1,5,5,1,5,1
s1256,1/19/22 21:21,828,1,1,2,2,2,2,1,2,2,2,1,2,2,2,1,2,2,2,2,1,2,2,1,2,2,2,2,2,2,1,2,4,1,2,3,1,2,4,4,3,4,3,3,3,2,3,1,1,1,1,3,1,1,2,2,1,2,1,3,4,4,1,4,3,1,4,1,2,2,4,4,4,3,4,1,4,1,3,1,2,4,2,4,3,2,4,3,1,1,3,4,2,1,1,3,4,2,1,1,3,4,2,1,1,4,4,1,3,1,3,3,1,3,2,3,2,1,2,2,3,4,1,2,1,3,1,1,1,2,3,1,1,1,2,2,4,4,1,3,1
s1257,1/19/22 19:24,588,1,1,1,1,2,1,1,2,2,2,1,1,2,1,1,1,1,1,1,1,1,2,1,1,2,1,2,1,1,1,2,3,1,4,1,1,2,4,3,3,2,1,4,3,1,3,2,4,2,2,4,3,2,1,1,3,4,3,3,4,3,2,3,2,1,4,1,2,2,3,3,1,3,3,1,2,3,4,3,1,3,2,2,3,1,4,4,1,1,4,4,2,1,1,4,4,4,4,1,2,4,3,1,1,4,4,3,4,1,4,2,1,3,1,4,2,2,2,3,3,4,3,1,3,4,1,1,2,3,3,3,3,1,3,3,4,4,2,4,1
s1258,1/19/22 19:21,432,1,1,2,1,2,2,1,2,2,2,1,1,2,1,1,2,1,2,1,1,1,2,1,1,2,1,2,1,2,1,2,3,2,3,2,1,1,4,4,4,4,1,4,4,1,1,1,1,1,1,4,1,1,3,1,1,1,4,1,1,3,2,4,4,1,4,1,4,2,4,4,1,4,4,1,4,1,4,4,2,4,2,4,4,1,4,4,1,4,4,4,3,1,1,4,4,4,2,2,4,4,4,1,1,4,4,4,4,1,1,2,4,4,2,4,2,4,4,3,4,2,1,3,1,4,1,1,1,2,2,1,3,1,4,1,4,4,1,3,1
s1259,1/19/22 20:09,480,1,1,2,1,2,1,1,2,2,2,1,1,2,1,1,2,1,1,1,1,1,2,1,1,2,1,2,1,2,1,2,3,1,2,2,1,3,3,4,3,2,1,4,4,1,3,1,1,1,2,4,1,2,1,1,2,2,2,1,3,3,2,3,1,1,3,1,4,1,3,3,1,2,2,2,4,1,2,1,1,4,2,3,2,1,3,1,1,1,4,4,1,1,1,3,3,1,1,2,2,4,2,1,2,4,2,3,2,1,3,3,1,4,1,3,1,1,1,3,3,2,1,2,1,2,1,1,1,2,3,1,1,1,3,1,4,4,1,3,1
s1260,1/19/22 19:28,665,1,1,1,1,1,1,1,1,2,1,1,1,1,1,1,1,1,2,1,1,1,1,1,1,2,1,1,1,1,1,1,4,1,3,2,1,1,4,4,4,3,1,4,4,1,4,1,1,1,1,4,1,1,1,2,1,2,1,1,4,4,1,4,1,1,4,1,4,3,4,4,1,4,4,1,4,1,4,4,1,4,3,4,2,1,4,4,1,1,4,4,2,1,1,4,4,4,1,1,4,4,2,1,1,4,4,4,4,1,4,4,4,4,1,4,1,4,4,4,2,5,1,5,1,5,1,1,1,5,5,1,5,1,5,1,5,5,1,5,1
s1261,1/19/22 19:32,737,1,1,1,1,2,1,1,2,2,2,1,1,2,1,1,2,1,2,1,1,1,2,1,1,2,1,1,1,1,1,2,2,2,3,1,2,3,2,2,1,1,2,2,1,3,3,1,3,2,3,3,1,3,2,3,2,3,4,2,4,1,2,2,2,2,3,3,1,3,2,3,3,2,2,3,3,3,2,2,1,3,2,2,3,4,3,2,3,3,2,3,3,4,3,3,4,2,2,3,2,3,3,3,2,2,3,2,1,3,3,3,1,3,2,3,3,3,2,2,3,2,1,1,1,1,1,2,1,1,1,3,2,2,1,3,1,2,1,2,2
s1262,1/19/22 19:42,898,1,1,1,1,2,2,1,2,2,2,1,1,2,1,1,2,1,2,1,1,1,2,1,2,2,1,2,1,2,1,2,4,1,2,1,1,1,4,4,4,4,1,4,4,1,3,2,1,1,1,4,1,1,1,2,1,1,1,1,3,4,1,4,2,1,4,1,4,4,4,4,1,4,1,1,4,1,4,1,1,4,1,4,4,1,4,3,1,1,4,4,3,1,1,4,4,1,1,1,3,4,4,1,1,4,4,1,4,1,4,3,1,4,1,4,1,1,4,4,4,5,1,4,2,4,1,1,1,5,3,2,5,1,4,2,5,5,3,5,2
s1263,1/19/22 19:28,407,1,1,1,1,2,2,1,2,2,2,1,1,2,1,1,1,1,1,1,1,2,2,1,2,2,1,2,1,2,1,2,3,1,2,2,1,1,3,3,3,3,1,3,3,1,2,1,1,2,1,3,1,1,2,1,1,2,2,1,2,3,2,3,2,1,3,2,2,2,4,4,4,4,3,2,4,1,3,1,2,4,1,3,3,2,4,4,1,1,4,4,2,1,1,4,4,4,1,1,3,4,2,1,1,4,4,4,4,1,1,4,1,4,2,4,1,2,4,4,4,2,2,2,2,3,2,1,1,3,3,2,2,1,1,1,3,4,1,3,1
s1264,1/19/22 19:30,477,1,1,2,1,2,2,1,2,2,2,1,1,2,1,1,2,1,2,1,1,2,2,1,2,2,1,2,1,2,1,2,3,2,2,1,2,2,4,3,3,1,1,3,1,1,1,3,1,2,1,3,1,1,3,1,3,2,3,1,1,2,1,4,4,2,4,2,2,4,2,4,1,4,4,1,4,1,4,3,2,4,1,4,4,2,4,4,2,1,3,4,4,2,1,3,4,2,2,1,3,4,4,2,1,3,4,3,3,1,4,2,4,4,2,4,1,3,3,4,4,4,3,1,3,3,2,1,2,2,1,5,4,2,2,1,3,,4,3,2
s1265,1/19/22 19:27,317,1,1,2,2,2,2,1,2,2,2,1,2,2,2,1,2,2,1,2,1,2,2,1,2,2,2,2,2,2,1,2,4,1,3,1,1,1,3,4,4,4,2,4,3,1,4,1,1,1,1,4,2,1,2,1,1,2,2,2,4,2,2,4,3,1,4,1,3,3,3,4,1,3,3,3,4,1,4,2,1,4,2,4,3,1,4,2,1,1,4,4,3,1,1,3,4,1,1,2,4,4,3,1,1,3,4,4,2,1,4,3,1,3,1,4,1,4,4,4,4,1,2,1,1,3,1,1,1,1,1,2,4,1,1,1,4,4,1,3,1
s1266,1/19/22 19:32,547,1,1,1,1,2,1,1,1,2,2,1,1,2,1,1,1,1,1,1,1,1,2,1,1,2,1,2,1,1,1,2,4,1,2,1,1,1,4,4,4,3,1,3,3,2,2,1,1,1,1,3,1,2,4,2,2,2,2,1,3,3,1,4,3,1,4,1,1,2,3,4,2,3,3,2,4,1,3,3,1,4,2,3,4,1,4,3,1,1,4,4,3,1,1,3,4,4,2,1,2,4,4,1,1,4,4,3,4,1,4,3,2,4,2,4,1,2,2,4,4,4,2,2,1,2,1,1,1,2,3,2,5,1,2,2,5,5,1,3,1
s1267,1/19/22 20:12,464,1,1,1,2,2,2,2,2,1,2,1,1,2,1,2,1,2,1,1,1,2,1,1,1,1,1,2,2,2,2,1,4,3,3,2,1,2,3,3,2,2,2,3,3,1,3,2,2,3,2,3,1,2,2,1,3,3,3,2,3,3,2,2,2,2,2,2,3,2,2,2,2,2,2,1,2,2,2,4,2,4,3,2,2,2,3,4,2,3,2,3,2,2,3,2,2,1,2,2,2,2,2,2,2,3,3,2,3,2,2,2,2,3,2,2,2,2,2,2,2,4,1,4,1,4,1,1,1,4,5,1,3,1,4,1,5,4,2,4,1
s1268,1/19/22 19:38,651,1,1,1,1,2,1,1,2,2,2,1,1,2,1,1,2,1,2,1,1,1,2,1,1,2,1,1,1,1,1,2,3,1,2,1,1,1,2,4,4,4,1,3,1,1,3,1,1,1,1,3,1,1,1,1,1,1,2,1,4,2,2,4,4,1,4,1,4,4,3,4,1,4,2,2,4,1,4,4,3,4,3,4,4,1,4,4,2,1,4,4,3,1,1,4,4,4,2,1,4,4,4,2,2,4,4,4,4,1,4,4,4,4,1,4,1,4,4,4,4,5,1,3,1,3,1,1,1,5,5,1,5,1,1,2,5,5,1,1,1
s1269,1/19/22 19:38,685,1,1,1,1,2,2,1,2,2,2,1,1,2,1,1,2,1,1,1,1,1,2,1,2,2,1,2,1,2,1,2,3,2,2,3,1,2,2,3,3,3,2,3,2,2,3,2,1,1,2,2,2,2,1,2,1,2,3,2,3,2,2,3,2,2,3,2,3,2,4,3,2,3,2,2,3,2,3,2,2,3,2,3,2,2,3,4,2,2,3,4,2,2,2,3,4,3,2,2,3,3,3,2,2,3,3,2,3,2,3,3,2,3,2,3,2,2,2,3,3,3,1,3,1,3,1,1,1,3,3,1,3,1,4,2,5,5,1,4,1
s1270,1/19/22 19:45,769,1,1,1,1,1,1,1,1,1,1,1,1,1,1,1,1,1,1,1,1,1,1,1,1,1,1,1,1,1,1,1,4,1,4,4,1,2,3,4,4,4,4,4,4,1,2,2,1,3,3,4,1,1,1,2,1,3,4,1,4,4,3,3,2,2,3,2,4,4,3,3,3,2,2,2,3,2,2,2,2,2,2,2,2,1,2,2,1,2,2,2,2,2,2,2,2,1,1,2,2,2,2,1,1,2,2,2,3,1,2,2,1,2,2,2,1,1,2,2,2,3,2,3,2,5,1,1,3,3,5,2,5,1,5,2,3,5,3,5,3
s1271,1/19/22 19:40,351,1,1,2,2,2,2,1,2,2,2,1,2,2,2,1,2,2,1,2,1,2,2,1,2,2,1,2,1,2,1,2,3,1,2,2,1,2,3,2,2,2,1,3,3,1,2,1,2,2,2,3,1,2,1,2,1,2,2,1,3,3,2,2,2,2,3,2,2,2,3,4,4,4,4,2,3,2,3,4,2,4,2,2,3,2,4,4,2,1,3,4,2,2,2,3,4,4,2,2,3,4,3,2,1,3,4,4,4,2,4,2,4,3,2,4,2,3,1,2,3,3,2,1,1,2,2,1,1,1,1,3,4,1,3,1,3,4,1,3,1
s1272,1/19/22 19:48,570,1,1,2,1,2,2,1,2,2,2,1,1,2,1,1,2,1,1,1,1,2,2,1,2,2,1,2,1,2,1,2,3,1,2,1,1,2,2,3,4,3,2,4,3,1,3,2,2,1,2,4,2,2,2,2,1,2,2,1,4,3,2,4,2,1,4,1,2,1,4,4,1,3,3,1,4,1,4,2,1,4,2,2,3,1,4,1,1,2,3,4,2,1,1,3,4,3,1,2,3,4,3,1,1,3,4,3,4,1,3,3,3,4,3,4,1,2,2,3,3,3,3,2,2,2,1,1,2,2,1,3,4,1,3,4,4,4,1,3,1
s1273,1/19/22 19:41,186,1,1,2,1,1,2,2,2,1,2,1,1,2,1,1,1,2,1,2,2,1,1,2,1,2,2,2,1,2,1,2,3,2,3,3,1,2,3,3,3,3,2,3,3,2,3,1,2,2,2,3,1,2,2,2,1,3,3,2,3,3,2,3,2,3,3,2,2,3,2,3,3,4,3,2,2,3,2,4,2,3,2,2,3,2,2,3,3,3,2,2,2,3,2,2,3,3,2,2,2,3,2,4,2,3,2,3,2,3,2,2,2,3,3,2,2,3,3,3,2,3,2,3,2,4,1,1,1,3,2,2,4,1,2,3,4,3,2,4,1
s1274,1/19/22 19:46,333,1,1,1,1,2,1,1,1,2,1,1,1,2,1,1,1,1,1,1,1,1,2,1,1,2,1,2,1,1,1,2,2,1,1,2,3,4,3,2,2,1,1,2,2,2,3,1,2,1,2,2,2,3,3,1,3,3,3,1,2,2,2,2,3,2,4,3,2,3,4,4,2,4,2,1,4,2,3,3,2,3,1,3,4,3,4,4,2,2,2,4,3,2,2,4,3,4,2,1,2,4,4,2,2,4,4,4,3,2,4,3,2,3,2,3,2,3,1,3,3,3,1,3,1,3,1,1,1,3,3,2,4,1,2,1,4,4,3,4,1
s1275,1/19/22 20:00,638,1,1,2,1,2,2,1,2,2,2,1,2,2,1,1,2,2,1,2,1,2,2,1,2,2,1,2,1,2,1,2,3,1,2,3,1,2,3,3,3,2,1,3,3,1,2,1,1,2,1,3,1,2,2,1,1,2,2,1,2,3,2,4,2,1,4,2,3,2,4,4,2,4,2,2,4,1,4,2,1,3,2,4,2,2,4,2,1,2,4,4,2,2,2,4,4,2,1,2,4,4,3,1,1,4,4,2,3,2,4,3,2,4,1,4,1,2,2,4,4,2,1,2,1,2,1,1,1,2,1,1,3,1,2,1,3,3,1,4,1
s1276,1/19/22 20:21,854,1,1,2,1,2,2,1,2,2,2,1,2,2,1,1,2,2,2,2,1,2,2,1,2,2,1,2,1,2,1,2,3,1,3,1,1,1,3,4,4,3,1,3,3,2,2,1,1,1,1,3,1,1,1,2,1,1,3,1,2,2,3,4,4,1,4,1,4,3,4,4,2,4,2,3,4,2,4,4,2,4,3,4,3,1,4,4,1,2,4,4,4,1,1,3,4,4,1,2,4,4,4,1,2,4,4,4,4,2,4,3,2,4,1,4,1,2,4,4,4,4,1,1,1,4,1,1,2,4,3,2,4,1,3,1,4,4,1,3,1
s1277,1/19/22 20:10,313,1,1,2,1,2,2,1,2,2,2,1,2,2,1,1,2,2,2,1,1,2,2,1,2,2,1,2,1,2,1,2,4,1,3,2,2,1,4,3,3,3,2,3,3,1,2,1,1,2,1,3,1,1,3,1,1,1,2,2,3,3,2,4,3,1,4,1,3,1,3,4,1,4,3,2,4,1,4,3,2,4,1,4,4,2,4,4,1,1,4,3,2,1,1,4,4,4,1,1,4,4,4,1,1,4,4,3,3,1,4,4,2,4,2,4,1,4,2,4,4,3,1,3,2,3,1,1,2,4,4,2,4,1,4,2,4,4,2,3,1
s1278,1/19/22 20:14,423,1,1,2,2,2,2,1,2,2,2,1,2,2,1,1,2,2,2,2,1,2,2,1,2,2,1,2,1,2,1,2,2,2,1,3,2,2,4,3,2,2,1,3,3,2,2,1,2,4,2,3,1,2,1,1,2,2,4,1,2,2,2,3,2,1,4,2,2,2,3,4,2,3,4,2,4,1,4,2,3,4,2,3,2,2,4,4,2,2,4,4,2,3,2,4,4,2,2,2,3,4,2,2,1,4,4,2,1,2,4,4,2,4,2,3,1,2,2,3,3,3,2,3,1,2,1,1,1,3,2,2,4,1,3,2,4,4,3,2,1
s1279,1/19/22 20:35,723,1,1,1,1,2,2,1,2,2,2,1,1,2,1,1,2,1,2,1,1,1,2,1,1,2,1,2,1,1,1,2,4,1,2,2,1,2,4,3,4,3,1,4,4,1,3,2,2,1,2,4,2,2,1,2,1,2,2,1,3,3,2,3,2,1,3,1,3,1,4,3,1,3,2,1,3,1,3,2,2,3,2,4,2,1,4,3,1,1,3,4,2,2,1,3,4,2,1,2,3,3,2,1,1,3,3,2,4,1,4,3,2,4,2,3,1,2,3,3,3,3,3,2,2,3,2,2,2,2,3,3,4,2,3,3,4,4,2,3,2
s1280,1/19/22 20:36,515,1,2,2,2,2,2,2,2,2,2,2,2,2,2,2,2,2,1,2,2,2,2,2,2,2,2,2,2,2,2,2,4,1,2,1,1,1,4,4,4,3,2,4,2,1,2,1,2,2,2,4,1,1,1,1,1,1,2,2,2,4,2,4,1,1,4,1,4,2,4,4,1,4,2,2,4,1,4,2,1,4,2,4,4,1,4,4,1,1,4,4,1,1,1,4,4,1,1,2,4,4,3,1,1,4,4,4,4,1,4,4,2,4,1,4,1,4,4,4,4,1,1,1,1,1,1,1,1,1,1,4,4,1,1,1,2,4,1,2,1
s1281,1/19/22 20:41,409,1,1,1,1,2,1,1,2,2,2,1,1,2,1,1,1,1,2,1,1,1,2,1,1,2,1,1,1,1,1,2,4,1,1,1,1,4,4,3,3,1,1,4,3,1,3,2,1,1,1,3,2,2,1,1,2,2,2,1,3,2,2,3,4,2,3,1,2,4,2,3,2,3,4,2,3,1,2,3,2,3,1,3,4,2,3,4,2,1,3,3,4,2,1,2,4,4,2,1,3,3,4,2,1,3,3,3,2,1,3,2,4,3,3,4,1,3,2,3,3,2,4,1,4,2,2,3,4,1,1,4,3,2,1,5,2,3,1,3,4
s1282,1/19/22 21:11,518,1,1,1,1,2,2,1,2,2,2,1,1,2,1,1,2,1,1,1,1,1,2,1,1,2,1,2,1,1,1,2,3,1,1,1,1,1,3,3,3,2,1,3,2,1,3,1,1,1,1,4,1,2,2,2,3,2,3,2,4,2,1,3,3,2,4,1,2,3,3,4,2,4,4,2,4,1,4,4,2,4,1,4,4,3,4,4,2,1,4,4,3,1,1,4,4,4,2,1,3,4,4,2,1,4,4,4,3,1,4,3,4,4,2,4,1,4,3,3,4,3,3,2,3,2,3,2,1,3,1,3,4,2,2,3,4,4,1,3,2
s1283,1/19/22 21:15,649,1,1,1,1,2,2,1,2,2,2,1,1,2,1,1,2,1,2,1,1,1,2,1,1,2,1,2,1,2,1,2,3,2,1,1,1,2,2,3,3,1,3,4,1,3,4,2,2,2,2,3,1,2,1,2,3,3,2,3,2,2,2,2,3,2,3,2,1,2,3,3,2,1,1,1,3,2,2,1,2,3,1,2,3,2,3,2,2,1,1,3,2,2,2,1,3,1,2,2,2,3,2,2,1,2,3,2,3,2,3,1,1,3,3,3,1,1,2,1,3,3,2,2,1,3,2,1,1,2,1,2,4,1,2,1,3,4,1,3,1
s1284,1/19/22 21:26,357,1,1,2,2,2,2,1,2,2,2,1,2,2,1,1,2,2,2,2,1,2,2,1,2,2,1,2,1,2,1,2,3,2,3,2,1,1,4,4,3,2,2,3,3,1,4,2,1,1,1,4,1,2,1,2,1,2,2,2,4,2,2,4,2,1,4,1,4,3,4,4,1,4,3,2,4,1,4,3,2,4,4,4,4,1,4,3,1,2,4,4,4,1,1,4,4,2,1,2,4,4,4,1,2,4,4,4,4,1,4,4,2,4,1,4,2,4,2,4,4,4,1,2,1,4,1,1,1,3,2,2,3,1,2,2,3,3,1,2,1
s1285,1/19/22 21:38,510,1,1,1,1,2,1,1,2,2,2,1,1,2,1,1,2,1,2,1,1,1,2,1,1,2,1,2,1,1,1,2,3,1,2,3,1,2,2,2,4,2,1,2,2,2,3,2,2,1,2,3,4,2,1,3,2,2,3,1,4,2,3,3,1,2,3,2,2,1,3,3,2,3,3,2,3,2,3,1,2,2,3,4,1,2,3,1,2,3,3,4,1,1,2,3,4,1,1,3,4,4,2,2,3,4,4,1,4,2,4,4,1,4,2,4,2,1,2,2,3,4,1,3,1,3,1,1,1,4,2,1,4,1,4,1,3,4,1,3,1
s1286,1/19/22 21:40,398,1,1,1,1,2,2,1,2,2,2,1,1,2,1,1,2,1,2,1,1,1,2,1,2,2,1,2,1,2,1,2,3,2,2,1,1,2,3,4,3,1,1,4,1,1,3,3,2,1,1,4,1,2,2,2,1,2,3,1,2,1,2,3,3,2,3,2,2,2,3,3,1,3,3,2,3,1,3,3,2,4,2,3,3,2,3,2,2,2,4,4,2,2,1,2,4,4,2,2,2,3,2,2,1,3,3,3,2,2,4,1,2,3,2,4,2,2,2,2,4,3,2,1,2,2,2,2,1,2,1,1,2,2,2,2,2,3,1,2,2
s1287,1/19/22 21:53,502,1,1,2,1,2,1,1,2,2,2,1,1,2,1,1,1,2,2,1,1,1,2,1,1,2,1,2,1,2,1,2,3,2,3,2,2,1,4,3,3,3,2,3,2,2,3,1,2,2,2,3,1,2,2,1,2,1,1,2,3,3,2,3,4,1,4,2,1,3,3,4,2,3,4,2,4,1,4,3,2,4,2,4,3,2,4,4,2,1,4,4,2,2,2,3,4,4,2,2,4,4,3,2,1,4,4,2,2,1,4,3,4,4,3,4,2,2,2,3,4,4,1,2,2,3,1,1,1,4,4,2,3,1,1,1,3,4,1,3,1
s1288,1/19/22 22:00,449,1,1,1,1,2,1,1,1,2,2,1,1,1,1,1,1,1,2,1,1,1,2,1,1,2,1,1,1,1,1,2,2,3,2,1,3,2,3,2,2,1,3,2,2,3,1,3,3,4,2,1,3,3,3,2,2,3,4,3,2,1,1,2,3,3,2,2,1,3,1,2,1,3,4,3,2,1,3,4,1,2,1,3,4,3,1,4,3,2,2,2,3,3,2,2,3,4,3,1,3,2,4,3,1,1,1,4,1,2,1,2,3,2,3,2,2,4,2,2,2,3,2,1,2,1,3,1,2,2,1,3,3,3,1,3,2,3,2,1,1
s1289,1/19/22 22:32,537,1,1,1,1,1,1,1,1,2,1,1,1,1,1,1,1,1,1,1,1,1,1,1,1,2,1,1,1,1,1,2,3,1,2,3,1,1,3,3,3,1,1,4,3,2,2,1,1,1,1,3,1,2,2,1,1,1,3,1,1,2,2,3,2,2,4,1,2,4,4,4,2,4,2,2,4,1,4,4,2,4,1,3,4,2,4,4,2,1,4,4,4,2,1,4,4,4,2,1,3,4,4,2,1,4,4,4,4,1,4,3,4,4,2,4,1,4,2,4,4,4,1,3,2,4,2,1,1,3,3,1,4,2,3,1,4,4,1,4,1
s1290,1/19/22 22:30,699,1,1,1,1,2,1,1,1,1,2,1,1,1,1,1,1,1,2,1,1,1,2,1,1,2,1,2,1,1,1,1,3,2,3,3,1,1,3,3,4,3,1,2,3,1,4,1,2,1,2,3,1,2,1,2,1,1,3,1,4,2,2,4,2,1,4,2,4,3,4,4,1,4,1,2,4,2,4,2,2,4,2,4,3,1,4,4,1,2,4,4,2,1,2,4,4,4,1,2,4,4,3,1,2,4,4,4,4,1,4,2,2,4,1,4,1,2,2,4,4,5,2,5,1,3,1,1,1,5,2,2,5,1,3,1,2,5,1,4,1
s1291,1/19/22 22:51,515,1,1,2,2,2,2,2,2,2,2,1,2,2,2,1,2,2,2,2,2,2,2,2,2,2,2,2,2,2,2,2,3,1,2,2,2,2,3,4,2,4,3,3,3,1,3,1,1,2,1,3,1,1,2,1,1,2,1,3,3,4,3,3,2,2,3,1,3,3,3,3,1,3,3,3,3,1,4,2,3,4,3,3,2,3,4,4,2,1,4,3,2,2,1,3,3,1,3,3,3,4,2,3,2,4,4,2,3,1,3,3,1,3,2,3,1,1,3,3,3,3,2,2,2,4,1,2,1,3,3,3,3,1,3,4,4,4,1,3,2
s1292,1/19/22 23:16,546,1,2,2,2,2,2,2,2,,2,2,2,2,2,2,2,2,2,2,2,2,2,2,2,2,2,2,2,2,2,2,3,1,3,3,1,3,3,4,3,3,2,3,3,1,3,1,1,1,1,3,1,1,2,2,1,2,3,2,2,3,2,4,2,1,4,2,4,2,4,4,2,4,2,1,4,1,4,1,1,4,2,4,3,2,4,1,1,2,4,4,4,2,1,4,4,1,1,2,4,4,2,1,1,4,4,1,4,1,4,4,1,4,1,4,2,1,3,4,4,4,1,4,1,3,1,1,1,4,3,1,,,4,1,5,4,1,5,1
s1293,1/19/22 23:49,519,1,1,1,1,2,1,1,1,2,2,1,1,2,1,1,2,1,2,1,1,1,2,1,1,2,1,2,1,1,1,2,4,1,3,2,1,2,4,4,4,1,2,4,1,1,4,1,1,1,1,4,1,2,2,1,2,2,3,2,4,2,1,4,4,1,4,2,4,4,3,4,1,2,4,1,4,1,4,3,2,4,1,4,4,1,4,4,1,1,3,4,4,1,1,3,4,4,1,1,4,4,4,1,1,4,4,4,4,1,4,3,2,4,2,4,1,2,2,3,4,4,3,1,3,2,3,2,2,1,1,4,5,3,2,5,3,5,1,3,1
s1294,1/20/22 00:49,482,1,1,2,2,2,2,1,2,2,2,1,2,2,1,1,2,2,2,2,1,2,2,1,2,2,2,2,2,2,2,2,4,1,2,3,1,1,3,4,4,4,1,4,4,1,3,2,1,1,1,4,2,1,1,2,1,1,3,1,4,3,2,4,3,2,4,1,4,2,4,4,1,4,3,2,4,1,4,1,1,4,2,4,3,1,4,2,2,1,4,4,2,1,1,4,4,1,1,2,4,4,2,2,1,4,1,1,3,1,4,4,2,4,1,4,1,2,4,4,4,4,1,2,1,3,1,1,1,2,2,1,4,1,2,1,4,5,1,3,1
s1295,1/20/22 00:53,360,1,1,2,1,2,2,1,2,2,2,1,1,2,1,1,2,1,1,1,1,1,2,1,2,2,1,2,1,2,1,2,2,2,2,2,2,3,4,3,1,2,2,3,2,2,3,1,2,2,2,3,1,1,2,2,1,3,2,2,4,3,1,4,3,2,4,2,4,3,1,4,4,3,2,3,4,1,4,2,2,4,2,4,4,4,4,3,3,2,4,4,3,3,2,4,4,2,3,1,3,4,2,3,2,4,4,3,1,1,4,3,1,3,2,4,1,3,4,4,4,2,3,1,3,2,4,3,3,2,1,4,2,3,2,4,2,2,3,2,3
s1296,1/20/22 01:05,387,1,1,2,1,2,2,1,2,2,2,1,2,2,1,1,2,1,2,1,1,1,2,1,2,2,1,2,1,2,1,2,3,2,1,1,2,3,4,3,2,4,2,4,3,2,4,2,2,1,2,4,1,2,2,1,1,3,2,2,4,3,1,4,3,2,4,1,4,4,2,4,3,4,2,2,4,1,4,3,2,4,2,4,4,3,4,4,2,2,3,4,4,2,1,2,4,4,2,1,4,4,4,2,1,3,4,4,3,1,4,2,4,4,3,4,1,4,2,4,4,3,2,3,2,3,1,2,2,3,2,2,3,1,3,3,3,3,2,3,1
s1297,1/20/22 01:33,392,1,1,2,1,2,2,1,2,2,2,1,2,2,1,1,2,2,2,2,1,2,2,1,2,2,1,2,1,2,1,2,4,1,2,2,2,2,3,3,2,2,1,3,2,1,1,1,1,2,1,3,1,1,2,1,1,2,4,1,2,2,2,3,2,1,4,1,2,2,3,4,1,3,2,1,4,1,4,1,1,4,1,3,2,2,4,1,2,1,4,4,2,2,1,3,4,3,2,2,3,4,2,2,1,4,4,1,2,1,4,3,3,4,2,4,1,1,2,3,3,2,2,2,2,2,1,1,1,2,2,2,3,1,2,2,3,3,1,3,1
s1298,1/20/22 02:08,469,1,1,2,1,2,2,1,2,2,2,1,2,2,2,1,2,1,2,2,1,2,2,1,2,2,2,2,1,2,1,2,4,1,3,1,2,2,4,4,4,4,2,4,3,1,4,2,1,1,1,4,3,1,1,1,2,2,2,1,3,4,3,3,1,1,4,1,3,2,4,4,1,4,3,2,4,1,3,4,1,4,3,3,2,1,4,4,1,2,4,4,2,2,1,4,4,4,1,3,4,4,2,1,2,4,4,1,4,1,4,4,1,4,1,4,1,1,3,3,4,3,4,2,4,2,1,1,1,2,2,1,3,3,1,1,5,4,1,3,1
s1299,1/20/22 02:37,377,1,1,2,2,2,2,1,2,2,2,1,2,2,2,1,2,2,1,2,1,2,2,1,2,2,2,2,2,2,1,2,3,2,2,1,2,3,3,4,3,4,1,3,4,2,2,1,2,2,2,4,1,2,2,2,1,2,2,2,3,3,2,3,2,1,3,2,1,2,3,4,3,3,2,2,3,2,3,3,1,3,3,2,2,2,3,2,2,1,3,3,2,1,2,2,3,3,2,2,4,3,2,1,2,3,3,2,2,2,3,2,4,3,2,3,2,2,2,2,3,2,2,1,3,2,1,1,3,2,2,4,4,1,2,3,4,3,2,3,1
s1300,1/20/22 02:47,987,1,1,2,1,2,2,1,2,2,2,1,1,2,1,1,2,1,1,1,1,2,2,1,2,2,1,2,1,2,1,2,3,2,1,2,1,2,2,3,2,3,2,4,2,1,3,2,2,1,2,3,1,1,3,2,1,2,2,2,3,2,2,3,3,2,4,1,3,2,2,4,2,3,3,1,4,1,2,2,2,4,1,1,4,2,4,1,2,2,2,4,2,3,2,2,4,2,2,1,2,4,3,3,1,2,3,2,1,1,3,2,1,3,3,2,1,3,2,3,3,2,3,2,3,2,3,3,2,2,1,3,4,3,2,4,2,4,2,2,2
s1301,1/20/22 04:03,561,1,1,2,1,2,2,1,2,2,2,1,1,2,1,1,2,1,1,1,1,2,2,1,2,2,1,2,1,2,1,2,3,1,2,1,1,2,3,4,4,4,1,4,4,1,3,1,1,1,1,4,1,1,1,1,1,2,4,1,4,2,2,4,3,1,4,1,4,2,4,4,1,4,2,1,4,1,4,1,1,4,2,4,2,1,4,4,1,1,4,4,2,1,1,4,4,3,1,2,4,4,2,1,2,4,4,1,4,1,4,4,3,4,1,4,1,1,3,4,4,1,3,1,3,4,3,1,1,1,1,1,4,1,1,1,5,4,1,4,1
s1302,1/20/22 07:20,416,1,1,1,2,1,1,1,1,1,1,1,1,1,1,1,1,1,1,1,1,1,1,1,1,2,1,1,1,1,1,1,4,2,4,4,1,2,1,4,3,2,1,2,4,1,2,1,1,1,2,4,4,3,4,4,4,3,4,3,4,4,2,1,2,2,1,1,2,1,1,3,3,1,2,3,2,3,2,4,3,2,3,4,1,1,1,2,1,1,4,3,4,2,1,4,4,3,4,3,1,2,1,4,2,1,2,1,2,1,4,2,4,1,1,2,4,2,1,1,1,5,1,4,1,5,1,5,1,4,5,1,4,5,5,1,5,5,5,5,5
s1303,1/20/22 07:23,376,1,2,2,2,2,2,2,2,2,2,2,2,2,2,2,2,2,2,2,2,2,2,2,2,2,2,2,2,2,2,2,4,3,1,1,1,1,1,2,3,3,1,2,4,2,1,1,2,2,1,2,1,1,1,1,1,1,2,2,1,2,2,4,3,4,3,2,4,4,3,3,2,3,3,3,3,2,3,4,4,4,1,3,4,3,4,2,2,2,3,1,2,2,2,3,4,3,3,3,2,3,3,2,3,3,3,3,2,2,3,3,3,2,3,3,3,3,2,2,3,1,1,1,1,1,1,1,1,1,1,1,1,1,1,1,1,1,1,1,1
s1304,1/20/22 07:56,650,1,1,1,1,1,1,1,2,2,2,1,1,2,1,1,2,1,2,1,1,2,2,1,1,2,1,2,1,1,1,2,4,1,3,3,1,2,4,3,4,3,2,3,3,1,3,1,2,1,1,4,1,1,2,2,1,1,2,1,3,3,1,3,2,1,2,2,3,3,3,4,1,4,3,1,3,1,3,4,1,3,1,4,4,1,3,4,1,1,4,3,3,4,1,4,4,4,1,1,4,4,4,1,1,4,4,4,4,1,4,4,4,4,1,4,1,4,4,4,4,4,2,5,1,4,1,2,1,5,5,2,4,2,5,1,5,4,1,4,2
s1305,1/20/22 12:20,887,1,1,2,2,2,2,1,2,2,2,1,2,2,2,1,2,2,2,1,1,2,2,1,2,2,1,2,1,2,1,2,3,2,2,2,1,2,4,3,3,2,1,4,3,2,3,3,2,2,2,3,2,2,2,1,1,2,4,1,2,1,2,3,3,1,3,1,1,4,4,3,2,3,4,1,3,1,3,3,1,4,1,3,3,2,3,4,1,1,3,3,3,2,1,2,4,3,1,1,3,4,4,1,1,3,3,4,3,1,3,1,4,3,3,3,1,2,2,2,3,4,3,3,2,3,1,2,1,3,3,4,4,1,4,5,3,4,1,3,2