bkIdx,trialIdx,keypressIdx,timestamp,blocktime
1,1,1,198,0.541
1,1,2,386,0.7290000000000001
1,1,3,590,0.933
1,1,4,777,1.12
1,1,5,973,1.316
1,1,6,1149,1.492
1,1,7,1310,1.653
1,1,8,1486,1.829
1,1,9,1669,2.012
1,1,10,1845,2.188
1,1,11,2035,2.378
1,1,12,2206,2.549
1,1,13,2389,2.7319999999999998
1,1,14,2579,2.922
1,1,15,2758,3.101
1,1,16,2943,3.286
1,1,17,3139,3.4819999999999998
1,1,18,3336,3.679
1,1,19,3534,3.877
1,1,20,3727,4.07
1,1,21,3926,4.269
1,1,22,4123,4.466
1,1,23,4322,4.665
1,1,24,4519,4.862
1,1,25,4713,5.056
1,1,26,4908,5.251
1,1,27,5098,5.441
1,1,28,5303,5.646
1,1,29,5506,5.849
1,1,30,5699,6.042
1,1,31,5901,6.244
1,1,32,6105,6.448
1,1,33,6300,6.643
1,1,34,6507,6.85
1,1,35,6705,7.048
1,1,36,6919,7.262
1,1,37,7125,7.468
1,1,38,7334,7.677
1,1,39,7545,7.888
1,1,40,7736,8.079
1,1,41,7941,8.284
1,1,42,8150,8.493
1,1,43,8351,8.694
1,1,44,8557,8.9
1,1,45,8760,9.103
1,1,46,8962,9.305
1,1,47,9158,9.501
1,1,48,9365,9.708
1,1,49,9583,9.926
1,1,50,9784,10.127
1,1,51,9997,10.34
1,1,52,10205,10.548
1,1,53,10405,10.748
1,1,54,10612,10.955
1,1,55,10812,11.155
1,1,56,11007,11.35
1,1,57,11198,11.541
1,1,58,11405,11.748
1,1,59,11614,11.957
1,1,60,11767,12.11
1,2,1,311,14.584
1,2,2,491,14.764
1,2,3,661,14.934
1,2,4,853,15.126
1,2,5,1043,15.315999999999999
1,2,6,1249,15.522
1,2,7,1431,15.704
1,2,8,1641,15.914
1,2,9,1859,16.131999999999998
1,2,10,2058,16.331
1,2,11,2247,16.52
1,2,12,2446,16.719
1,3,1,181,19.891000000000002
1,3,2,367,20.077
1,3,3,544,20.254
1,3,4,739,20.449
1,3,5,932,20.642
1,3,6,1116,20.826
1,3,7,1303,21.013
1,4,1,190,23.995
1,4,2,363,24.168
1,4,3,551,24.355999999999998
1,4,4,743,24.548
1,4,5,928,24.733
1,4,6,1131,24.936
1,4,7,1318,25.123
1,4,8,1498,25.303
1,4,9,1691,25.496
1,4,10,1891,25.695999999999998
1,4,11,2079,25.884
1,4,12,2266,26.070999999999998
1,4,13,2460,26.265
1,4,14,2671,26.476
1,4,15,2837,26.642
1,4,16,3025,26.83
1,4,17,3210,27.015
1,4,18,3410,27.215
1,4,19,3606,27.411
1,4,20,3796,27.601
1,4,21,3988,27.793
1,4,22,4187,27.992
1,4,23,4378,28.183
1,4,24,4577,28.381999999999998
1,4,25,4774,28.579
1,4,26,4979,28.784
1,4,27,5178,28.983
1,4,28,5369,29.174
1,4,29,5570,29.375
1,4,30,5765,29.57
1,4,31,5984,29.789
1,4,32,6174,29.979
1,4,33,6377,30.182
1,4,34,6570,30.375
1,4,35,6759,30.564
1,4,36,6957,30.762
1,4,37,7132,30.936999999999998
1,5,1,187,33.461999999999996
1,5,2,368,33.643
1,5,3,577,33.852
1,5,4,764,34.039
1,5,5,963,34.238
1,5,6,1148,34.423
1,5,7,1345,34.62
1,5,8,1547,34.821999999999996
1,5,9,1739,35.013999999999996
1,5,10,1945,35.22
1,5,11,2142,35.417
1,5,12,2334,35.609
1,5,13,2535,35.81
1,5,14,2732,36.007
1,5,15,2926,36.201
1,5,16,3132,36.407
1,5,17,3320,36.595
1,5,18,3519,36.794
1,5,19,3713,36.988
1,5,20,3913,37.187999999999995
1,5,21,4118,37.393
1,5,22,4313,37.588
1,6,1,189,40.497
1,6,2,386,40.694
1,7,1,185,43.659
1,7,2,381,43.855
1,7,3,580,44.053999999999995
1,7,4,766,44.239999999999995
1,7,5,969,44.443
1,7,6,1161,44.635
1,7,7,1357,44.830999999999996
1,7,8,1539,45.013
1,7,9,1725,45.199
1,7,10,1920,45.394
1,7,11,2105,45.57899999999999
1,7,12,2274,45.748
1,7,13,2465,45.93899999999999
1,7,14,2661,46.135
1,7,15,2846,46.31999999999999
1,7,16,3046,46.519999999999996
1,7,17,3249,46.723
1,7,18,3448,46.922
1,7,19,3651,47.125
1,7,20,3841,47.315
1,7,21,4046,47.519999999999996
1,7,22,4249,47.723
1,7,23,4426,47.9
1,7,24,4629,48.102999999999994
1,7,25,4831,48.305
1,7,26,5017,48.491
1,7,27,5219,48.693
1,7,28,5430,48.903999999999996
1,7,29,5640,49.114
1,7,30,5839,49.312999999999995
1,7,31,6038,49.512
1,7,32,6226,49.699999999999996
1,7,33,6425,49.898999999999994
1,7,34,6648,50.122
1,7,35,6854,50.327999999999996
1,7,36,7057,50.531
1,7,37,7269,50.742999999999995
1,7,38,7467,50.940999999999995
1,7,39,7656,51.129999999999995
1,8,1,179,53.702000000000005
1,8,2,371,53.894000000000005
1,8,3,580,54.103
1,8,4,768,54.291000000000004
1,8,5,950,54.473000000000006
1,8,6,1154,54.67700000000001
1,8,7,1355,54.878
1,8,8,1537,55.06
1,8,9,1738,55.261
1,8,10,1923,55.446000000000005
1,8,11,2121,55.644000000000005
1,8,12,2326,55.849000000000004
1,8,13,2534,56.057
1,8,14,2721,56.244
1,8,15,2919,56.442
1,8,16,3314,56.837
1,8,17,3491,57.014
1,8,18,3698,57.221000000000004
1,8,19,3899,57.422000000000004
1,8,20,4093,57.616
1,8,21,4288,57.81100000000001
1,8,22,4486,58.009
1,8,23,4684,58.207
1,8,24,4894,58.417
1,8,25,5093,58.616
1,8,26,5291,58.81400000000001
1,8,27,5472,58.995000000000005
1,8,28,5682,59.205000000000005
1,8,29,5885,59.408
1,8,30,6077,59.6
1,8,31,6280,59.803000000000004
1,8,32,6480,60.003
1,8,33,6673,60.196000000000005
1,8,34,6879,60.402
1,8,35,7071,60.594
1,8,36,7251,60.774
1,8,37,7462,60.985
1,8,38,7665,61.188
1,8,39,7860,61.383
1,8,40,8064,61.587
1,8,41,8258,61.781000000000006
1,8,42,8457,61.980000000000004
1,8,43,8646,62.169000000000004
1,8,44,8839,62.362
1,8,45,9034,62.557
1,8,46,9229,62.752
1,8,47,9434,62.957
1,8,48,9634,63.157000000000004
1,8,49,9840,63.363
1,8,50,10038,63.56100000000001
1,8,51,10235,63.758
1,9,1,196,66.41799999999999
1,9,2,397,66.619
1,10,1,201,70.03899999999999
1,10,2,393,70.231
1,10,3,595,70.43299999999999
1,10,4,792,70.63
1,10,5,1006,70.844
1,10,6,1207,71.04499999999999
1,10,7,1415,71.253
1,10,8,1618,71.45599999999999
1,10,9,1829,71.66699999999999
1,10,10,2033,71.871
1,10,11,2244,72.082
1,10,12,2446,72.28399999999999
1,10,13,2644,72.482
1,10,14,2838,72.67599999999999
1,10,15,3035,72.87299999999999
1,10,16,3242,73.08
1,10,17,3449,73.28699999999999
1,10,18,3640,73.478
1,10,19,3851,73.689
1,10,20,4042,73.88
1,10,21,4242,74.08
1,10,22,4446,74.28399999999999
1,10,23,4653,74.491
1,10,24,4856,74.69399999999999
1,10,25,5063,74.901
1,10,26,5266,75.104
1,10,27,5466,75.30399999999999
1,10,28,5683,75.52099999999999
1,10,29,5867,75.705
1,10,30,6074,75.91199999999999
1,10,31,6276,76.11399999999999
1,10,32,6483,76.321
1,10,33,6689,76.52699999999999
1,10,34,6894,76.732
1,10,35,7095,76.93299999999999
1,10,36,7292,77.13
1,10,37,7489,77.327
1,10,38,7687,77.52499999999999
1,10,39,7890,77.728
1,10,40,8103,77.94099999999999
1,10,41,8282,78.11999999999999
1,10,42,8491,78.329
1,10,43,8708,78.54599999999999
1,10,44,8903,78.741
1,10,45,9112,78.94999999999999
1,10,46,9322,79.16
1,10,47,9495,79.333
1,10,48,9640,79.478
1,11,1,186,82.06500000000001
1,11,2,391,82.27000000000001
1,11,3,582,82.461
1,11,4,788,82.667
1,11,5,998,82.87700000000001
1,11,6,1220,83.099
1,12,1,200,86.049
1,12,2,384,86.233
1,13,1,198,89.195
1,13,2,400,89.397
1,13,3,605,89.602
1,13,4,831,89.828
1,13,5,1002,89.999
1,13,6,1202,90.199
1,13,7,1410,90.407
1,13,8,1602,90.599
1,13,9,1802,90.799
1,13,10,2005,91.002
1,13,11,2199,91.196
1,13,12,2401,91.398
1,13,13,2608,91.605
1,13,14,2813,91.81
1,13,15,3002,91.999
1,13,16,3190,92.187
1,13,17,3385,92.382
1,13,18,3591,92.588
1,13,19,3799,92.796
1,13,20,4009,93.006
1,13,21,4213,93.21
1,13,22,4411,93.408
1,14,1,198,96.34299999999999
1,14,2,396,96.541
1,14,3,605,96.75
1,14,4,781,96.926
1,14,5,982,97.127
1,14,6,1174,97.319
1,14,7,1378,97.523
1,14,8,1587,97.732
1,14,9,1788,97.93299999999999
1,14,10,1984,98.12899999999999
1,14,11,2180,98.325
1,14,12,2380,98.52499999999999
1,14,13,2579,98.72399999999999
1,14,14,2767,98.91199999999999
1,14,15,2972,99.11699999999999
1,14,16,3171,99.316
1,14,17,3365,99.50999999999999
1,14,18,3569,99.714
1,14,19,3762,99.907
1,14,20,3962,100.107
1,14,21,4168,100.313
1,14,22,4364,100.509
1,14,23,4568,100.713
1,14,24,4773,100.91799999999999
1,14,25,4985,101.13
1,14,26,5183,101.328
1,14,27,5375,101.52
1,14,28,5572,101.717
1,14,29,5776,101.92099999999999
1,14,30,5972,102.11699999999999
1,14,31,6178,102.323
1,14,32,6371,102.51599999999999
1,14,33,6569,102.714
1,14,34,6757,102.902
1,14,35,6959,103.104
1,14,36,7162,103.307
1,14,37,7367,103.512
1,14,38,7564,103.709
1,14,39,7767,103.91199999999999
1,15,1,190,106.529
1,15,2,487,106.826
1,15,3,673,107.012
1,16,1,216,109.95899999999999
1,16,2,402,110.145
1,16,3,600,110.34299999999999
1,16,4,807,110.55
1,16,5,1012,110.755
1,16,6,1231,110.97399999999999
1,17,1,186,113.86200000000001
1,17,2,396,114.072
1,17,3,612,114.288
1,17,4,814,114.49
1,17,5,1026,114.702
1,17,6,1229,114.905
1,17,7,1434,115.11
1,17,8,1643,115.319
1,17,9,1844,115.52
1,17,10,2049,115.72500000000001
1,17,11,2268,115.944
1,17,12,2471,116.147
1,17,13,2672,116.348
1,17,14,2875,116.551
1,17,15,3076,116.752
1,17,16,3279,116.955
1,17,17,3483,117.159
1,17,18,3693,117.369
1,17,19,3902,117.578
1,17,20,4103,117.779
1,17,21,4309,117.985
1,17,22,4509,118.185
1,17,23,4711,118.387
1,17,24,4921,118.59700000000001
1,17,25,5128,118.804
1,17,26,5339,119.015
1,17,27,5542,119.218
1,17,28,5758,119.434
1,17,29,5973,119.649
1,17,30,6178,119.854
1,17,31,6380,120.056
1,17,32,6592,120.268
1,17,33,6790,120.46600000000001
1,17,34,7000,120.676
1,17,35,7209,120.885
1,17,36,7429,121.105
1,17,37,7650,121.32600000000001
1,17,38,7863,121.539
1,17,39,8058,121.73400000000001
1,17,40,8244,121.92
1,17,41,8448,122.124
1,17,42,8659,122.33500000000001
1,17,43,8863,122.539
1,17,44,9051,122.727
1,17,45,9268,122.944
1,17,46,9480,123.156
1,17,47,9690,123.366
1,17,48,9895,123.571
1,17,49,10108,123.784
1,17,50,10335,124.011
1,17,51,10558,124.23400000000001
1,17,52,10769,124.44500000000001
1,17,53,10989,124.665
1,17,54,11214,124.89
1,17,55,11419,125.095
1,17,56,11577,125.253
1,18,1,189,127.823
1,18,2,392,128.026
1,18,3,608,128.242
1,18,4,829,128.463
1,18,5,1039,128.673
1,18,6,1248,128.882
1,18,7,1471,129.105
1,18,8,1672,129.306
1,18,9,1893,129.527
1,18,10,2097,129.731
1,18,11,2301,129.935
1,18,12,2506,130.14
1,18,13,2723,130.357
1,18,14,2941,130.575
1,18,15,3152,130.786
1,18,16,3367,131.001
1,18,17,3563,131.197
1,18,18,3787,131.421
1,18,19,3989,131.623
1,18,20,4202,131.836
1,18,21,4419,132.053
1,18,22,4635,132.269
1,18,23,4855,132.489
1,18,24,5069,132.703
1,18,25,5282,132.916
1,18,26,5483,133.117
1,18,27,5702,133.336
1,18,28,5926,133.56
1,18,29,6141,133.775
1,18,30,6350,133.984
1,18,31,6559,134.193
1,18,32,6766,134.4
1,18,33,6989,134.623
1,18,34,7196,134.83
1,18,35,7419,135.053
1,18,36,7638,135.272
1,18,37,7846,135.48
1,19,1,213,138.378
1,19,2,404,138.569
1,19,3,614,138.779
1,19,4,821,138.986
1,19,5,1032,139.197
1,19,6,1231,139.396
1,19,7,1445,139.60999999999999
1,19,8,1873,140.03799999999998
1,19,9,2047,140.212
1,19,10,2269,140.434
1,19,11,2466,140.631
1,20,1,227,143.52700000000002
1,20,2,426,143.726
1,20,3,611,143.911
1,20,4,821,144.121
1,20,5,1023,144.323
1,20,6,1225,144.525
1,20,7,1434,144.734
1,20,8,1638,144.93800000000002
1,20,9,1848,145.14800000000002
1,20,10,2050,145.35000000000002
1,20,11,2245,145.54500000000002
1,20,12,2452,145.752
1,21,1,197,148.732
1,21,2,404,148.939
1,22,1,211,151.99900000000002
1,23,1,214,155.134
1,23,2,408,155.32799999999997
1,23,3,605,155.52499999999998
1,23,4,818,155.738
1,23,5,1012,155.932
1,23,6,1218,156.13799999999998
1,23,7,1626,156.546
1,23,8,1813,156.73299999999998
1,23,9,2010,156.92999999999998
1,23,10,2198,157.118
1,23,11,2390,157.30999999999997
1,23,12,2581,157.50099999999998
1,23,13,2774,157.694
1,23,14,2962,157.88199999999998
1,23,15,3150,158.07
1,23,16,3349,158.26899999999998
1,23,17,3557,158.47699999999998
1,23,18,3744,158.664
1,23,19,3952,158.87199999999999
1,23,20,4147,159.06699999999998
1,23,21,4343,159.26299999999998
1,23,22,4551,159.47099999999998
1,23,23,4764,159.684
1,23,24,4958,159.878
1,23,25,5163,160.083
1,23,26,5355,160.27499999999998
1,23,27,5554,160.474
1,23,28,5774,160.694
1,23,29,5947,160.867
1,23,30,6169,161.089
1,23,31,6362,161.28199999999998
1,23,32,6570,161.48999999999998
1,23,33,6764,161.684
1,23,34,6965,161.885
1,23,35,7149,162.069
1,23,36,7355,162.27499999999998
1,23,37,7542,162.462
1,23,38,7736,162.65599999999998
1,24,1,212,165.551
1,24,2,410,165.749
1,24,3,619,165.958
1,24,4,813,166.152
1,24,5,999,166.338
1,24,6,1211,166.55
1,24,7,1427,166.766
1,24,8,1628,166.96699999999998
1,24,9,1834,167.173
1,24,10,2030,167.369
1,24,11,2238,167.577
1,24,12,2411,167.75
1,24,13,2627,167.966
1,24,14,2835,168.174
1,24,15,3046,168.385
1,24,16,3240,168.579
1,24,17,3442,168.781
1,24,18,3651,168.99
1,24,19,3847,169.186
1,24,20,4047,169.386
1,24,21,4257,169.596
1,24,22,4464,169.803
1,24,23,4665,170.004
1,24,24,4859,170.198
1,24,25,5067,170.406
1,24,26,5264,170.603
1,24,27,5460,170.799
1,24,28,5663,171.002
1,24,29,5863,171.202
1,24,30,6088,171.427
1,24,31,6283,171.62199999999999
1,24,32,6476,171.815
1,24,33,6688,172.027
1,24,34,6891,172.23
1,24,35,7117,172.456
1,24,36,7340,172.679
1,24,37,7562,172.901
1,24,38,7767,173.106
1,24,39,7982,173.321
1,24,40,8182,173.521
1,24,41,8389,173.728
1,24,42,8591,173.93
1,24,43,8795,174.134
1,24,44,8992,174.331
1,24,45,9193,174.532
1,24,46,9404,174.743
1,24,47,9604,174.94299999999998
1,24,48,9824,175.163
1,24,49,10038,175.377
1,24,50,10228,175.567
1,24,51,10445,175.784
1,24,52,10641,175.98
1,24,53,10854,176.19299999999998
1,24,54,11069,176.408
1,24,55,11297,176.636
1,24,56,11518,176.857
1,24,57,11721,177.06
1,24,58,11940,177.279
1,24,59,12133,177.472
1,25,1,196,180.147
1,25,2,398,180.349
1,25,3,609,180.56
1,25,4,810,180.761
1,25,5,1013,180.964
1,25,6,1207,181.158
1,25,7,1417,181.368
1,25,8,1640,181.59099999999998
1,25,9,1831,181.78199999999998
1,25,10,2044,181.995
1,25,11,2259,182.20999999999998
1,25,12,2470,182.421
1,25,13,2681,182.632
1,25,14,2893,182.844
1,25,15,3097,183.048
1,25,16,3308,183.259
1,25,17,3515,183.46599999999998
1,25,18,3726,183.677
1,25,19,3932,183.88299999999998
1,25,20,4162,184.113
1,25,21,4372,184.32299999999998
1,25,22,4552,184.503
1,25,23,4769,184.72
1,25,24,4979,184.93
1,25,25,5184,185.135
1,25,26,5398,185.349
1,25,27,5621,185.572
1,25,28,5829,185.78
1,25,29,6049,186.0
1,25,30,6256,186.207
1,25,31,6470,186.421
1,25,32,6667,186.618
1,25,33,6885,186.83599999999998
1,25,34,7102,187.053
1,25,35,7321,187.272
1,25,36,7556,187.507
1,25,37,7768,187.719
1,25,38,7973,187.924
1,25,39,8184,188.135
1,25,40,8396,188.34699999999998
1,25,41,8618,188.569
1,25,42,8817,188.768
1,25,43,9014,188.965
1,25,44,9215,189.166
1,25,45,9433,189.384
1,25,46,9641,189.59199999999998
1,25,47,9837,189.78799999999998
1,25,48,10049,190.0
1,25,49,10266,190.21699999999998
1,25,50,10465,190.416
1,25,51,10670,190.62099999999998
1,25,52,10895,190.846
1,25,53,11086,191.037
1,25,54,11307,191.25799999999998
1,25,55,11528,191.47899999999998
1,25,56,11711,191.662
1,26,1,191,194.245
1,26,2,389,194.443
1,26,3,593,194.647
1,26,4,807,194.861
1,26,5,1028,195.082
1,26,6,1235,195.28900000000002
1,27,1,192,198.185
1,27,2,390,198.38299999999998
1,27,3,600,198.593
1,27,4,805,198.798
1,27,5,1010,199.003
1,27,6,1207,199.2
1,28,1,224,202.03
1,28,2,429,202.235
1,28,3,636,202.442
1,28,4,846,202.65200000000002
1,28,5,1049,202.85500000000002
1,28,6,1263,203.06900000000002
1,28,7,1465,203.27100000000002
1,28,8,1680,203.48600000000002
1,28,9,1885,203.691
1,28,10,2092,203.89800000000002
1,28,11,2310,204.116
1,28,12,2527,204.333
1,29,1,207,207.167
1,29,2,417,207.377
1,29,3,622,207.58200000000002
1,29,4,833,207.793
1,29,5,1041,208.001
1,29,6,1261,208.221
1,29,7,1469,208.429
1,29,8,1678,208.638
1,29,9,1908,208.868
1,29,10,2133,209.09300000000002
1,29,11,2356,209.316
1,29,12,2565,209.525
1,29,13,2790,209.75
1,29,14,2993,209.953
1,29,15,3209,210.169
1,29,16,3418,210.37800000000001
1,29,17,3625,210.585
1,29,18,3830,210.79000000000002
1,29,19,4021,210.981
1,29,20,4217,211.17700000000002
1,29,21,4418,211.37800000000001
1,29,22,4620,211.58
1,29,23,4824,211.78400000000002
1,29,24,5024,211.984
1,29,25,5243,212.203
1,29,26,5469,212.429
1,29,27,5666,212.626
1,29,28,5889,212.84900000000002
1,29,29,6099,213.059
1,29,30,6309,213.269
1,29,31,6515,213.475
1,29,32,6729,213.68900000000002
1,29,33,6939,213.899
1,29,34,7345,214.305
1,29,35,7558,214.518
1,29,36,7778,214.738
1,29,37,7983,214.943
1,29,38,8183,215.143
1,29,39,8396,215.356
1,29,40,8607,215.567
1,29,41,8818,215.77800000000002
1,29,42,9030,215.99
1,29,43,9225,216.185
1,29,44,9427,216.387
1,29,45,9580,216.54000000000002
1,30,1,204,219.17600000000002
1,30,2,416,219.388
1,30,3,617,219.589
1,30,4,861,219.833
1,30,5,1026,219.99800000000002
1,30,6,1238,220.21
1,30,7,1443,220.41500000000002
1,30,8,1661,220.633
1,30,9,1866,220.83800000000002
1,30,10,2062,221.03400000000002
1,30,11,2269,221.241
1,30,12,2467,221.43900000000002
1,31,1,213,224.291
1,31,2,428,224.506
1,31,3,643,224.721
1,31,4,841,224.919
1,31,5,1040,225.118
1,31,6,1264,225.342
1,31,7,1457,225.535
1,31,8,1657,225.735
1,31,9,1874,225.952
1,31,10,2097,226.175
1,31,11,2312,226.39000000000001
1,31,12,2514,226.592
1,31,13,2722,226.8
1,31,14,2917,226.995
1,31,15,3128,227.20600000000002
1,31,16,3337,227.415
1,31,17,3552,227.63
1,31,18,3750,227.828
1,31,19,3974,228.052
1,31,20,4180,228.258
1,31,21,4394,228.472
1,31,22,4611,228.689
1,31,23,4833,228.911
1,31,24,5045,229.123
1,31,25,5261,229.339
1,31,26,5481,229.559
1,31,27,5693,229.77100000000002
1,31,28,5914,229.992
1,31,29,6123,230.201
1,31,30,6335,230.413
1,31,31,6565,230.643
1,31,32,6785,230.863
1,31,33,7016,231.094
1,31,34,7240,231.318
1,31,35,7454,231.532
1,31,36,7675,231.75300000000001
1,32,1,200,235.61399999999998
1,32,2,406,235.82
1,32,3,596,236.01
1,32,4,815,236.22899999999998
1,32,5,993,236.40699999999998
1,32,6,1192,236.606
1,32,7,1411,236.825
1,32,8,1602,237.016
1,32,9,1802,237.21599999999998
1,32,10,2004,237.41799999999998
1,32,11,2215,237.629
1,32,12,2427,237.84099999999998
1,32,13,2622,238.036
1,32,14,2820,238.23399999999998
1,32,15,3041,238.45499999999998
1,32,16,3238,238.652
1,32,17,3459,238.873
1,32,18,3678,239.09199999999998
1,32,19,3891,239.30499999999998
1,32,20,4089,239.503
1,32,21,4296,239.70999999999998
1,32,22,4484,239.898
1,32,23,4687,240.101
1,32,24,4888,240.302
1,32,25,5090,240.504
1,32,26,5308,240.72199999999998
1,32,27,5510,240.92399999999998
1,32,28,5729,241.143
1,32,29,5940,241.35399999999998
1,32,30,6145,241.559
1,32,31,6362,241.77599999999998
1,32,32,6583,241.99699999999999
1,32,33,6791,242.20499999999998
1,32,34,7007,242.421
1,32,35,7204,242.618
1,32,36,7415,242.82899999999998
1,32,37,7622,243.036
1,32,38,7865,243.279
1,33,1,223,246.32100000000003
1,33,2,419,246.51700000000002
1,33,3,630,246.728
1,33,4,847,246.94500000000002
1,33,5,1060,247.15800000000002
1,33,6,1276,247.37400000000002
1,34,1,223,250.359
1,34,2,445,250.581
1,34,3,669,250.805
1,34,4,872,251.008
1,34,5,1081,251.21699999999998
1,34,6,1302,251.438
1,34,7,1519,251.655
1,34,8,1725,251.861
1,34,9,1937,252.073
1,34,10,2153,252.289
1,34,11,2355,252.49099999999999
1,34,12,2568,252.704
1,34,13,2769,252.905
1,34,14,2976,253.112
1,34,15,3182,253.31799999999998
1,34,16,3383,253.519
1,34,17,3596,253.732
1,34,18,3799,253.935
1,34,19,4011,254.147
1,34,20,4222,254.358
1,34,21,4434,254.57
1,35,1,226,257.634
1,35,2,436,257.844
1,35,3,655,258.063
1,35,4,857,258.26500000000004
1,35,5,1064,258.47200000000004
1,35,6,1270,258.678
1,36,1,229,261.734
1,36,2,432,261.937
1,36,3,649,262.154
1,36,4,845,262.35
1,36,5,1051,262.556
1,36,6,1262,262.767
1,36,7,1467,262.972
1,36,8,1674,263.179
1,36,9,1873,263.378
1,36,10,2066,263.57099999999997
1,36,11,2274,263.779
1,36,12,2477,263.98199999999997
1,36,13,2679,264.18399999999997
1,36,14,2901,264.406
1,36,15,3113,264.618
1,36,16,3337,264.842
1,36,17,3529,265.034
1,36,18,3750,265.255
1,36,19,3945,265.45
1,36,20,4154,265.659
1,36,21,4369,265.874
1,36,22,4622,266.127
1,36,23,4835,266.34
1,36,24,5069,266.574
1,36,25,5272,266.777
1,36,26,5538,267.043
1,36,27,5723,267.228
1,36,28,5910,267.415
1,36,29,6116,267.621
1,36,30,6338,267.843
1,36,31,6554,268.05899999999997
1,36,32,6762,268.267
1,36,33,6968,268.473
1,36,34,7174,268.679
1,36,35,7392,268.897
1,36,36,7600,269.105
1,36,37,7804,269.30899999999997
1,36,38,8003,269.508
1,36,39,8209,269.714
1,36,40,8419,269.924
1,36,41,8624,270.129
1,36,42,8812,270.317
1,36,43,9013,270.518
1,36,44,9234,270.739
1,36,45,9443,270.948
1,36,46,9663,271.168
1,36,47,9874,271.379
1,36,48,10071,271.576
1,36,49,10282,271.787
1,36,50,10491,271.996
1,36,51,10709,272.214
1,36,52,10923,272.428
1,36,53,11127,272.632
1,36,54,11364,272.86899999999997
1,36,55,11578,273.08299999999997
1,36,56,11798,273.303
1,36,57,12035,273.54
1,36,58,12256,273.76099999999997
1,36,59,12479,273.984
1,36,60,12710,274.215
1,36,61,12957,274.462
1,36,62,13176,274.681
1,36,63,13380,274.885
1,36,64,13605,275.11
1,36,65,13825,275.33
1,36,66,14047,275.552
1,36,67,14264,275.769
1,36,68,14518,276.023
1,36,69,14731,276.236
1,36,70,14907,276.412
1,36,71,15108,276.613
1,36,72,15299,276.804
1,37,1,228,279.418
1,37,2,446,279.636
1,37,3,661,279.851
1,38,1,200,282.995
1,38,2,391,283.18600000000004
1,38,3,604,283.399
1,38,4,803,283.598
1,38,5,1019,283.814
1,38,6,1238,284.033
1,38,7,1462,284.257
1,38,8,1682,284.47700000000003
1,38,9,1893,284.688
1,38,10,2112,284.90700000000004
1,38,11,2335,285.13
1,38,12,2550,285.345
1,38,13,2788,285.583
1,38,14,3015,285.81
1,38,15,3256,286.051
1,38,16,3499,286.29400000000004
1,38,17,3736,286.531
1,38,18,3964,286.759
1,38,19,4189,286.98400000000004
1,38,20,4402,287.197
1,38,21,4628,287.423
1,38,22,4863,287.658
1,38,23,5097,287.892
1,38,24,5342,288.137
1,38,25,5591,288.386
1,38,26,5822,288.617
1,38,27,6055,288.85
1,38,28,6286,289.081
1,38,29,6514,289.309
1,38,30,6743,289.538
1,38,31,6966,289.761
1,38,32,7184,289.97900000000004
1,38,33,7406,290.201
1,38,34,7623,290.418
1,38,35,7842,290.637
1,39,1,226,293.686
1,39,2,440,293.9
1,39,3,657,294.11699999999996
1,39,4,869,294.329
1,39,5,1082,294.542
1,39,6,1304,294.76399999999995
1,39,7,1508,294.96799999999996
1,39,8,1723,295.183
1,39,9,1942,295.402
1,39,10,2157,295.61699999999996
1,39,11,2369,295.829
1,39,12,2575,296.03499999999997
1,39,13,2778,296.238
1,39,14,2976,296.436
1,39,15,3171,296.631
1,39,16,3384,296.844
1,39,17,3609,297.06899999999996
1,39,18,3828,297.28799999999995
1,39,19,4050,297.51
1,39,20,4261,297.721
1,39,21,4462,297.92199999999997
1,39,22,4660,298.12
1,39,23,4865,298.325
1,39,24,5063,298.52299999999997
1,39,25,5265,298.72499999999997
1,39,26,5471,298.931
1,39,27,5672,299.132
1,39,28,5884,299.344
1,39,29,6105,299.565
1,39,30,6320,299.78
1,39,31,6540,300.0
1,39,32,6764,300.224
1,39,33,6974,300.43399999999997
1,39,34,7191,300.65099999999995
1,39,35,7392,300.852
1,39,36,7601,301.061
1,39,37,7800,301.26
1,39,38,8040,301.5
1,39,39,8254,301.714
1,39,40,8457,301.917
1,39,41,8681,302.14099999999996
1,39,42,8939,302.399
1,39,43,9129,302.589
1,39,44,9352,302.81199999999995
1,39,45,9582,303.042
1,39,46,9793,303.253
1,39,47,10012,303.472
1,39,48,10227,303.68699999999995
1,39,49,10437,303.897
1,39,50,10650,304.10999999999996
1,39,51,10870,304.33
1,39,52,11079,304.539
1,39,53,11393,304.85299999999995
1,39,54,11532,304.99199999999996
1,39,55,11731,305.191
1,39,56,11943,305.40299999999996
1,39,57,12154,305.614
1,39,58,12370,305.83
1,39,59,12569,306.029
1,39,60,12788,306.248
1,39,61,12986,306.44599999999997
1,39,62,13187,306.647
1,39,63,13393,306.85299999999995
1,39,64,13597,307.05699999999996
1,40,1,206,309.961
1,40,2,432,310.187
1,40,3,656,310.411
1,40,4,879,310.634
1,40,5,1075,310.83
1,40,6,1273,311.028
1,40,7,1465,311.21999999999997
1,40,8,1658,311.413
1,40,9,1846,311.601
1,40,10,2051,311.806
1,40,11,2262,312.017
1,40,12,2461,312.216
1,40,13,2662,312.417
1,40,14,2869,312.624
1,40,15,3080,312.835
1,40,16,3295,313.05
1,40,17,3508,313.263
1,40,18,3716,313.471
1,40,19,3920,313.675
1,40,20,4112,313.867
1,40,21,4331,314.086
1,40,22,4567,314.322
1,40,23,4779,314.534
1,40,24,5000,314.755
1,40,25,5217,314.972
1,40,26,5473,315.228
1,40,27,5686,315.441
1,40,28,5912,315.667
1,40,29,6137,315.892
1,40,30,6338,316.093
1,40,31,6546,316.301
1,40,32,6763,316.518
1,40,33,6968,316.723
1,40,34,7174,316.929
1,40,35,7375,317.13
1,40,36,7577,317.332
1,40,37,7790,317.545
1,40,38,7995,317.75
1,40,39,8214,317.969
1,40,40,8439,318.194
1,40,41,8651,318.406
1,40,42,8860,318.615
1,40,43,9069,318.824
1,40,44,9288,319.043
1,40,45,9504,319.259
1,40,46,9719,319.474
1,40,47,9936,319.691
1,40,48,10183,319.938
1,40,49,10389,320.144
1,40,50,10608,320.363
1,40,51,10818,320.573
1,40,52,11022,320.777
1,40,53,11228,320.983
1,40,54,11447,321.202
1,40,55,11678,321.433
1,40,56,11898,321.653
1,40,57,12116,321.871
1,40,58,12326,322.081
1,40,59,12546,322.301
1,40,60,12744,322.499
1,40,61,12953,322.70799999999997
1,40,62,13163,322.918
1,40,63,13368,323.123
1,40,64,13559,323.314
1,40,65,13755,323.51
1,41,1,211,326.91200000000003
1,41,2,415,327.11600000000004
1,41,3,632,327.333
1,42,1,203,330.32899999999995
1,42,2,412,330.53799999999995
1,42,3,628,330.75399999999996
1,42,4,834,330.96
1,42,5,1032,331.15799999999996
1,42,6,1231,331.35699999999997
1,42,7,1420,331.546
1,42,8,1635,331.76099999999997
1,42,9,1832,331.95799999999997
1,42,10,2040,332.166
1,42,11,2253,332.37899999999996
1,42,12,2468,332.594
1,42,13,2682,332.808
1,42,14,2901,333.027
1,42,15,3111,333.23699999999997
1,42,16,3334,333.46
1,42,17,3557,333.683
1,42,18,3763,333.88899999999995
1,42,19,3977,334.10299999999995
1,42,20,4191,334.31699999999995
1,42,21,4402,334.52799999999996
1,42,22,4609,334.73499999999996
1,42,23,4827,334.953
1,42,24,5026,335.152
1,42,25,5238,335.364
1,42,26,5440,335.566
1,42,27,5649,335.775
1,42,28,5865,335.991
1,42,29,6079,336.205
1,42,30,6295,336.421
1,42,31,6510,336.63599999999997
1,42,32,6719,336.84499999999997
1,42,33,6928,337.054
1,42,34,7140,337.26599999999996
1,42,35,7356,337.48199999999997
1,42,36,7576,337.702
1,42,37,7807,337.933
1,42,38,8025,338.15099999999995
1,42,39,8238,338.364
1,42,40,8445,338.57099999999997
1,42,41,8658,338.784
1,42,42,8868,338.99399999999997
1,42,43,9087,339.21299999999997
1,42,44,9309,339.435
1,42,45,9522,339.64799999999997
1,42,46,9732,339.85799999999995
1,42,47,9954,340.08
1,42,48,10171,340.29699999999997
1,42,49,10386,340.512
1,42,50,10594,340.71999999999997
1,42,51,10809,340.935
1,42,52,11016,341.142
1,42,53,11222,341.34799999999996
1,42,54,11453,341.57899999999995
1,42,55,11678,341.804
1,42,56,11876,342.00199999999995
1,42,57,12100,342.226
1,42,58,12274,342.4
1,42,59,12488,342.614
1,42,60,12697,342.823
1,43,1,208,345.466
1,43,2,434,345.692
1,43,3,642,345.9
1,43,4,866,346.12399999999997
1,43,5,1082,346.34
1,43,6,1313,346.57099999999997
1,43,7,1522,346.78
1,43,8,1733,346.991
1,43,9,1941,347.19899999999996
1,43,10,2155,347.41299999999995
1,43,11,2371,347.62899999999996
1,43,12,2570,347.828
1,43,13,2784,348.042
1,43,14,2998,348.256
1,43,15,3209,348.467
1,43,16,3416,348.674
1,43,17,3632,348.89
1,43,18,3823,349.08099999999996
1,43,19,4030,349.28799999999995
1,43,20,4216,349.474
1,43,21,4410,349.668
1,44,1,241,352.78499999999997
1,44,2,466,353.01
1,44,3,676,353.21999999999997
1,44,4,890,353.43399999999997
1,44,5,1097,353.64099999999996
1,44,6,1297,353.841
1,44,7,1495,354.039
1,44,8,1698,354.24199999999996
1,44,9,1902,354.44599999999997
1,44,10,2095,354.639
1,44,11,2301,354.84499999999997
1,44,12,2521,355.065
1,45,1,194,358.516
1,45,2,406,358.728
1,45,3,622,358.944
1,46,1,204,362.331
1,46,2,424,362.551
1,47,1,188,367.916
1,47,2,389,368.117
1,47,3,596,368.324
1,47,4,808,368.536
1,47,5,1014,368.742
1,47,6,1234,368.962
1,48,1,224,371.888
1,48,2,439,372.103
1,48,3,652,372.316
1,49,1,230,376.44300000000004
1,49,2,460,376.673
1,49,3,674,376.887
1,49,4,897,377.11
1,49,5,1112,377.32500000000005
1,49,6,1326,377.53900000000004
1,49,7,1537,377.75
1,49,8,1749,377.96200000000005
1,49,9,1965,378.178
1,49,10,2181,378.394
1,49,11,2397,378.61
1,49,12,2620,378.833
1,49,13,2843,379.05600000000004
1,49,14,3070,379.283
1,49,15,3296,379.509
1,49,16,3517,379.73
1,49,17,3742,379.95500000000004
1,49,18,3961,380.17400000000004
1,49,19,4186,380.399
1,49,20,4402,380.615
1,50,1,215,383.72999999999996
1,50,2,432,383.947
1,50,3,661,384.176
1,51,1,212,388.58799999999997
1,51,2,437,388.813
1,51,3,640,389.01599999999996
1,51,4,843,389.219
1,51,5,1047,389.423
1,52,1,216,392.269
1,52,2,439,392.492
1,52,3,674,392.727
1,52,4,915,392.968
1,52,5,1137,393.19
1,52,6,1372,393.425
1,52,7,1618,393.671
1,52,8,1846,393.899
1,52,9,2079,394.132
1,52,10,2312,394.365
1,52,11,2538,394.591
1,52,12,2746,394.799
1,52,13,2946,394.999
1,52,14,3175,395.228
1,52,15,3404,395.457
1,52,16,3643,395.69599999999997
1,52,17,3873,395.926
1,52,18,4108,396.161
1,52,19,4339,396.392
1,53,1,238,399.269
1,53,2,464,399.495
1,53,3,708,399.73900000000003
1,53,4,950,399.981
1,53,5,1188,400.219
1,53,6,1411,400.442
1,53,7,1627,400.658
1,53,8,1843,400.874
1,53,9,2059,401.09000000000003
1,53,10,2284,401.315
1,53,11,2503,401.534
1,53,12,2725,401.75600000000003
1,53,13,2959,401.99
1,53,14,3181,402.212
1,53,15,3406,402.437
1,53,16,3622,402.653
1,53,17,3837,402.868
1,53,18,4052,403.083
1,53,19,4283,403.314
1,54,1,219,406.231
1,54,2,440,406.452
1,54,3,674,406.686
1,54,4,907,406.919
1,54,5,1150,407.162
1,54,6,1376,407.388
1,54,7,1608,407.62
1,54,8,1848,407.86
1,54,9,2073,408.085
1,54,10,2287,408.299
1,54,11,2524,408.536
1,54,12,2750,408.762
1,54,13,2980,408.992
1,54,14,3207,409.219
1,54,15,3444,409.456
1,54,16,3687,409.699
1,54,17,3916,409.928
1,54,18,4146,410.158
1,54,19,4391,410.403
1,54,20,4633,410.645
1,54,21,4866,410.878
1,54,22,5102,411.114
1,54,23,5336,411.348
1,54,24,5572,411.584
1,54,25,5805,411.817
1,54,26,6059,412.071
1,54,27,6287,412.299
1,54,28,6521,412.533
1,54,29,6763,412.775
1,54,30,6999,413.011
1,54,31,7242,413.254
1,54,32,7468,413.48
1,54,33,7703,413.715
1,54,34,7934,413.946
1,54,35,8167,414.179
1,54,36,8398,414.41
1,54,37,8628,414.64
1,54,38,8848,414.86
1,54,39,9067,415.079
1,54,40,9283,415.295
1,54,41,9501,415.513
1,54,42,9728,415.74
1,54,43,9941,415.953
1,54,44,10151,416.163
1,54,45,10374,416.386
1,54,46,10600,416.612
1,54,47,10812,416.824
1,54,48,11031,417.043
1,54,49,11255,417.267
1,54,50,11473,417.485
1,54,51,11701,417.713
1,54,52,11908,417.92
1,54,53,12141,418.153
1,54,54,12372,418.384
1,54,55,12612,418.624
1,54,56,12847,418.859
1,54,57,13071,419.083
1,54,58,13263,419.275
1,55,1,209,421.967
1,56,1,227,425.025
1,56,2,449,425.247
1,56,3,682,425.48
1,57,1,220,428.36600000000004
1,57,2,435,428.581
1,57,3,659,428.805
1,58,1,214,431.9
1,58,2,426,432.11199999999997
1,58,3,651,432.337
1,58,4,879,432.565
1,58,5,1093,432.779
1,58,6,1306,432.99199999999996
1,58,7,1506,433.19199999999995
1,58,8,1712,433.39799999999997
1,58,9,1947,433.633
1,58,10,2168,433.854
1,58,11,2393,434.07899999999995
1,59,1,217,436.93899999999996
1,59,2,436,437.15799999999996
1,59,3,655,437.37699999999995
1,59,4,875,437.597
1,59,5,1101,437.823
1,59,6,1328,438.04999999999995
1,59,7,1551,438.27299999999997
1,59,8,1777,438.49899999999997
1,59,9,2008,438.72999999999996
1,59,10,2230,438.952
1,59,11,2459,439.181
1,59,12,2689,439.411
1,59,13,2919,439.64099999999996
1,59,14,3148,439.87
1,59,15,3391,440.113
1,59,16,3623,440.34499999999997
1,59,17,3840,440.56199999999995
1,59,18,4065,440.787
1,59,19,4284,441.006
1,60,1,223,443.848
1,60,2,451,444.076
1,60,3,673,444.298
1,60,4,883,444.508
1,60,5,1102,444.727
1,60,6,1325,444.95
1,60,7,1540,445.165
1,60,8,1753,445.378
1,60,9,1964,445.589
1,60,10,2218,445.843
1,60,11,2414,446.039
1,60,12,2640,446.265
1,60,13,2871,446.496
1,60,14,3103,446.728
1,60,15,3339,446.964
1,60,16,3574,447.199
1,60,17,3800,447.425
1,60,18,4019,447.644
1,60,19,4254,447.879
1,60,20,4485,448.11
1,60,21,4715,448.34
1,60,22,4931,448.556
1,60,23,5141,448.766
1,60,24,5356,448.981
1,60,25,5578,449.203
1,60,26,5801,449.426
1,60,27,6029,449.654
1,60,28,6252,449.877
1,60,29,6487,450.112
1,60,30,6693,450.318
1,60,31,6920,450.545
1,60,32,7143,450.768
1,60,33,7349,450.974
1,60,34,7598,451.223
1,60,35,7828,451.453
1,60,36,8072,451.697
1,60,37,8298,451.923
1,60,38,8541,452.166
1,60,39,8773,452.398
1,60,40,9010,452.635
1,60,41,9235,452.86
1,60,42,9462,453.087
1,60,43,9688,453.313
1,60,44,9921,453.546
1,60,45,10152,453.777
1,60,46,10390,454.015
1,60,47,10634,454.259
1,60,48,10877,454.502
1,60,49,11103,454.728
1,60,50,11324,454.949
1,60,51,11561,455.186
1,60,52,11795,455.42
1,60,53,12014,455.639
1,60,54,12232,455.85699999999997
1,60,55,12453,456.078
1,60,56,12670,456.295
1,60,57,12888,456.513
1,61,1,232,459.26800000000003
1,61,2,445,459.481
1,61,3,673,459.709
1,61,4,886,459.922
1,61,5,1116,460.152
1,61,6,1349,460.385
1,61,7,1581,460.617
1,61,8,1811,460.847
1,61,9,2035,461.071
1,61,10,2268,461.304
1,61,11,2495,461.531
1,61,12,2719,461.755
1,61,13,2961,461.997
1,61,14,3186,462.222
1,61,15,3418,462.454
1,61,16,3636,462.672
1,61,17,3859,462.895
1,61,18,4080,463.116
1,61,19,4294,463.33
1,61,20,4497,463.533
1,61,21,4715,463.751
1,61,22,4948,463.984
1,61,23,5186,464.222
1,61,24,5391,464.427
1,61,25,5618,464.654
1,61,26,5850,464.886
1,61,27,6090,465.126
1,61,28,6318,465.354
1,61,29,6556,465.592
1,61,30,6787,465.823
1,61,31,7027,466.063
1,61,32,7275,466.311
1,61,33,7522,466.558
1,61,34,7759,466.795
1,62,1,231,470.024
1,63,1,227,472.96299999999997
1,63,2,455,473.191
1,63,3,685,473.421
1,63,4,904,473.64
1,63,5,1128,473.864
1,63,6,1350,474.086
1,63,7,1586,474.322
1,63,8,1816,474.55199999999996
1,63,9,2042,474.77799999999996
1,63,10,2263,474.99899999999997
1,63,11,2482,475.218
1,64,1,218,478.08000000000004
1,64,2,425,478.28700000000003
1,64,3,634,478.49600000000004
1,64,4,840,478.702
1,64,5,1047,478.90900000000005
1,64,6,1261,479.12300000000005
1,64,7,1480,479.34200000000004
1,64,8,1695,479.557
1,64,9,1909,479.771
1,64,10,2118,479.98
1,64,11,2338,480.20000000000005
1,64,12,2550,480.41200000000003
1,64,13,2758,480.62
1,64,14,2972,480.834
1,64,15,3200,481.062
1,64,16,3425,481.28700000000003
1,64,17,3649,481.511
1,64,18,3879,481.74100000000004
1,64,19,4105,481.96700000000004
1,64,20,4336,482.19800000000004
1,64,21,4562,482.42400000000004
1,64,22,4778,482.64000000000004
1,64,23,5003,482.865
1,64,24,5225,483.08700000000005
1,64,25,5461,483.32300000000004
1,64,26,5685,483.547
1,64,27,5900,483.762
1,64,28,6134,483.99600000000004
1,64,29,6357,484.21900000000005
1,64,30,6593,484.45500000000004
1,64,31,6811,484.673
1,64,32,7031,484.89300000000003
1,64,33,7248,485.11
1,64,34,7461,485.32300000000004
1,64,35,7681,485.543
1,64,36,7906,485.76800000000003
1,64,37,8127,485.98900000000003
1,64,38,8348,486.21000000000004
1,64,39,8575,486.437
1,64,40,8790,486.65200000000004
1,64,41,9008,486.87
1,64,42,9247,487.10900000000004
1,64,43,9495,487.357
1,64,44,9724,487.586
1,64,45,9947,487.809
1,64,46,10178,488.04
1,64,47,10407,488.269
1,64,48,10621,488.483
1,65,1,216,491.128
1,65,2,429,491.34099999999995
1,65,3,649,491.561
1,65,4,873,491.78499999999997
1,65,5,1118,492.03
1,65,6,1342,492.25399999999996
1,66,1,220,495.141
1,67,1,217,498.169
1,67,2,437,498.389
1,67,3,649,498.601
1,67,4,875,498.827
1,67,5,1095,499.047
1,67,6,1322,499.274
1,67,7,1546,499.498
1,67,8,1770,499.722
1,67,9,1996,499.948
1,67,10,2214,500.166
1,67,11,2434,500.386
1,67,12,2661,500.613
1,67,13,2875,500.827
1,67,14,3095,501.047
1,67,15,3320,501.272
1,67,16,3541,501.493
1,67,17,3760,501.712
1,67,18,3977,501.929
1,67,19,4198,502.15
1,67,20,4412,502.364
1,67,21,4631,502.58299999999997
1,67,22,4882,502.834
1,67,23,5059,503.011
1,67,24,5279,503.231
1,67,25,5507,503.459
1,67,26,5737,503.689
1,67,27,5967,503.919
1,67,28,6193,504.145
1,67,29,6412,504.364
1,67,30,6638,504.59
1,67,31,6869,504.821
1,67,32,7092,505.044
1,67,33,7308,505.26
1,67,34,7522,505.474
1,67,35,7744,505.696
1,67,36,7966,505.918
1,67,37,8183,506.135
1,67,38,8414,506.366
1,67,39,8629,506.581
1,67,40,8846,506.798
1,67,41,9049,507.001
1,67,42,9263,507.215
1,67,43,9482,507.43399999999997
1,67,44,9705,507.657
1,67,45,9929,507.881
1,67,46,10147,508.099
1,67,47,10368,508.32
1,67,48,10595,508.547
1,67,49,10837,508.789
1,67,50,11062,509.014
1,67,51,11282,509.234
1,67,52,11510,509.462
1,67,53,11964,509.916
1,67,54,12193,510.145
1,67,55,12426,510.378
1,67,56,12641,510.593
1,68,1,219,513.2280000000001
1,68,2,439,513.448
1,68,3,654,513.663
1,68,4,875,513.884
1,68,5,1097,514.106
1,68,6,1318,514.327
1,68,7,1528,514.537
1,68,8,1764,514.773
1,68,9,2007,515.016
1,68,10,2217,515.226
1,68,11,2442,515.451
1,68,12,2671,515.6800000000001
1,68,13,2899,515.908
1,68,14,3130,516.139
1,68,15,3371,516.38
1,68,16,3615,516.624
1,68,17,3853,516.862
1,68,18,4085,517.094
1,68,19,4329,517.338
1,68,20,4554,517.563
1,68,21,4781,517.79
1,68,22,5042,518.051
1,68,23,5254,518.263
1,68,24,5477,518.486
1,68,25,5730,518.739
1,68,26,5947,518.956
1,68,27,6169,519.178
1,68,28,6392,519.4010000000001
1,68,29,6615,519.624
1,68,30,6830,519.839
1,69,1,228,522.516
1,69,2,449,522.737
1,69,3,680,522.968
1,69,4,910,523.198
1,69,5,1144,523.432
1,69,6,1362,523.65
1,69,7,1576,523.864
1,69,8,1795,524.083
1,69,9,2012,524.3
1,69,10,2235,524.523
1,69,11,2458,524.746
1,70,1,214,527.6510000000001
1,70,2,426,527.863
1,70,3,642,528.0790000000001
1,70,4,869,528.306
1,70,5,1091,528.528
1,70,6,1311,528.748
1,70,7,1542,528.979
1,70,8,1775,529.212
1,70,9,2017,529.4540000000001
1,70,10,2241,529.678
1,70,11,2475,529.912
1,70,12,2704,530.141
1,70,13,2938,530.375
1,70,14,3169,530.606
1,70,15,3396,530.833
1,70,16,3650,531.087
1,70,17,3864,531.301
1,70,18,4101,531.538
1,70,19,4321,531.758
1,71,1,223,534.655
1,71,2,444,534.876
1,71,3,673,535.105
1,71,4,903,535.335
1,71,5,1130,535.562
1,71,6,1359,535.791
1,72,1,224,539.003
1,72,2,437,539.216
1,72,3,637,539.4159999999999
1,72,4,857,539.636
1,72,5,1082,539.861
1,72,6,1304,540.083
1,72,7,1523,540.302
1,72,8,1746,540.525
1,72,9,1969,540.748
1,72,10,2192,540.971
1,72,11,2412,541.191
1,72,12,2636,541.415
1,72,13,2856,541.635
1,72,14,3074,541.853
1,72,15,3289,542.068
1,72,16,3509,542.288
1,72,17,3732,542.511
1,72,18,3948,542.727
1,72,19,4169,542.948
1,72,20,4391,543.17
1,72,21,4615,543.394
1,72,22,4842,543.621
1,72,23,5068,543.847
1,72,24,5290,544.069
1,72,25,5522,544.301
1,72,26,5735,544.514
1,72,27,5963,544.742
1,72,28,6197,544.976
1,72,29,6429,545.208
1,72,30,6650,545.429
1,72,31,6919,545.698
1,72,32,7118,545.897
1,72,33,7326,546.105
1,72,34,7546,546.325
1,72,35,7766,546.545
1,72,36,7995,546.774
1,72,37,8224,547.003
1,72,38,8432,547.211
1,72,39,8651,547.43
1,72,40,8872,547.651
1,72,41,9080,547.859
1,72,42,9301,548.08
1,72,43,9532,548.311
1,72,44,9750,548.529
1,72,45,9980,548.759
1,72,46,10215,548.994
1,72,47,10453,549.232
1,72,48,10679,549.458
1,72,49,10913,549.692
1,72,50,11142,549.921
1,72,51,11373,550.152
1,72,52,11584,550.3629999999999
1,72,53,11800,550.579
1,72,54,12027,550.806
1,72,55,12263,551.042
1,72,56,12461,551.24
1,73,1,226,553.957
1,73,2,449,554.18
1,73,3,669,554.4
1,74,1,220,557.2850000000001
1,74,2,426,557.4910000000001
1,74,3,646,557.711
1,74,4,860,557.9250000000001
1,74,5,1090,558.1550000000001
1,74,6,1313,558.378
1,74,7,1534,558.599
1,74,8,1751,558.816
1,74,9,1982,559.047
1,74,10,2203,559.268
1,74,11,2437,559.5020000000001
1,75,1,213,562.3349999999999
1,75,2,421,562.543
1,75,3,633,562.755
1,75,4,858,562.9799999999999
1,75,5,1086,563.208
1,75,6,1303,563.425
1,75,7,1524,563.646
1,75,8,1746,563.8679999999999
1,75,9,1976,564.098
1,75,10,2197,564.319
1,75,11,2427,564.549
1,75,12,2657,564.779
1,75,13,2880,565.002
1,75,14,3103,565.2249999999999
1,75,15,3314,565.4359999999999
1,75,16,3536,565.6579999999999
1,75,17,3761,565.8829999999999
1,75,18,3977,566.0989999999999
1,75,19,4199,566.3209999999999
1,75,20,4427,566.549
1,75,21,4656,566.7779999999999
1,75,22,4878,567.0
1,75,23,5100,567.222
1,75,24,5321,567.443
1,75,25,5542,567.664
1,75,26,5768,567.89
1,75,27,5992,568.1139999999999
1,75,28,6218,568.3399999999999
1,75,29,6448,568.5699999999999
1,75,30,6674,568.7959999999999
1,75,31,6894,569.016
1,75,32,7116,569.2379999999999
1,75,33,7331,569.453
1,75,34,7566,569.688
1,75,35,7800,569.9219999999999
1,75,36,7993,570.115
1,75,37,8211,570.333
1,75,38,8431,570.553
1,75,39,8643,570.765
1,75,40,8857,570.9789999999999
1,75,41,9091,571.213
1,75,42,9318,571.4399999999999
1,75,43,9523,571.645
1,76,1,213,574.304
1,76,2,437,574.528
1,76,3,652,574.743
1,76,4,871,574.962
1,76,5,1086,575.177
1,76,6,1313,575.404
1,76,7,1528,575.619
1,76,8,1743,575.8340000000001
1,76,9,1961,576.052
1,76,10,2189,576.28
1,76,11,2410,576.501
1,76,12,2622,576.713
1,76,13,2853,576.944
1,76,14,3073,577.164
1,76,15,3285,577.376
1,76,16,3504,577.595
1,76,17,3736,577.827
1,76,18,3958,578.049
1,76,19,4180,578.271
1,76,20,4391,578.482
1,76,21,4613,578.7040000000001
1,76,22,4838,578.929
1,76,23,5067,579.158
1,76,24,5273,579.364
1,77,1,213,582.014
1,77,2,418,582.219
1,77,3,621,582.422
1,77,4,837,582.638
1,77,5,1062,582.863
1,77,6,1287,583.0880000000001
1,77,7,1509,583.3100000000001
1,77,8,1728,583.529
1,77,9,1963,583.764
1,77,10,2195,583.9960000000001
1,77,11,2409,584.21
1,77,12,2619,584.4200000000001
1,77,13,2841,584.642
1,77,14,3056,584.8570000000001
1,77,15,3285,585.086
1,77,16,3508,585.3090000000001
1,77,17,3731,585.532
1,77,18,3962,585.763
1,77,19,4191,585.9920000000001
1,77,20,4434,586.235
1,77,21,4666,586.4670000000001
1,77,22,4895,586.696
1,77,23,5125,586.926
1,77,24,5356,587.157
1,77,25,5596,587.397
1,77,26,5831,587.6320000000001
1,77,27,6056,587.8570000000001
1,77,28,6287,588.0880000000001
1,77,29,6500,588.301
1,77,30,6741,588.542
1,77,31,7009,588.8100000000001
1,77,32,7194,588.995
1,77,33,7426,589.2270000000001
1,77,34,7655,589.456
1,77,35,7875,589.676
1,77,36,8099,589.9000000000001
1,77,37,8339,590.1400000000001
1,77,38,8556,590.3570000000001
1,77,39,8795,590.596
1,77,40,9025,590.826
1,77,41,9259,591.0600000000001
1,77,42,9486,591.287
1,77,43,9715,591.5160000000001
1,77,44,9923,591.724
1,78,1,207,594.326
1,78,2,424,594.543
1,78,3,643,594.7620000000001
1,78,4,868,594.9870000000001
1,78,5,1095,595.214
1,78,6,1326,595.445
1,78,7,1565,595.6840000000001
1,78,8,1790,595.909
1,78,9,2026,596.145
1,78,10,2260,596.379
1,78,11,2489,596.6080000000001
1,78,12,2714,596.8330000000001
1,78,13,2932,597.051
1,78,14,3145,597.264
1,78,15,3359,597.4780000000001
1,78,16,3577,597.696
1,78,17,3801,597.9200000000001
1,78,18,4029,598.148
1,78,19,4252,598.371
1,78,20,4474,598.5930000000001
1,78,21,4704,598.823
1,78,22,4929,599.048
1,78,23,5162,599.2810000000001
1,78,24,5393,599.5120000000001
1,78,25,5631,599.75
1,78,26,5863,599.9820000000001
2,1,1,162,2.433
2,1,2,332,2.6029999999999998
2,1,3,511,2.782
2,1,4,700,2.971
2,1,5,888,3.159
2,1,6,1086,3.357
2,1,7,1269,3.54
2,1,8,1459,3.73
2,1,9,1646,3.917
2,1,10,1837,4.108
2,1,11,2048,4.319
2,1,12,2259,4.529999999999999
2,1,13,2469,4.74
2,1,14,2669,4.9399999999999995
2,1,15,2867,5.138
2,1,16,3046,5.317
2,1,17,3234,5.505
2,1,18,3432,5.702999999999999
2,1,19,3633,5.904
2,1,20,3825,6.096
2,1,21,4016,6.287
2,1,22,4188,6.459
2,1,23,4385,6.656
2,1,24,4575,6.846
2,1,25,4783,7.054
2,1,26,4997,7.268
2,1,27,5182,7.453
2,1,28,5439,7.71
2,1,29,5673,7.944
2,1,30,5911,8.181999999999999
2,1,31,6121,8.392
2,1,32,6338,8.609
2,1,33,6540,8.811
2,1,34,6755,9.026
2,1,35,6973,9.244
2,1,36,7197,9.468
2,1,37,7409,9.68
2,1,38,7626,9.897
2,2,1,290,12.797999999999998
2,2,2,492,13.0
2,2,3,701,13.209
2,2,4,910,13.418
2,2,5,1130,13.637999999999998
2,2,6,1344,13.851999999999999
2,2,7,1556,14.064
2,2,8,1767,14.274999999999999
2,2,9,1986,14.494
2,2,10,2201,14.709
2,2,11,2416,14.924
2,2,12,2649,15.157
2,2,13,2833,15.341
2,2,14,3041,15.549
2,2,15,3255,15.762999999999998
2,2,16,3463,15.971
2,2,17,3682,16.189999999999998
2,2,18,3894,16.402
2,2,19,4115,16.622999999999998
2,2,20,4329,16.837
2,2,21,4550,17.058
2,2,22,4773,17.281
2,2,23,4993,17.500999999999998
2,2,24,5215,17.723
2,2,25,5447,17.955
2,2,26,5668,18.176
2,2,27,5892,18.4
2,2,28,6105,18.613
2,2,29,6330,18.838
2,2,30,6545,19.052999999999997
2,2,31,6774,19.282
2,2,32,6986,19.494
2,2,33,7200,19.708
2,2,34,7412,19.919999999999998
2,2,35,7634,20.142
2,2,36,7854,20.362
2,2,37,8071,20.579
2,2,38,8286,20.793999999999997
2,2,39,8507,21.015
2,2,40,8729,21.237
2,2,41,8950,21.458
2,2,42,9160,21.668
2,2,43,9378,21.886
2,2,44,9586,22.094
2,2,45,9806,22.314
2,2,46,10030,22.537999999999997
2,2,47,10254,22.762
2,2,48,10460,22.968
2,2,49,10669,23.177
2,3,1,214,26.020999999999997
2,3,2,426,26.232999999999997
2,3,3,633,26.439999999999998
2,3,4,841,26.648
2,3,5,1045,26.851999999999997
2,3,6,1247,27.054
2,3,7,1457,27.264
2,3,8,1657,27.464
2,3,9,1860,27.666999999999998
2,3,10,2054,27.860999999999997
2,3,11,2260,28.067
2,3,12,2465,28.272
2,3,13,2679,28.485999999999997
2,3,14,2884,28.691
2,3,15,3082,28.889
2,3,16,3282,29.089
2,3,17,3492,29.299
2,3,18,3697,29.503999999999998
2,3,19,3905,29.712
2,3,20,4117,29.924
2,3,21,4326,30.133
2,3,22,4540,30.346999999999998
2,4,1,219,33.393
2,4,2,413,33.586999999999996
2,4,3,610,33.784
2,4,4,811,33.985
2,4,5,1012,34.186
2,4,6,1205,34.379
2,4,7,1415,34.589
2,4,8,1609,34.783
2,4,9,1815,34.989
2,4,10,2018,35.192
2,4,11,2207,35.381
2,4,12,2406,35.58
2,4,13,2587,35.761
2,4,14,2780,35.954
2,4,15,2980,36.153999999999996
2,4,16,3170,36.344
2,4,17,3569,36.743
2,4,18,3765,36.939
2,4,19,3962,37.136
2,4,20,4156,37.33
2,4,21,4351,37.525
2,4,22,4542,37.716
2,4,23,4736,37.91
2,4,24,4931,38.105
2,4,25,5137,38.311
2,4,26,5348,38.522
2,4,27,5550,38.724
2,4,28,5762,38.936
2,4,29,5974,39.147999999999996
2,4,30,6177,39.351
2,4,31,6373,39.547
2,4,32,6571,39.745
2,4,33,6783,39.957
2,4,34,6984,40.158
2,4,35,7190,40.364
2,4,36,7397,40.571
2,4,37,7584,40.757999999999996
2,4,38,7771,40.945
2,4,39,7973,41.147
2,4,40,8164,41.338
2,4,41,8370,41.544
2,5,1,194,46.602000000000004
2,5,2,393,46.801
2,5,3,591,46.999
2,5,4,808,47.216
2,5,5,1014,47.422000000000004
2,5,6,1226,47.634
2,5,7,1445,47.853
2,5,8,1656,48.064
2,5,9,1869,48.277
2,5,10,2082,48.49
2,5,11,2281,48.689
2,5,12,2499,48.907000000000004
2,5,13,2717,49.125
2,5,14,2915,49.323
2,5,15,3115,49.523
2,5,16,3327,49.735
2,5,17,3539,49.947
2,5,18,3751,50.159
2,5,19,3965,50.373000000000005
2,5,20,4179,50.587
2,5,21,4392,50.800000000000004
2,5,22,4599,51.007000000000005
2,5,23,4806,51.214
2,5,24,5022,51.43
2,5,25,5228,51.636
2,5,26,5438,51.846000000000004
2,5,27,5647,52.055
2,5,28,5854,52.262
2,5,29,6073,52.481
2,5,30,6279,52.687
2,5,31,6492,52.9
2,5,32,6699,53.107
2,5,33,6914,53.322
2,5,34,7129,53.537
2,5,35,7347,53.755
2,5,36,7565,53.973
2,5,37,7789,54.197
2,5,38,8009,54.417
2,5,39,8229,54.637
2,5,40,8435,54.843
2,5,41,8656,55.064
2,5,42,8879,55.287
2,5,43,9109,55.517
2,5,44,9331,55.739000000000004
2,5,45,9557,55.965
2,5,46,9767,56.175
2,5,47,9972,56.38
2,5,48,10185,56.593
2,5,49,10407,56.815
2,5,50,10612,57.02
2,5,51,10827,57.235
2,5,52,11051,57.459
2,5,53,11268,57.676
2,5,54,11483,57.891000000000005
2,5,55,11691,58.099000000000004
2,5,56,11907,58.315
2,5,57,12126,58.534
2,6,1,193,61.934
2,6,2,396,62.137
2,6,3,611,62.352
2,6,4,822,62.563
2,6,5,1036,62.777
2,6,6,1241,62.982
2,6,7,1462,63.203
2,6,8,1668,63.409
2,6,9,1878,63.619
2,6,10,2079,63.82
2,6,11,2294,64.035
2,6,12,2508,64.249
2,6,13,2725,64.466
2,6,14,2931,64.672
2,6,15,3136,64.877
2,6,16,3354,65.095
2,6,17,3570,65.31099999999999
2,6,18,3788,65.529
2,6,19,4001,65.742
2,6,20,4218,65.959
2,6,21,4432,66.173
2,6,22,4650,66.391
2,6,23,4872,66.613
2,6,24,5075,66.816
2,6,25,5289,67.03
2,6,26,5504,67.245
2,6,27,5712,67.453
2,6,28,5924,67.665
2,6,29,6133,67.874
2,6,30,6350,68.091
2,6,31,6566,68.307
2,6,32,6788,68.529
2,6,33,7006,68.747
2,6,34,7230,68.971
2,6,35,7456,69.197
2,6,36,7683,69.424
2,6,37,7900,69.641
2,6,38,8128,69.869
2,6,39,8344,70.085
2,6,40,8550,70.291
2,6,41,8773,70.514
2,6,42,8984,70.725
2,6,43,9195,70.936
2,7,1,215,73.807
2,7,2,421,74.013
2,7,3,639,74.231
2,7,4,853,74.445
2,7,5,1073,74.66499999999999
2,7,6,1301,74.893
2,7,7,1524,75.116
2,7,8,1736,75.328
2,7,9,1961,75.553
2,7,10,2181,75.773
2,7,11,2402,75.994
2,7,12,2625,76.217
2,7,13,2848,76.44
2,7,14,3069,76.661
2,7,15,3272,76.864
2,7,16,3482,77.074
2,7,17,3694,77.286
2,7,18,3917,77.509
2,7,19,4143,77.735
2,7,20,4380,77.972
2,7,21,4611,78.203
2,7,22,4839,78.431
2,7,23,5060,78.652
2,7,24,5284,78.876
2,7,25,5504,79.096
2,7,26,5728,79.32
2,7,27,5945,79.537
2,7,28,6169,79.761
2,7,29,6389,79.981
2,7,30,6602,80.194
2,7,31,6821,80.413
2,7,32,7039,80.631
2,7,33,7256,80.848
2,7,34,7472,81.064
2,7,35,7691,81.283
2,7,36,7904,81.496
2,7,37,8120,81.712
2,7,38,8327,81.919
2,7,39,8534,82.126
2,7,40,8752,82.344
2,7,41,8967,82.559
2,7,42,9156,82.748
2,8,1,211,85.576
2,8,2,432,85.797
2,8,3,656,86.021
2,8,4,860,86.225
2,8,5,1074,86.439
2,8,6,1306,86.67099999999999
2,8,7,1526,86.89099999999999
2,8,8,1743,87.10799999999999
2,8,9,1966,87.33099999999999
2,8,10,2183,87.548
2,8,11,2409,87.774
2,8,12,2631,87.996
2,8,13,2855,88.22
2,8,14,3065,88.42999999999999
2,9,1,204,91.66799999999999
2,9,2,417,91.881
2,9,3,645,92.109
2,9,4,854,92.318
2,9,5,1051,92.515
2,9,6,1247,92.711
2,9,7,1460,92.92399999999999
2,9,8,1676,93.14
2,9,9,1887,93.351
2,9,10,2094,93.55799999999999
2,9,11,2313,93.777
2,9,12,2526,93.99
2,9,13,2727,94.191
2,9,14,2908,94.372
2,9,15,3098,94.562
2,9,16,3294,94.758
2,9,17,3503,94.967
2,9,18,3707,95.17099999999999
2,9,19,3927,95.391
2,9,20,4122,95.586
2,9,21,4331,95.795
2,9,22,4539,96.003
2,9,23,4737,96.201
2,9,24,4951,96.41499999999999
2,9,25,5178,96.642
2,9,26,5395,96.859
2,9,27,5591,97.05499999999999
2,9,28,5792,97.256
2,9,29,5984,97.448
2,9,30,6200,97.664
2,9,31,6406,97.87
2,9,32,6610,98.074
2,9,33,6825,98.289
2,9,34,7043,98.507
2,9,35,7269,98.733
2,9,36,7487,98.951
2,9,37,7690,99.154
2,9,38,7910,99.374
2,9,39,8121,99.585
2,9,40,8307,99.771
2,9,41,8517,99.981
2,9,42,8724,100.188
2,9,43,8938,100.402
2,9,44,9137,100.601
2,9,45,9331,100.795
2,9,46,9544,101.008
2,9,47,9750,101.214
2,9,48,9967,101.431
2,9,49,10183,101.64699999999999
2,9,50,10407,101.871
2,9,51,10604,102.068
2,9,52,10810,102.274
2,9,53,11016,102.48
2,9,54,11247,102.711
2,9,55,11459,102.923
2,9,56,11694,103.158
2,9,57,11909,103.373
2,9,58,12134,103.598
2,10,1,196,106.688
2,10,2,408,106.9
2,10,3,599,107.09100000000001
2,10,4,803,107.295
2,10,5,1030,107.522
2,10,6,1242,107.73400000000001
2,10,7,1523,108.015
2,10,8,1702,108.194
2,10,9,1923,108.415
2,10,10,2148,108.64
2,10,11,2361,108.85300000000001
2,10,12,2574,109.066
2,10,13,2786,109.278
2,10,14,3007,109.49900000000001
2,10,15,3245,109.73700000000001
2,10,16,3455,109.947
2,10,17,3672,110.164
2,10,18,3895,110.387
2,10,19,4115,110.607
2,10,20,4338,110.83
2,10,21,4563,111.055
2,10,22,4777,111.269
2,10,23,5001,111.49300000000001
2,10,24,5228,111.72
2,10,25,5453,111.94500000000001
2,10,26,5679,112.171
2,10,27,5901,112.393
2,10,28,6127,112.619
2,11,1,211,115.517
2,11,2,426,115.732
2,11,3,657,115.963
2,11,4,892,116.198
2,11,5,1108,116.414
2,11,6,1327,116.633
2,11,7,1534,116.84
2,11,8,1744,117.05
2,11,9,1952,117.258
2,11,10,2191,117.497
2,11,11,2416,117.722
2,11,12,2630,117.93599999999999
2,11,13,2886,118.192
2,11,14,3101,118.407
2,11,15,3322,118.628
2,11,16,3545,118.851
2,11,17,3762,119.068
2,11,18,3989,119.295
2,11,19,4220,119.526
2,11,20,4441,119.747
2,11,21,4679,119.985
2,11,22,4899,120.205
2,11,23,5143,120.449
2,11,24,5376,120.682
2,11,25,5611,120.917
2,11,26,5843,121.149
2,11,27,6070,121.376
2,11,28,6292,121.598
2,11,29,6507,121.813
2,11,30,6736,122.042
2,11,31,6958,122.264
2,11,32,7197,122.503
2,11,33,7446,122.752
2,11,34,7671,122.977
2,11,35,7900,123.206
2,11,36,8136,123.442
2,11,37,8381,123.687
2,11,38,8599,123.905
2,11,39,8817,124.12299999999999
2,11,40,9031,124.337
2,11,41,9233,124.539
2,11,42,9442,124.74799999999999
2,11,43,9645,124.951
2,11,44,9856,125.16199999999999
2,11,45,10061,125.36699999999999
2,11,46,10266,125.572
2,11,47,10488,125.794
2,11,48,10694,126.0
2,12,1,189,128.726
2,12,2,402,128.939
2,12,3,681,129.21800000000002
2,12,4,885,129.422
2,12,5,1089,129.626
2,12,6,1310,129.847
2,12,7,1528,130.065
2,12,8,1738,130.275
2,12,9,1952,130.489
2,12,10,2185,130.722
2,12,11,2393,130.93
2,12,12,2585,131.122
2,12,13,2791,131.328
2,12,14,2970,131.507
2,12,15,3205,131.74200000000002
2,12,16,3407,131.94400000000002
2,12,17,3629,132.166
2,12,18,3835,132.372
2,12,19,4048,132.585
2,12,20,4277,132.814
2,12,21,4494,133.031
2,12,22,4723,133.26000000000002
2,12,23,4946,133.483
2,12,24,5169,133.70600000000002
2,12,25,5380,133.917
2,12,26,5606,134.143
2,12,27,5848,134.38500000000002
2,12,28,6069,134.606
2,12,29,6298,134.835
2,12,30,6539,135.076
2,12,31,6761,135.298
2,12,32,6992,135.529
2,12,33,7204,135.741
2,12,34,7428,135.965
2,12,35,7649,136.186
2,13,1,213,139.772
2,13,2,423,139.982
2,13,3,654,140.213
2,13,4,877,140.436
2,13,5,1101,140.66
2,13,6,1328,140.887
2,13,7,1540,141.099
2,13,8,1771,141.32999999999998
2,13,9,1976,141.535
2,13,10,2193,141.752
2,13,11,2398,141.957
2,13,12,2596,142.155
2,13,13,2822,142.381
2,13,14,3023,142.582
2,14,1,209,149.32500000000002
2,14,2,426,149.542
2,14,3,645,149.76100000000002
2,14,4,860,149.97600000000003
2,14,5,1076,150.192
2,14,6,1295,150.411
2,14,7,1510,150.626
2,15,1,207,153.593
2,15,2,423,153.809
2,15,3,649,154.035
2,15,4,860,154.246
2,15,5,1074,154.46
2,15,6,1295,154.68099999999998
2,15,7,1516,154.902
2,15,8,1728,155.114
2,15,9,1938,155.32399999999998
2,15,10,2152,155.53799999999998
2,15,11,2371,155.757
2,15,12,2608,155.994
2,15,13,2819,156.20499999999998
2,15,14,3044,156.43
2,15,15,3271,156.65699999999998
2,15,16,3497,156.88299999999998
2,15,17,3761,157.147
2,15,18,3955,157.341
2,15,19,4172,157.558
2,15,20,4386,157.772
2,15,21,4613,157.999
2,15,22,4831,158.21699999999998
2,15,23,5055,158.441
2,15,24,5284,158.67
2,15,25,5508,158.894
2,15,26,5738,159.124
2,15,27,5965,159.351
2,15,28,6199,159.585
2,15,29,6425,159.811
2,15,30,6654,160.04
2,15,31,6880,160.266
2,15,32,7107,160.493
2,15,33,7333,160.719
2,15,34,7557,160.94299999999998
2,16,1,211,163.967
2,16,2,426,164.182
2,16,3,658,164.414
2,16,4,862,164.618
2,16,5,1082,164.838
2,16,6,1328,165.084
2,16,7,1559,165.315
2,16,8,1786,165.542
2,16,9,2011,165.767
2,16,10,2240,165.996
2,16,11,2466,166.222
2,16,12,2692,166.448
2,16,13,2926,166.682
2,16,14,3167,166.923
2,16,15,3381,167.137
2,16,16,3612,167.368
2,16,17,3849,167.605
2,16,18,4076,167.832
2,16,19,4305,168.061
2,16,20,4531,168.287
2,16,21,4749,168.505
2,16,22,4970,168.726
2,16,23,5197,168.953
2,16,24,5416,169.172
2,16,25,5645,169.401
2,16,26,5858,169.614
2,16,27,6055,169.811
2,16,28,6279,170.035
2,16,29,6502,170.258
2,16,30,6763,170.519
2,16,31,6991,170.747
2,16,32,7229,170.985
2,16,33,7444,171.2
2,16,34,7671,171.427
2,17,1,217,174.21200000000002
2,17,2,443,174.43800000000002
2,17,3,656,174.651
2,17,4,876,174.871
2,17,5,1097,175.092
2,17,6,1306,175.30100000000002
2,17,7,1529,175.524
2,18,1,223,178.276
2,18,2,448,178.501
2,18,3,672,178.725
2,18,4,899,178.952
2,18,5,1101,179.154
2,18,6,1330,179.383
2,18,7,1558,179.611
2,18,8,1785,179.838
2,18,9,2004,180.057
2,18,10,2217,180.27
2,18,11,2439,180.492
2,18,12,2679,180.732
2,18,13,2912,180.965
2,18,14,3125,181.178
2,18,15,3353,181.406
2,18,16,3576,181.629
2,18,17,3798,181.851
2,18,18,4017,182.07
2,18,19,4236,182.289
2,18,20,4449,182.502
2,18,21,4667,182.72
2,18,22,4878,182.93099999999998
2,18,23,5103,183.156
2,18,24,5299,183.352
2,18,25,5490,183.543
2,18,26,5723,183.776
2,18,27,5956,184.009
2,18,28,6172,184.225
2,19,1,221,187.357
2,19,2,443,187.579
2,19,3,655,187.791
2,19,4,863,187.999
2,19,5,1101,188.237
2,19,6,1319,188.45499999999998
2,19,7,1560,188.696
2,19,8,1768,188.904
2,19,9,1982,189.118
2,19,10,2230,189.36599999999999
2,19,11,2446,189.582
2,19,12,2675,189.811
2,19,13,2911,190.047
2,19,14,3138,190.274
2,19,15,3366,190.502
2,19,16,3606,190.742
2,19,17,3855,190.99099999999999
2,19,18,4088,191.224
2,19,19,4314,191.45
2,19,20,4528,191.664
2,19,21,4908,192.04399999999998
2,19,22,5102,192.238
2,19,23,5329,192.465
2,19,24,5597,192.733
2,19,25,5821,192.957
2,19,26,6085,193.221
2,19,27,6296,193.432
2,19,28,6519,193.655
2,19,29,6729,193.865
2,19,30,6962,194.09799999999998
2,19,31,7168,194.304
2,19,32,7385,194.521
2,19,33,7605,194.74099999999999
2,20,1,206,198.076
2,20,2,456,198.326
2,20,3,672,198.542
2,20,4,906,198.776
2,20,5,1137,199.007
2,20,6,1393,199.263
2,20,7,1623,199.493
2,20,8,1855,199.725
2,20,9,2078,199.948
2,20,10,2286,200.156
2,20,11,2492,200.362
2,20,12,2707,200.577
2,20,13,2950,200.82
2,20,14,3180,201.05
2,20,15,3404,201.274
2,20,16,3624,201.494
2,20,17,3851,201.721
2,20,18,4064,201.934
2,20,19,4257,202.127
2,20,20,4457,202.327
2,20,21,4678,202.548
2,20,22,4887,202.757
2,20,23,5113,202.983
2,20,24,5345,203.215
2,20,25,5566,203.436
2,20,26,5786,203.656
2,20,27,6010,203.88
2,20,28,6246,204.116
2,20,29,6469,204.339
2,20,30,6679,204.549
2,20,31,6896,204.766
2,20,32,7120,204.99
2,20,33,7334,205.204
2,20,34,7576,205.446
2,20,35,7801,205.671
2,20,36,8039,205.909
2,20,37,8265,206.135
2,20,38,8497,206.36700000000002
2,20,39,8701,206.571
2,20,40,8920,206.79
2,20,41,9147,207.017
2,20,42,9383,207.25300000000001
2,20,43,9621,207.491
2,20,44,9843,207.713
2,20,45,10069,207.939
2,20,46,10266,208.136
2,20,47,10491,208.361
2,20,48,10725,208.595
2,20,49,10959,208.829
2,20,50,11178,209.048
2,20,51,11402,209.272
2,20,52,11624,209.494
2,20,53,11847,209.717
2,20,54,12059,209.929
2,21,1,208,213.046
2,21,2,419,213.257
2,21,3,642,213.48
2,21,4,877,213.715
2,21,5,1111,213.94899999999998
2,21,6,1345,214.183
2,21,7,1580,214.418
2,21,8,1819,214.65699999999998
2,21,9,2036,214.874
2,21,10,2263,215.101
2,21,11,2475,215.313
2,21,12,2694,215.53199999999998
2,21,13,2905,215.743
2,21,14,3119,215.957
2,22,1,226,219.209
2,22,2,445,219.428
2,22,3,674,219.657
2,22,4,895,219.87800000000001
2,22,5,1132,220.115
2,22,6,1362,220.345
2,22,7,1596,220.579
2,22,8,1814,220.797
2,22,9,2020,221.00300000000001
2,22,10,2239,221.222
2,22,11,2483,221.466
2,22,12,2717,221.70000000000002
2,22,13,2954,221.937
2,22,14,3185,222.168
2,23,1,218,225.60999999999999
2,23,2,440,225.832
2,23,3,669,226.061
2,23,4,902,226.29399999999998
2,23,5,1125,226.517
2,23,6,1344,226.736
2,23,7,1563,226.95499999999998
2,23,8,1790,227.182
2,23,9,2009,227.40099999999998
2,23,10,2241,227.633
2,23,11,2459,227.851
2,23,12,2686,228.078
2,23,13,2910,228.302
2,23,14,3150,228.542
2,23,15,3354,228.746
2,23,16,3575,228.96699999999998
2,23,17,3793,229.185
2,23,18,4012,229.404
2,23,19,4228,229.62
2,23,20,4449,229.841
2,23,21,4675,230.067
2,23,22,4897,230.289
2,23,23,5126,230.518
2,23,24,5356,230.748
2,23,25,5578,230.97
2,23,26,5790,231.182
2,23,27,6010,231.402
2,24,1,217,234.55900000000003
2,24,2,439,234.781
2,24,3,672,235.014
2,24,4,897,235.239
2,24,5,1131,235.473
2,24,6,1385,235.727
2,24,7,1635,235.977
2,24,8,1874,236.216
2,24,9,2110,236.45200000000003
2,24,10,2338,236.68
2,24,11,2572,236.91400000000002
2,24,12,2796,237.138
2,24,13,3021,237.363
2,25,1,220,240.501
2,25,2,442,240.723
2,25,3,668,240.949
2,25,4,902,241.183
2,25,5,1126,241.407
2,25,6,1356,241.637
2,25,7,1577,241.858
2,25,8,1806,242.08700000000002
2,25,9,2038,242.31900000000002
2,25,10,2269,242.55
2,25,11,2488,242.769
2,25,12,2720,243.001
2,25,13,2959,243.24
2,25,14,3198,243.479
2,25,15,3437,243.71800000000002
2,25,16,3669,243.95000000000002
2,25,17,3896,244.177
2,25,18,4125,244.406
2,25,19,4364,244.645
2,25,20,4588,244.869
2,25,21,4818,245.09900000000002
2,25,22,5060,245.341
2,25,23,5289,245.57
2,25,24,5523,245.804
2,25,25,5758,246.03900000000002
2,25,26,5996,246.27700000000002
2,25,27,6234,246.51500000000001
2,25,28,6468,246.749
2,25,29,6701,246.982
2,25,30,6932,247.213
2,25,31,7166,247.447
2,25,32,7392,247.673
2,25,33,7621,247.90200000000002
2,25,34,7860,248.14100000000002
2,25,35,8097,248.37800000000001
2,25,36,8342,248.62300000000002
2,25,37,8581,248.862
2,25,38,8817,249.098
2,25,39,9050,249.33100000000002
2,26,1,221,252.201
2,26,2,448,252.428
2,26,3,678,252.658
2,26,4,907,252.887
2,26,5,1141,253.12099999999998
2,26,6,1381,253.361
2,26,7,1613,253.593
2,26,8,1842,253.822
2,26,9,2074,254.054
2,26,10,2306,254.286
2,26,11,2551,254.53099999999998
2,26,12,2784,254.76399999999998
2,26,13,3024,255.004
2,26,14,3258,255.238
2,26,15,3498,255.47799999999998
2,26,16,3733,255.713
2,26,17,3970,255.95
2,26,18,4210,256.19
2,26,19,4457,256.437
2,26,20,4693,256.673
2,26,21,4928,256.908
2,26,22,5159,257.139
2,26,23,5387,257.36699999999996
2,26,24,5622,257.602
2,26,25,5859,257.839
2,26,26,6097,258.077
2,26,27,6328,258.308
2,26,28,6564,258.544
2,26,29,6801,258.781
2,26,30,7044,259.024
2,26,31,7287,259.267
2,26,32,7533,259.513
2,27,1,237,262.423
2,27,2,475,262.661
2,27,3,702,262.888
2,27,4,932,263.118
2,27,5,1171,263.35699999999997
2,27,6,1402,263.58799999999997
2,27,7,1644,263.83
2,27,8,1876,264.06199999999995
2,27,9,2106,264.292
2,27,10,2331,264.517
2,27,11,2575,264.76099999999997
2,27,12,2820,265.006
2,27,13,3052,265.238
2,27,14,3282,265.46799999999996
2,27,15,3523,265.709
2,27,16,3761,265.947
2,27,17,3998,266.18399999999997
2,27,18,4233,266.419
2,27,19,4468,266.654
2,27,20,4698,266.88399999999996
2,27,21,4930,267.116
2,27,22,5166,267.352
2,27,23,5397,267.58299999999997
2,27,24,5635,267.82099999999997
2,27,25,5882,268.068
2,27,26,6119,268.30499999999995
2,27,27,6353,268.539
2,27,28,6587,268.77299999999997
2,27,29,6829,269.015
2,27,30,7073,269.25899999999996
2,27,31,7314,269.5
2,27,32,7554,269.73999999999995
2,27,33,7804,269.98999999999995
2,27,34,8040,270.226
2,27,35,8273,270.459
2,27,36,8499,270.685
2,27,37,8736,270.92199999999997
2,27,38,8964,271.15
2,27,39,9204,271.39
2,28,1,245,274.199
2,28,2,479,274.433
2,28,3,709,274.663
2,28,4,933,274.887
2,28,5,1164,275.118
2,28,6,1398,275.35200000000003
2,28,7,1629,275.583
2,28,8,1862,275.81600000000003
2,28,9,2084,276.038
2,28,10,2310,276.264
2,28,11,2540,276.494
2,28,12,2764,276.718
2,28,13,2998,276.952
2,28,14,3233,277.187
2,28,15,3468,277.422
2,28,16,3712,277.666
2,28,17,3947,277.901
2,28,18,4182,278.136
2,28,19,4413,278.367
2,28,20,4634,278.588
2,28,21,4864,278.818
2,28,22,5101,279.055
2,28,23,5325,279.279
2,28,24,5558,279.512
2,28,25,5782,279.736
2,28,26,6008,279.962
2,29,1,228,282.86400000000003
2,29,2,446,283.08200000000005
2,29,3,681,283.317
2,29,4,924,283.56
2,29,5,1157,283.793
2,29,6,1398,284.03400000000005
2,29,7,1632,284.26800000000003
2,30,1,213,287.377
2,30,2,430,287.594
2,30,3,667,287.83099999999996
2,30,4,879,288.043
2,30,5,1112,288.276
2,30,6,1338,288.502
2,30,7,1569,288.733
2,30,8,1828,288.99199999999996
2,30,9,2057,289.221
2,30,10,2308,289.472
2,30,11,2550,289.714
2,30,12,2788,289.952
2,30,13,3016,290.18
2,30,14,3248,290.412
2,30,15,3485,290.649
2,30,16,3715,290.87899999999996
2,30,17,3949,291.113
2,30,18,4185,291.349
2,30,19,4435,291.599
2,30,20,4682,291.846
2,31,1,230,295.01300000000003
2,31,2,458,295.24100000000004
2,31,3,684,295.46700000000004
2,31,4,917,295.7
2,31,5,1158,295.94100000000003
2,31,6,1386,296.16900000000004
2,31,7,1615,296.398
2,31,8,1852,296.635
2,31,9,2095,296.87800000000004
2,31,10,2339,297.122
2,31,11,2568,297.351
2,31,12,2832,297.615
2,31,13,3076,297.85900000000004
2,31,14,3279,298.062
2,31,15,3515,298.298
2,31,16,3743,298.526
2,31,17,3974,298.757
2,31,18,4205,298.988
2,31,19,4449,299.232
2,31,20,4674,299.457
2,31,21,4907,299.69
2,31,22,5129,299.91200000000003
2,31,23,5374,300.15700000000004
2,31,24,5592,300.375
2,31,25,5862,300.64500000000004
2,31,26,6088,300.87100000000004
2,32,1,216,304.295
2,32,2,429,304.508
2,32,3,655,304.734
2,32,4,894,304.973
2,32,5,1120,305.199
2,32,6,1351,305.43
2,32,7,1574,305.653
2,32,8,1798,305.877
2,32,9,2023,306.10200000000003
2,32,10,2247,306.326
2,32,11,2485,306.564
2,32,12,2705,306.784
2,32,13,2946,307.02500000000003
2,32,14,3165,307.244
2,32,15,3390,307.469
2,32,16,3617,307.696
2,32,17,3853,307.932
2,32,18,4093,308.172
2,32,19,4319,308.398
2,32,20,4546,308.625
2,32,21,4780,308.859
2,32,22,4997,309.076
2,32,23,5226,309.305
2,32,24,5446,309.52500000000003
2,32,25,5671,309.75
2,32,26,5900,309.979
2,32,27,6135,310.214
2,32,28,6358,310.437
2,32,29,6599,310.678
2,32,30,6802,310.88100000000003
2,32,31,7042,311.121
2,32,32,7277,311.356
2,32,33,7514,311.593
2,32,34,7742,311.821
2,32,35,7978,312.057
2,32,36,8211,312.29
2,32,37,8428,312.507
2,32,38,8650,312.729
2,32,39,8865,312.944
2,32,40,9095,313.17400000000004
2,33,1,219,316.079
2,33,2,449,316.309
2,33,3,678,316.538
2,33,4,902,316.762
2,33,5,1128,316.988
2,33,6,1363,317.223
2,33,7,1601,317.461
2,33,8,1831,317.69100000000003
2,33,9,2066,317.926
2,33,10,2292,318.152
2,33,11,2523,318.38300000000004
2,33,12,2753,318.613
2,33,13,2985,318.845
2,33,14,3209,319.069
2,33,15,3436,319.296
2,33,16,3657,319.517
2,33,17,3890,319.75
2,33,18,4113,319.973
2,33,19,4343,320.20300000000003
2,33,20,4560,320.42
2,33,21,4791,320.651
2,33,22,5013,320.873
2,33,23,5229,321.089
2,33,24,5455,321.315
2,33,25,5695,321.555
2,33,26,5922,321.78200000000004
2,33,27,6160,322.02000000000004
2,33,28,6393,322.253
2,33,29,6622,322.482
2,33,30,6861,322.721
2,33,31,7097,322.957
2,33,32,7328,323.188
2,33,33,7558,323.418
2,33,34,7781,323.641
2,33,35,8016,323.87600000000003
2,33,36,8237,324.09700000000004
2,33,37,8450,324.31
2,33,38,8691,324.551
2,33,39,8921,324.781
2,33,40,9158,325.01800000000003
2,33,41,9401,325.261
2,33,42,9635,325.495
2,33,43,9875,325.735
2,33,44,10111,325.971
2,33,45,10357,326.217
2,33,46,10583,326.44300000000004
2,34,1,231,329.818
2,34,2,446,330.033
2,34,3,678,330.265
2,34,4,920,330.507
2,34,5,1162,330.74899999999997
2,34,6,1394,330.981
2,34,7,1631,331.21799999999996
2,34,8,1877,331.464
2,34,9,2120,331.707
2,34,10,2350,331.937
2,34,11,2577,332.164
2,34,12,2803,332.39
2,34,13,3039,332.626
2,35,1,243,335.803
2,35,2,490,336.05
2,35,3,731,336.291
2,35,4,982,336.54200000000003
2,35,5,1206,336.766
2,35,6,1445,337.005
2,35,7,1665,337.225
2,35,8,1904,337.464
2,35,9,2140,337.7
2,35,10,2372,337.932
2,35,11,2605,338.165
2,35,12,2839,338.399
2,35,13,3080,338.64
2,35,14,3292,338.852
2,35,15,3516,339.076
2,35,16,3735,339.295
2,35,17,3971,339.531
2,35,18,4194,339.754
2,35,19,4431,339.991
2,35,20,4661,340.221
2,35,21,4895,340.455
2,35,22,5127,340.687
2,35,23,5356,340.916
2,35,24,5597,341.157
2,35,25,5832,341.392
2,35,26,6054,341.614
2,35,27,6288,341.848
2,35,28,6522,342.082
2,35,29,6757,342.317
2,35,30,6996,342.556
2,35,31,7230,342.79
2,35,32,7457,343.017
2,35,33,7693,343.253
2,35,34,7923,343.483
2,35,35,8157,343.717
2,35,36,8404,343.964
2,35,37,8630,344.19
2,35,38,8863,344.423
2,35,39,9098,344.658
2,35,40,9344,344.904
2,35,41,9578,345.138
2,35,42,9812,345.372
2,35,43,10038,345.598
2,35,44,10271,345.831
2,35,45,10498,346.058
2,35,46,10729,346.289
2,36,1,206,349.49
2,36,2,444,349.728
2,36,3,674,349.95799999999997
2,36,4,901,350.185
2,36,5,1148,350.432
2,36,6,1376,350.65999999999997
2,36,7,1605,350.889
2,36,8,1840,351.12399999999997
2,36,9,2068,351.352
2,36,10,2310,351.594
2,36,11,2546,351.83
2,36,12,2782,352.066
2,36,13,3023,352.307
2,36,14,3265,352.549
2,36,15,3498,352.782
2,36,16,3737,353.021
2,36,17,3966,353.25
2,36,18,4195,353.479
2,36,19,4430,353.714
2,36,20,4653,353.937
2,36,21,4884,354.168
2,36,22,5113,354.397
2,36,23,5355,354.639
2,36,24,5597,354.881
2,36,25,5831,355.115
2,36,26,6062,355.346
2,36,27,6295,355.579
2,36,28,6529,355.813
2,36,29,6800,356.084
2,36,30,6989,356.27299999999997
2,36,31,7205,356.489
2,36,32,7424,356.70799999999997
2,36,33,7654,356.938
2,36,34,7874,357.158
2,36,35,8095,357.379
2,36,36,8317,357.601
2,36,37,8535,357.819
2,36,38,8750,358.034
2,36,39,8952,358.236
2,36,40,9164,358.448
2,36,41,9556,358.84
2,36,42,9759,359.043
2,36,43,9969,359.253
2,36,44,10176,359.46
2,36,45,10399,359.683
2,36,46,10636,359.92
2,36,47,10856,360.14
2,36,48,11056,360.34
2,37,1,202,362.961
2,37,2,435,363.194
2,37,3,673,363.432
2,37,4,895,363.654
2,37,5,1137,363.896
2,37,6,1374,364.13300000000004
2,37,7,1600,364.35900000000004
2,37,8,1829,364.588
2,37,9,2055,364.814
2,37,10,2286,365.045
2,37,11,2524,365.283
2,37,12,2756,365.515
2,37,13,2984,365.743
2,37,14,3215,365.974
2,37,15,3450,366.209
2,37,16,3689,366.44800000000004
2,37,17,3927,366.68600000000004
2,37,18,4162,366.921
2,37,19,4404,367.163
2,37,20,4633,367.392
2,37,21,4862,367.62100000000004
2,37,22,5100,367.85900000000004
2,37,23,5324,368.083
2,37,24,5541,368.3
2,37,25,5781,368.54
2,37,26,6030,368.789
2,37,27,6274,369.033
2,37,28,6507,369.266
2,37,29,6750,369.509
2,37,30,6992,369.75100000000003
2,37,31,7227,369.986
2,37,32,7474,370.233
2,37,33,7729,370.488
2,37,34,7950,370.709
2,37,35,8183,370.942
2,37,36,8420,371.17900000000003
2,37,37,8647,371.406
2,37,38,8883,371.642
2,37,39,9121,371.88
2,37,40,9351,372.11
2,37,41,9585,372.344
2,37,42,9811,372.57
2,37,43,10049,372.808
2,37,44,10286,373.045
2,37,45,10517,373.276
2,38,1,232,376.44300000000004
2,38,2,463,376.67400000000004
2,38,3,686,376.897
2,38,4,919,377.13
2,38,5,1151,377.362
2,38,6,1378,377.589
2,38,7,1569,377.78000000000003
2,38,8,1808,378.019
2,38,9,2030,378.241
2,38,10,2292,378.503
2,38,11,2518,378.729
2,38,12,2751,378.962
2,38,13,2985,379.196
2,38,14,3218,379.42900000000003
2,38,15,3446,379.65700000000004
2,38,16,3686,379.897
2,38,17,3923,380.134
2,38,18,4147,380.358
2,38,19,4394,380.605
2,38,20,4627,380.838
2,38,21,4870,381.081
2,38,22,5112,381.32300000000004
2,38,23,5350,381.56100000000004
2,38,24,5589,381.8
2,38,25,5824,382.035
2,38,26,6043,382.254
2,39,1,230,385.485
2,39,2,483,385.738
2,39,3,738,385.993
2,39,4,993,386.248
2,39,5,1214,386.469
2,39,6,1438,386.693
2,39,7,1695,386.95
2,39,8,1934,387.189
2,39,9,2173,387.428
2,39,10,2397,387.652
2,39,11,2623,387.878
2,39,12,2868,388.123
2,39,13,3111,388.366
2,39,14,3347,388.602
2,39,15,3582,388.837
2,39,16,3821,389.076
2,39,17,4052,389.307
2,39,18,4277,389.532
2,39,19,4516,389.771
2,39,20,4747,390.002
2,39,21,4984,390.239
2,39,22,5218,390.473
2,39,23,5450,390.705
2,39,24,5704,390.959
2,39,25,5985,391.24
2,39,26,6197,391.452
2,39,27,6423,391.678
2,39,28,6651,391.906
2,39,29,6886,392.141
2,39,30,7121,392.376
2,39,31,7349,392.604
2,39,32,7581,392.836
2,39,33,7807,393.062
2,39,34,8032,393.287
2,39,35,8267,393.522
2,39,36,8502,393.757
2,39,37,8733,393.988
2,39,38,8968,394.223
2,39,39,9172,394.427
2,39,40,9403,394.658
2,39,41,9623,394.878
2,39,42,9851,395.106
2,39,43,10070,395.325
2,39,44,10290,395.545
2,39,45,10524,395.779
2,39,46,10756,396.01099999999997
2,39,47,10976,396.231
2,39,48,11229,396.484
2,39,49,11445,396.7
2,39,50,11680,396.935
2,39,51,11908,397.163
2,39,52,12115,397.37
2,40,1,217,400.216
2,40,2,445,400.444
2,40,3,678,400.677
2,40,4,907,400.906
2,40,5,1144,401.14300000000003
2,40,6,1379,401.37800000000004
2,40,7,1604,401.603
2,41,1,221,405.394
2,41,2,442,405.615
2,41,3,653,405.826
2,41,4,878,406.051
2,41,5,1106,406.279
2,41,6,1346,406.519
2,41,7,1580,406.753
2,41,8,1809,406.982
2,41,9,2046,407.219
2,41,10,2268,407.441
2,41,11,2499,407.672
2,41,12,2727,407.9
2,41,13,2964,408.137
2,41,14,3209,408.382
2,41,15,3438,408.611
2,41,16,3663,408.836
2,41,17,3890,409.063
2,41,18,4116,409.289
2,41,19,4349,409.522
2,41,20,4568,409.741
2,41,21,4795,409.968
2,41,22,5025,410.198
2,41,23,5259,410.432
2,41,24,5488,410.661
2,41,25,5716,410.889
2,41,26,5950,411.123
2,41,27,6193,411.366
2,41,28,6425,411.598
2,41,29,6661,411.834
2,41,30,6891,412.064
2,41,31,7131,412.304
2,41,32,7368,412.541
2,41,33,7606,412.779
2,41,34,7846,413.019
2,41,35,8083,413.25600000000003
2,41,36,8307,413.48
2,41,37,8542,413.715
2,41,38,8767,413.94
2,41,39,8986,414.159
2,41,40,9217,414.39
2,42,1,230,417.69100000000003
2,42,2,473,417.934
2,42,3,727,418.188
2,42,4,969,418.43
2,42,5,1226,418.687
2,42,6,1465,418.926
2,42,7,1680,419.141
2,43,1,201,422.39300000000003
2,43,2,422,422.61400000000003
2,43,3,657,422.849
2,43,4,897,423.089
2,43,5,1132,423.324
2,43,6,1354,423.546
2,43,7,1579,423.771
2,43,8,1805,423.997
2,43,9,2040,424.232
2,43,10,2277,424.469
2,43,11,2515,424.707
2,43,12,2753,424.945
2,43,13,2997,425.189
2,43,14,3232,425.42400000000004
2,43,15,3475,425.66700000000003
2,43,16,3720,425.91200000000003
2,43,17,3952,426.144
2,43,18,4194,426.386
2,43,19,4436,426.628
2,43,20,4663,426.855
2,43,21,4896,427.088
2,43,22,5120,427.312
2,43,23,5363,427.555
2,43,24,5588,427.78000000000003
2,43,25,5811,428.003
2,43,26,6040,428.232
2,43,27,6273,428.46500000000003
2,43,28,6505,428.697
2,43,29,6740,428.932
2,43,30,6966,429.158
2,43,31,7205,429.397
2,43,32,7444,429.636
2,43,33,7672,429.86400000000003
2,43,34,7880,430.072
2,43,35,8106,430.298
2,43,36,8339,430.531
2,43,37,8575,430.767
2,43,38,8812,431.004
2,43,39,9036,431.228
2,43,40,9263,431.455
2,43,41,9501,431.693
2,43,42,9722,431.914
2,43,43,9963,432.15500000000003
2,43,44,10202,432.394
2,43,45,10445,432.637
2,43,46,10685,432.877
2,43,47,10914,433.106
2,43,48,11146,433.338
2,43,49,11370,433.562
2,43,50,11597,433.789
2,43,51,11844,434.036
2,43,52,12069,434.261
2,44,1,220,436.978
2,44,2,444,437.202
2,44,3,683,437.441
2,44,4,917,437.67499999999995
2,44,5,1138,437.89599999999996
2,44,6,1367,438.125
2,44,7,1604,438.36199999999997
2,44,8,1821,438.579
2,44,9,2042,438.79999999999995
2,44,10,2279,439.037
2,44,11,2509,439.267
2,44,12,2744,439.502
2,44,13,2990,439.748
2,44,14,3227,439.98499999999996
2,44,15,3451,440.209
2,44,16,3688,440.44599999999997
2,44,17,3913,440.671
2,44,18,4148,440.906
2,44,19,4389,441.147
2,44,20,4622,441.38
2,44,21,4851,441.609
2,44,22,5089,441.847
2,44,23,5337,442.09499999999997
2,44,24,5583,442.341
2,44,25,5811,442.56899999999996
2,44,26,6039,442.79699999999997
2,44,27,6256,443.014
2,44,28,6482,443.24
2,44,29,6719,443.477
2,44,30,6954,443.712
2,44,31,7197,443.955
2,44,32,7431,444.18899999999996
2,44,33,7669,444.42699999999996
2,45,1,223,447.565
2,45,2,455,447.79699999999997
2,45,3,688,448.03
2,45,4,913,448.255
2,45,5,1157,448.49899999999997
2,45,6,1380,448.722
2,45,7,1602,448.94399999999996
2,45,8,1840,449.18199999999996
2,45,9,2053,449.395
2,45,10,2286,449.628
2,45,11,2524,449.866
2,45,12,2751,450.09299999999996
2,45,13,2982,450.324
2,45,14,3205,450.54699999999997
2,45,15,3415,450.757
2,45,16,3641,450.983
2,45,17,3872,451.214
2,45,18,4110,451.452
2,45,19,4356,451.698
2,45,20,4589,451.931
2,46,1,214,454.8
2,46,2,440,455.026
2,46,3,668,455.254
2,46,4,893,455.479
2,46,5,1115,455.701
2,46,6,1352,455.938
2,46,7,1571,456.15700000000004
2,46,8,1809,456.39500000000004
2,46,9,2056,456.642
2,46,10,2296,456.882
2,46,11,2538,457.124
2,46,12,2780,457.366
2,46,13,3015,457.601
2,46,14,3261,457.84700000000004
2,46,15,3498,458.084
2,46,16,3751,458.337
2,46,17,3989,458.575
2,46,18,4235,458.821
2,46,19,4484,459.07
2,46,20,4726,459.312
2,47,1,231,462.259
2,47,2,478,462.50600000000003
2,47,3,718,462.74600000000004
2,47,4,951,462.97900000000004
2,47,5,1196,463.22400000000005
2,47,6,1429,463.457
2,47,7,1663,463.69100000000003
2,47,8,1901,463.92900000000003
2,47,9,2125,464.153
2,47,10,2347,464.375
2,47,11,2565,464.593
2,47,12,2802,464.83000000000004
2,47,13,3032,465.06
2,47,14,3252,465.28000000000003
2,47,15,3473,465.50100000000003
2,47,16,3700,465.728
2,47,17,3949,465.97700000000003
2,47,18,4196,466.22400000000005
2,47,19,4439,466.46700000000004
2,47,20,4691,466.719
2,47,21,4922,466.95000000000005
2,47,22,5153,467.18100000000004
2,47,23,5397,467.425
2,47,24,5648,467.67600000000004
2,47,25,5906,467.934
2,47,26,6152,468.18
2,47,27,6384,468.41200000000003
2,47,28,6609,468.637
2,47,29,6842,468.87
2,47,30,7089,469.117
2,47,31,7323,469.351
2,47,32,7563,469.591
2,48,1,213,472.77700000000004
2,48,2,439,473.00300000000004
2,48,3,678,473.242
2,48,4,927,473.49100000000004
2,48,5,1154,473.718
2,48,6,1396,473.96000000000004
2,48,7,1620,474.184
2,48,8,1842,474.406
2,48,9,2075,474.639
2,48,10,2410,474.97400000000005
2,48,11,2628,475.192
2,48,12,2861,475.425
2,48,13,3089,475.653
2,48,14,3325,475.889
2,48,15,3570,476.134
2,48,16,3804,476.368
2,48,17,4043,476.607
2,48,18,4286,476.85
2,48,19,4524,477.088
2,48,20,4755,477.319
2,48,21,4989,477.553
2,48,22,5225,477.78900000000004
2,48,23,5480,478.04400000000004
2,48,24,5714,478.278
2,48,25,5938,478.502
2,48,26,6182,478.74600000000004
2,49,1,222,481.83099999999996
2,49,2,456,482.065
2,49,3,689,482.298
2,49,4,931,482.53999999999996
2,49,5,1169,482.77799999999996
2,49,6,1405,483.01399999999995
2,49,7,1633,483.24199999999996
2,49,8,1868,483.477
2,49,9,2112,483.721
2,49,10,2352,483.96099999999996
2,49,11,2591,484.2
2,49,12,2814,484.423
2,49,13,3047,484.656
2,49,14,3281,484.89
2,49,15,3516,485.125
2,49,16,3743,485.352
2,49,17,3977,485.58599999999996
2,49,18,4207,485.816
2,49,19,4431,486.03999999999996
2,49,20,4660,486.269
2,49,21,4895,486.50399999999996
2,49,22,5123,486.73199999999997
2,49,23,5353,486.962
2,49,24,5608,487.217
2,49,25,5837,487.44599999999997
2,49,26,6073,487.68199999999996
2,50,1,221,490.55
2,50,2,449,490.778
2,50,3,679,491.008
2,50,4,900,491.229
2,50,5,1129,491.458
2,50,6,1355,491.684
2,50,7,1578,491.907
2,50,8,1802,492.13100000000003
2,50,9,2033,492.362
2,50,10,2262,492.591
2,50,11,2491,492.82
2,50,12,2730,493.059
2,50,13,2951,493.28000000000003
2,50,14,3170,493.499
2,50,15,3401,493.73
2,50,16,3624,493.95300000000003
2,50,17,3843,494.172
2,50,18,4083,494.41200000000003
2,50,19,4324,494.653
2,50,20,4566,494.895
2,51,1,242,497.88300000000004
2,51,2,468,498.10900000000004
2,51,3,699,498.34000000000003
2,51,4,939,498.58000000000004
2,51,5,1177,498.81800000000004
2,51,6,1414,499.055
2,51,7,1649,499.29
2,51,8,1875,499.516
2,51,9,2097,499.738
2,51,10,2320,499.961
2,51,11,2539,500.18
2,51,12,2763,500.404
2,51,13,2986,500.627
2,51,14,3226,500.867
2,52,1,221,503.714
2,52,2,452,503.945
2,52,3,688,504.181
2,52,4,918,504.411
2,52,5,1160,504.653
2,52,6,1392,504.885
2,52,7,1623,505.116
2,52,8,1849,505.342
2,52,9,2081,505.574
2,52,10,2320,505.813
2,52,11,2557,506.05
2,52,12,2798,506.291
2,52,13,3028,506.521
2,52,14,3253,506.746
2,52,15,3474,506.967
2,52,16,3712,507.205
2,52,17,3948,507.441
2,52,18,4180,507.673
2,52,19,4407,507.9
2,52,20,4637,508.13
2,53,1,217,511.293
2,53,2,446,511.52200000000005
2,53,3,684,511.76000000000005
2,53,4,926,512.0020000000001
2,53,5,1166,512.2420000000001
2,53,6,1397,512.4730000000001
2,53,7,1625,512.701
2,54,1,219,515.904
2,54,2,443,516.1279999999999
2,54,3,672,516.357
2,54,4,903,516.588
2,54,5,1143,516.828
2,54,6,1368,517.053
2,54,7,1607,517.2919999999999
2,54,8,1854,517.539
2,54,9,2069,517.7539999999999
2,54,10,2308,517.9929999999999
2,54,11,2533,518.218
2,54,12,2773,518.458
2,54,13,3010,518.6949999999999
2,55,1,223,521.5559999999999
2,55,2,438,521.771
2,55,3,653,521.986
2,55,4,877,522.2099999999999
2,55,5,1110,522.443
2,55,6,1337,522.67
2,55,7,1568,522.901
2,55,8,1797,523.13
2,55,9,2025,523.358
2,55,10,2255,523.588
2,55,11,2489,523.822
2,55,12,2695,524.028
2,55,13,2909,524.242
2,55,14,3119,524.452
2,55,15,3349,524.682
2,55,16,3576,524.909
2,55,17,3808,525.141
2,55,18,4047,525.38
2,55,19,4275,525.608
2,55,20,4507,525.8399999999999
2,55,21,4734,526.067
2,55,22,4967,526.3
2,55,23,5196,526.529
2,55,24,5430,526.7629999999999
2,55,25,5658,526.991
2,55,26,5874,527.207
2,55,27,6114,527.447
2,55,28,6348,527.6809999999999
2,55,29,6588,527.9209999999999
2,55,30,6836,528.169
2,55,31,7084,528.4169999999999
2,55,32,7321,528.654
2,55,33,7550,528.8829999999999
2,56,1,222,531.994
2,56,2,454,532.226
2,56,3,691,532.4630000000001
2,56,4,924,532.696
2,56,5,1158,532.9300000000001
2,56,6,1394,533.166
2,56,7,1640,533.412
2,56,8,1889,533.6610000000001
2,56,9,2125,533.897
2,56,10,2346,534.118
2,56,11,2575,534.3470000000001
2,56,12,2807,534.5790000000001
2,56,13,3043,534.815
2,57,1,225,537.996
2,57,2,453,538.2239999999999
2,57,3,685,538.4559999999999
2,57,4,922,538.693
2,57,5,1150,538.9209999999999
2,57,6,1371,539.1419999999999
2,57,7,1597,539.3679999999999
2,57,8,1830,539.601
2,57,9,2063,539.834
2,57,10,2293,540.064
2,57,11,2525,540.2959999999999
2,57,12,2753,540.524
2,57,13,2985,540.756
2,57,14,3218,540.9889999999999
2,57,15,3447,541.218
2,57,16,3672,541.443
2,57,17,3908,541.679
2,57,18,4151,541.9219999999999
2,57,19,4387,542.1579999999999
2,57,20,4623,542.394
2,57,21,4859,542.63
2,57,22,5096,542.867
2,57,23,5327,543.098
2,57,24,5560,543.3309999999999
2,57,25,5796,543.567
2,57,26,6033,543.804
2,57,27,6263,544.034
2,57,28,6493,544.264
2,57,29,6739,544.51
2,57,30,6986,544.757
2,57,31,7222,544.9929999999999
2,57,32,7440,545.211
2,57,33,7678,545.449
2,57,34,7919,545.6899999999999
2,57,35,8165,545.9359999999999
2,57,36,8405,546.1759999999999
2,57,37,8640,546.411
2,57,38,8878,546.649
2,57,39,9112,546.8829999999999
2,58,1,230,549.595
2,58,2,462,549.827
2,58,3,705,550.07
2,58,4,945,550.3100000000001
2,58,5,1179,550.544
2,58,6,1424,550.789
2,58,7,1667,551.032
2,58,8,1902,551.267
2,58,9,2136,551.501
2,58,10,2358,551.723
2,58,11,2575,551.94
2,58,12,2796,552.1610000000001
2,58,13,3018,552.383
2,58,14,3243,552.6080000000001
2,58,15,3471,552.836
2,58,16,3691,553.056
2,58,17,3922,553.287
2,58,18,4166,553.5310000000001
2,58,19,4401,553.766
2,58,20,4632,553.997
2,59,1,229,557.129
2,59,2,473,557.3729999999999
2,59,3,715,557.615
2,59,4,956,557.856
2,59,5,1192,558.092
2,59,6,1430,558.3299999999999
2,59,7,1665,558.5649999999999
2,59,8,1897,558.797
2,59,9,2133,559.033
2,59,10,2363,559.263
2,59,11,2600,559.5
2,59,12,2835,559.735
2,59,13,3073,559.973
2,59,14,3299,560.199
2,59,15,3533,560.433
2,59,16,3761,560.661
2,59,17,4004,560.904
2,59,18,4234,561.134
2,59,19,4464,561.364
2,59,20,4686,561.586
2,59,21,4922,561.822
2,59,22,5172,562.072
2,59,23,5397,562.297
2,59,24,5624,562.524
2,59,25,5858,562.7579999999999
2,59,26,6099,562.999
2,59,27,6330,563.23
2,59,28,6559,563.459
2,59,29,6789,563.689
2,59,30,7013,563.913
2,59,31,7246,564.146
2,59,32,7471,564.371
2,59,33,7755,564.655
2,59,34,7966,564.866
2,59,35,8191,565.091
2,59,36,8425,565.3249999999999
2,59,37,8648,565.548
2,59,38,8878,565.778
2,59,39,9122,566.0219999999999
2,59,40,9359,566.259
2,59,41,9586,566.486
2,59,42,9812,566.712
2,59,43,10041,566.941
2,59,44,10278,567.178
2,59,45,10505,567.405
2,60,1,222,570.271
2,60,2,448,570.497
2,60,3,671,570.72
2,60,4,909,570.958
2,60,5,1144,571.193
2,60,6,1375,571.424
2,60,7,1601,571.65
2,60,8,1833,571.882
2,60,9,2068,572.117
2,60,10,2309,572.358
2,60,11,2561,572.61
2,60,12,2799,572.848
2,60,13,3021,573.0699999999999
2,60,14,3229,573.278
2,60,15,3453,573.502
2,60,16,3681,573.73
2,60,17,3922,573.971
2,60,18,4151,574.1999999999999
2,60,19,4370,574.419
2,60,20,4598,574.6469999999999
2,60,21,4825,574.874
2,60,22,5061,575.11
2,60,23,5303,575.352
2,60,24,5533,575.582
2,60,25,5748,575.797
2,60,26,5996,576.045
2,60,27,6233,576.2819999999999
2,60,28,6471,576.52
2,60,29,6712,576.761
2,60,30,6948,576.997
2,60,31,7169,577.218
2,60,32,7384,577.433
2,60,33,7607,577.656
2,60,34,7844,577.893
2,60,35,8079,578.1279999999999
2,60,36,8311,578.36
2,60,37,8538,578.587
2,60,38,8767,578.816
2,60,39,9010,579.059
2,60,40,9242,579.2909999999999
2,60,41,9475,579.524
2,60,42,9703,579.752
2,60,43,9942,579.991
2,60,44,10167,580.216
2,60,45,10401,580.4499999999999
2,60,46,10639,580.688
2,61,1,223,583.727
2,61,2,441,583.945
2,61,3,666,584.1700000000001
2,61,4,899,584.403
2,61,5,1119,584.623
2,61,6,1346,584.85
2,61,7,1583,585.087
2,62,1,214,587.9340000000001
2,62,2,436,588.1560000000001
2,62,3,656,588.376
2,62,4,892,588.6120000000001
2,62,5,1123,588.8430000000001
2,62,6,1349,589.0690000000001
2,62,7,1570,589.2900000000001
2,63,1,256,592.0179999999999
2,63,2,482,592.2439999999999
2,63,3,707,592.4689999999999
2,63,4,940,592.702
2,63,5,1173,592.935
2,63,6,1411,593.1729999999999
2,63,7,1643,593.405
2,63,8,1892,593.654
2,63,9,2126,593.8879999999999
2,63,10,2355,594.117
2,63,11,2595,594.357
2,63,12,2830,594.592
2,63,13,3061,594.823
2,63,14,3302,595.064
2,63,15,3538,595.3
2,63,16,3762,595.5239999999999
2,63,17,3997,595.7589999999999
2,63,18,4228,595.9899999999999
2,63,19,4457,596.2189999999999
2,63,20,4686,596.448
2,63,21,4905,596.6669999999999
2,63,22,5101,596.8629999999999
2,63,23,5327,597.0889999999999
2,63,24,5545,597.3069999999999
2,63,25,5774,597.536
2,63,26,5942,597.704
2,63,27,6145,597.9069999999999
2,63,28,6346,598.108
2,63,29,6551,598.313
2,63,30,6794,598.5559999999999
2,63,31,7009,598.771
2,63,32,7212,598.9739999999999
2,63,33,7426,599.188
2,63,34,7658,599.42
2,63,35,7880,599.6419999999999
2,63,36,8100,599.862
