block,condition,auc,std_wtw,id,sess,key
1,LP,6.093826034690591,2.571163592661674,s1001,2,"('s1001', 2)"
2,HP,7.193403265491723,2.594319879718373,s1001,2,"('s1001', 2)"
1,LP,11.895267857142857,0.5843036207545057,s1003,2,"('s1003', 2)"
2,HP,11.934889372630163,0.4297824598459491,s1003,2,"('s1003', 2)"
1,LP,6.1973880913651636,2.056380188643511,s1004,2,"('s1004', 2)"
2,HP,7.636660303287516,1.9903555778908129,s1004,2,"('s1004', 2)"
1,LP,5.092739046773971,3.727739906640464,s1006,2,"('s1006', 2)"
2,HP,6.529864131699567,4.078714593372566,s1006,2,"('s1006', 2)"
1,LP,11.226305625926077,2.0155363965043227,s1007,2,"('s1007', 2)"
2,HP,11.242039743740326,2.150290384593003,s1007,2,"('s1007', 2)"
1,LP,4.7693856290707375,1.1005028968497044,s1008,2,"('s1008', 2)"
2,HP,5.361586499983166,1.236333409026448,s1008,2,"('s1008', 2)"
1,LP,3.564023442907554,1.956661702938981,s1009,2,"('s1009', 2)"
2,HP,6.142680377133486,3.855198618372932,s1009,2,"('s1009', 2)"
1,LP,5.668646793162409,1.83936174019601,s1010,2,"('s1010', 2)"
2,HP,8.408189989940919,2.242489770543223,s1010,2,"('s1010', 2)"
1,LP,7.7279182632013415,3.3587835527953596,s1011,2,"('s1011', 2)"
2,HP,10.246548047165074,2.929777648742625,s1011,2,"('s1011', 2)"
1,LP,3.040875835059586,1.7384616637106798,s1013,2,"('s1013', 2)"
2,HP,5.248119130743239,2.870622660869803,s1013,2,"('s1013', 2)"
1,LP,6.921444324303541,3.5024449801934607,s1014,2,"('s1014', 2)"
2,HP,7.640001129853704,3.570735167807306,s1014,2,"('s1014', 2)"
1,LP,2.9773117795587463,1.241481490122216,s1015,2,"('s1015', 2)"
2,HP,4.188623636542665,1.3990242330554359,s1015,2,"('s1015', 2)"
1,LP,6.4584286494743015,1.843710748032344,s1016,2,"('s1016', 2)"
2,HP,6.858580309507528,1.886430702716174,s1016,2,"('s1016', 2)"
1,LP,6.7159228083452565,3.8262350450959266,s1017,2,"('s1017', 2)"
2,HP,9.992391473299609,3.463173855017866,s1017,2,"('s1017', 2)"
1,LP,4.221750154541072,3.1969020966102044,s1018,2,"('s1018', 2)"
2,HP,5.23701939772962,3.3934956916093855,s1018,2,"('s1018', 2)"
1,LP,11.425164629736317,2.110301253567607,s1019,2,"('s1019', 2)"
2,HP,11.497833183277248,2.0314828331674413,s1019,2,"('s1019', 2)"
1,LP,4.776971541983155,1.5755733575296234,s1020,2,"('s1020', 2)"
2,HP,6.734151044312021,1.574775009905479,s1020,2,"('s1020', 2)"
1,LP,4.104882804838571,2.7300458919838486,s1021,2,"('s1021', 2)"
2,HP,6.882977566215983,3.1372245468635325,s1021,2,"('s1021', 2)"
1,LP,8.438687259600622,3.516682893392969,s1022,2,"('s1022', 2)"
2,HP,8.902305971818066,3.4015742770708073,s1022,2,"('s1022', 2)"
1,LP,3.8815278277983167,2.992244156761637,s1023,2,"('s1023', 2)"
2,HP,9.02186878102587,3.9789399568351187,s1023,2,"('s1023', 2)"
1,LP,2.6096143969236563,0.9518733732035211,s1024,2,"('s1024', 2)"
2,HP,3.3666277306884473,1.1715118865979854,s1024,2,"('s1024', 2)"
1,LP,2.670904247540264,1.6845881232296833,s1025,2,"('s1025', 2)"
2,HP,2.7773594936756174,1.736747171588806,s1025,2,"('s1025', 2)"
1,LP,11.061624497024425,2.227576900004043,s1026,2,"('s1026', 2)"
2,HP,11.489936542076721,1.590865254743681,s1026,2,"('s1026', 2)"
1,LP,2.592865930740648,1.3719905603525375,s1027,2,"('s1027', 2)"
2,HP,3.8090671366867674,2.4041727638375656,s1027,2,"('s1027', 2)"
1,LP,11.415987599483941,1.68040199159197,s1028,2,"('s1028', 2)"
2,HP,11.321367244063733,1.693942593654927,s1028,2,"('s1028', 2)"
1,LP,4.327665249493933,2.8765803232526563,s1030,2,"('s1030', 2)"
2,HP,8.696084896613987,3.57681888860362,s1030,2,"('s1030', 2)"
1,LP,5.728222731513726,2.896333523922173,s1031,2,"('s1031', 2)"
2,HP,7.738891986761155,3.372202378375479,s1031,2,"('s1031', 2)"
1,LP,5.880395290033272,2.297483587720092,s1032,2,"('s1032', 2)"
2,HP,8.905702522869756,3.1697409317006926,s1032,2,"('s1032', 2)"
1,LP,10.163608260330225,2.4248306223328084,s1033,2,"('s1033', 2)"
2,HP,10.508925306743075,2.1035047620645235,s1033,2,"('s1033', 2)"
1,LP,5.019837878980983,3.0149193785859394,s1034,2,"('s1034', 2)"
2,HP,8.546908833627747,4.757407217897263,s1034,2,"('s1034', 2)"
1,LP,9.162626698188522,2.589654920416977,s1035,2,"('s1035', 2)"
2,HP,9.184351748852274,2.664007931641528,s1035,2,"('s1035', 2)"
1,LP,3.508435492793238,1.5562289980632549,s1036,2,"('s1036', 2)"
2,HP,4.732116842670538,2.0294538824848156,s1036,2,"('s1036', 2)"
1,LP,3.464355919178339,2.190897360921377,s1037,2,"('s1037', 2)"
2,HP,4.8068353187151045,2.781308979267436,s1037,2,"('s1037', 2)"
1,LP,3.574763426706815,2.554185289322734,s1038,2,"('s1038', 2)"
2,HP,8.420098606116126,4.156627777891655,s1038,2,"('s1038', 2)"
1,LP,6.374934814361098,1.6137320811163431,s1040,2,"('s1040', 2)"
2,HP,8.56381134929389,2.158812093638909,s1040,2,"('s1040', 2)"
1,LP,7.702474813609699,1.53042054098298,s1041,2,"('s1041', 2)"
2,HP,7.898060441312927,1.6039624632674276,s1041,2,"('s1041', 2)"
1,LP,6.26840618508484,3.5843163200231296,s1042,2,"('s1042', 2)"
2,HP,6.633195563961076,3.699767080873328,s1042,2,"('s1042', 2)"
1,LP,11.868939393939394,0.7747757998772051,s1043,2,"('s1043', 2)"
2,HP,11.981923076923078,0.14461538461538437,s1043,2,"('s1043', 2)"
1,LP,6.185518310774812,1.6858753534217488,s1044,2,"('s1044', 2)"
2,HP,10.161065784040952,2.5764618499623735,s1044,2,"('s1044', 2)"
1,LP,9.427049907932046,3.075197775384322,s1046,2,"('s1046', 2)"
2,HP,9.708179343043472,2.892952447912042,s1046,2,"('s1046', 2)"
1,LP,5.585337360045203,1.0805154386769598,s1047,2,"('s1047', 2)"
2,HP,5.724573043860744,1.063835703225252,s1047,2,"('s1047', 2)"
1,LP,5.000598137148918,1.5659128438373993,s1048,2,"('s1048', 2)"
2,HP,6.8958764273601165,1.619790684137979,s1048,2,"('s1048', 2)"
1,LP,5.018161622792922,1.3986108248491507,s1049,2,"('s1049', 2)"
2,HP,6.004483519948441,1.33574212581467,s1049,2,"('s1049', 2)"
1,LP,4.759532904252924,3.7698899677741387,s1050,2,"('s1050', 2)"
2,HP,6.670646475230248,3.876904031281331,s1050,2,"('s1050', 2)"
1,LP,5.49009899783001,2.7089685790326907,s1051,2,"('s1051', 2)"
2,HP,7.1283442418945,2.950803306759221,s1051,2,"('s1051', 2)"
1,LP,5.480644390630653,1.0467858297711492,s1053,2,"('s1053', 2)"
2,HP,7.7253906504010645,1.0017219984012466,s1053,2,"('s1053', 2)"
1,LP,11.745466778135102,1.2773493529142437,s1054,2,"('s1054', 2)"
2,HP,11.645307287866341,1.6156911333271153,s1054,2,"('s1054', 2)"
1,LP,2.184100748810722,1.3095075613184526,s1055,2,"('s1055', 2)"
2,HP,3.5061591715810727,2.2142621703945826,s1055,2,"('s1055', 2)"
1,LP,6.411406587810601,3.5000756667414805,s1056,2,"('s1056', 2)"
2,HP,8.000045502970654,2.982444743951701,s1056,2,"('s1056', 2)"
1,LP,3.744721827868797,2.011276232455262,s1057,2,"('s1057', 2)"
2,HP,4.790202257303319,2.1970940400528147,s1057,2,"('s1057', 2)"
1,LP,9.954638013261736,2.0666116777128813,s1058,2,"('s1058', 2)"
2,HP,10.612098228194025,1.886644615289324,s1058,2,"('s1058', 2)"
1,LP,7.95942392020787,1.8920729349481185,s1059,2,"('s1059', 2)"
2,HP,9.282443015795659,1.9699325788580537,s1059,2,"('s1059', 2)"
1,LP,3.9286200923293846,1.524654850351085,s1060,2,"('s1060', 2)"
2,HP,4.744766482360352,1.4041990097095132,s1060,2,"('s1060', 2)"
1,LP,3.876420425330641,3.179626088779529,s1061,2,"('s1061', 2)"
2,HP,5.835231017457093,3.7178665800409,s1061,2,"('s1061', 2)"
1,LP,6.293124166560033,1.808302873154248,s1062,2,"('s1062', 2)"
2,HP,7.672672362912273,1.2212444934346218,s1062,2,"('s1062', 2)"
1,LP,1.0559120694409634,0.4043345561872219,s1063,2,"('s1063', 2)"
2,HP,1.4867211926882833,0.45085428582080905,s1063,2,"('s1063', 2)"
1,LP,5.79428506844873,2.889422290007288,s1064,2,"('s1064', 2)"
2,HP,9.031170003398367,3.775613601195792,s1064,2,"('s1064', 2)"
1,LP,6.469445649456633,2.6264067417313552,s1065,2,"('s1065', 2)"
2,HP,10.285925729388701,2.3503903490312252,s1065,2,"('s1065', 2)"
1,LP,3.7570799231852554,1.107068962820711,s1066,2,"('s1066', 2)"
2,HP,4.5058321497119325,1.0514476253368803,s1066,2,"('s1066', 2)"
1,LP,1.9024386648962797,0.8446522802296915,s1067,2,"('s1067', 2)"
2,HP,2.0473962660046516,0.8998260030699035,s1067,2,"('s1067', 2)"
1,LP,4.961269605898885,2.0959236477207894,s1068,2,"('s1068', 2)"
2,HP,6.3357154395186095,1.970879167209533,s1068,2,"('s1068', 2)"
1,LP,1.4437114234225379,1.8659440798459326,s1069,2,"('s1069', 2)"
2,HP,4.464289662794674,4.730304468694347,s1069,2,"('s1069', 2)"
1,LP,2.2698406493551007,0.9696648106878764,s1072,2,"('s1072', 2)"
2,HP,3.8404211350947945,2.5644876606828335,s1072,2,"('s1072', 2)"
1,LP,3.997339992394894,1.9897811899474145,s1073,2,"('s1073', 2)"
2,HP,6.434412169698675,2.7159372853360524,s1073,2,"('s1073', 2)"
1,LP,6.8861012088682925,3.515112431045496,s1074,2,"('s1074', 2)"
2,HP,11.115014489160142,2.2135622986656585,s1074,2,"('s1074', 2)"
1,LP,2.5001048290026007,1.1040640762168497,s1075,2,"('s1075', 2)"
2,HP,4.153138232187279,1.5389941421667839,s1075,2,"('s1075', 2)"
1,LP,3.907891537561875,1.984697246152893,s1076,2,"('s1076', 2)"
2,HP,7.205369513530286,3.3540272107189617,s1076,2,"('s1076', 2)"
1,LP,5.790763426472948,3.1553049801886495,s1078,2,"('s1078', 2)"
2,HP,6.581157833539604,3.150744549506168,s1078,2,"('s1078', 2)"
1,LP,5.556003210055811,1.8364994192597943,s1079,2,"('s1079', 2)"
2,HP,6.807279641799188,1.8944196805751017,s1079,2,"('s1079', 2)"
1,LP,10.554506738137416,2.728437624982787,s1080,2,"('s1080', 2)"
2,HP,10.799893236202049,2.47969518044829,s1080,2,"('s1080', 2)"
1,LP,4.098320382401257,1.5981190373688148,s1081,2,"('s1081', 2)"
2,HP,5.228154806510302,2.139107348574815,s1081,2,"('s1081', 2)"
1,LP,9.077667681443481,3.442314419429912,s1087,2,"('s1087', 2)"
2,HP,9.805480392810297,3.24374149962795,s1087,2,"('s1087', 2)"
1,LP,3.462267744358415,1.8582259210390162,s1088,2,"('s1088', 2)"
2,HP,3.6182079347164873,1.9174698984255396,s1088,2,"('s1088', 2)"
1,LP,3.9337673545861263,2.241304086145411,s1089,2,"('s1089', 2)"
2,HP,4.145376237762998,2.40151673516298,s1089,2,"('s1089', 2)"
1,LP,4.321449806549621,1.5517834489140945,s1090,2,"('s1090', 2)"
2,HP,7.681489991027606,3.5160432683449203,s1090,2,"('s1090', 2)"
1,LP,3.2686306451180003,1.5099750204260491,s1091,2,"('s1091', 2)"
2,HP,4.639565281955262,2.074688131886159,s1091,2,"('s1091', 2)"
1,LP,11.44922455978598,1.645591941733126,s1092,2,"('s1092', 2)"
2,HP,11.635372455695002,1.3600896029753937,s1092,2,"('s1092', 2)"
1,LP,6.640774726962467,2.7911024864047116,s1094,2,"('s1094', 2)"
2,HP,7.842072911193618,2.7095701143243276,s1094,2,"('s1094', 2)"
1,LP,8.511759258863211,4.478504975570032,s1095,2,"('s1095', 2)"
2,HP,8.791852844144993,4.66791547865893,s1095,2,"('s1095', 2)"
1,LP,6.319899780455421,2.758489171979666,s1097,2,"('s1097', 2)"
2,HP,9.496876218427563,3.385422224193171,s1097,2,"('s1097', 2)"
1,LP,7.537812501462069,3.0511501621018473,s1099,2,"('s1099', 2)"
2,HP,9.654545289202938,2.9118367208017246,s1099,2,"('s1099', 2)"
1,LP,3.818083600910468,3.2774947698850276,s1101,2,"('s1101', 2)"
2,HP,3.914940539647474,3.482674911532483,s1101,2,"('s1101', 2)"
1,LP,4.746246651469645,3.488486783197242,s1102,2,"('s1102', 2)"
2,HP,5.97210599139765,3.9138935339513354,s1102,2,"('s1102', 2)"
1,LP,5.618432672477565,1.7523583559252855,s1103,2,"('s1103', 2)"
2,HP,6.524771861654338,1.419948721839383,s1103,2,"('s1103', 2)"
1,LP,9.54207620062642,2.9837134653993127,s1105,2,"('s1105', 2)"
2,HP,10.311941811348614,2.540469977726313,s1105,2,"('s1105', 2)"
1,LP,3.2314321365195653,1.6558952959262263,s1106,2,"('s1106', 2)"
2,HP,4.639099679466028,2.2314992964802154,s1106,2,"('s1106', 2)"
1,LP,3.1547860299789834,1.9522643864470575,s1107,2,"('s1107', 2)"
2,HP,6.356107593560978,3.2636237667302446,s1107,2,"('s1107', 2)"
1,LP,2.2635564594982363,1.157603114491692,s1108,2,"('s1108', 2)"
2,HP,2.292891360271233,1.1668709007950846,s1108,2,"('s1108', 2)"
1,LP,5.813258129128789,2.8920417537980665,s1109,2,"('s1109', 2)"
2,HP,8.67466526472641,4.549612982618297,s1109,2,"('s1109', 2)"
1,LP,2.3699393993468356,1.0165175915494291,s1110,2,"('s1110', 2)"
2,HP,2.9469516872960257,1.4098643072870696,s1110,2,"('s1110', 2)"
1,LP,5.974274331119657,3.1104804900893424,s1111,2,"('s1111', 2)"
2,HP,8.30855886582531,3.6770144879399362,s1111,2,"('s1111', 2)"
1,LP,2.2858502256538813,1.1030182720026478,s1112,2,"('s1112', 2)"
2,HP,3.1427459893663183,1.271456654188567,s1112,2,"('s1112', 2)"
1,LP,4.7942733628708325,1.1553798642314281,s1114,2,"('s1114', 2)"
2,HP,5.05456976712711,1.175413674487662,s1114,2,"('s1114', 2)"
1,LP,2.9040107614002566,2.068778807388438,s1115,2,"('s1115', 2)"
2,HP,4.354851263907538,3.5203178103808144,s1115,2,"('s1115', 2)"
1,LP,5.553461003499702,1.5424365449346593,s1116,2,"('s1116', 2)"
2,HP,7.565085815369429,1.6246245625036628,s1116,2,"('s1116', 2)"
1,LP,4.6612967202762965,1.7967830451386884,s1117,2,"('s1117', 2)"
2,HP,5.2146029959931735,1.797086032472506,s1117,2,"('s1117', 2)"
1,LP,10.915815222452123,2.04395303384353,s1118,2,"('s1118', 2)"
2,HP,11.076253340758099,2.0474796767040986,s1118,2,"('s1118', 2)"
1,LP,10.655591866845556,2.441191056288746,s1119,2,"('s1119', 2)"
2,HP,10.948441588026279,2.2972599191982646,s1119,2,"('s1119', 2)"
1,LP,8.915510083188241,3.888569856823179,s1120,2,"('s1120', 2)"
2,HP,9.035183826028923,3.8095322914210543,s1120,2,"('s1120', 2)"
1,LP,9.237225950451966,3.236470363446937,s1121,2,"('s1121', 2)"
2,HP,9.841551799138267,3.035969611411188,s1121,2,"('s1121', 2)"
1,LP,7.744712748591766,3.978132672248826,s1122,2,"('s1122', 2)"
2,HP,7.763215041421491,4.028620208304793,s1122,2,"('s1122', 2)"
1,LP,10.140616974805967,2.4231096803778245,s1123,2,"('s1123', 2)"
2,HP,10.709183253687181,2.5560133324400076,s1123,2,"('s1123', 2)"
1,LP,3.5933805141226918,1.0620595833466224,s1124,2,"('s1124', 2)"
2,HP,4.0880774572275485,1.1194850863829102,s1124,2,"('s1124', 2)"
1,LP,7.293959484107705,2.2666537945263516,s1125,2,"('s1125', 2)"
2,HP,8.007414679292825,2.0794737484442414,s1125,2,"('s1125', 2)"
1,LP,2.3336693845891334,1.4637042046062505,s1127,2,"('s1127', 2)"
2,HP,4.28372790613088,4.050123021064428,s1127,2,"('s1127', 2)"
1,LP,3.5282100107451884,1.6396697340051531,s1128,2,"('s1128', 2)"
2,HP,4.943712857951935,1.6815449104562823,s1128,2,"('s1128', 2)"
1,LP,4.072907489720049,1.8887436568568785,s1129,2,"('s1129', 2)"
2,HP,5.065903924474709,2.0383582620467977,s1129,2,"('s1129', 2)"
1,LP,3.329862710152016,1.5982477074843366,s1130,2,"('s1130', 2)"
2,HP,5.287783082381775,2.5215788518639597,s1130,2,"('s1130', 2)"
1,LP,3.952885212807538,1.1457826959274902,s1131,2,"('s1131', 2)"
2,HP,4.776021770444771,0.9340686343238213,s1131,2,"('s1131', 2)"
1,LP,11.045736609607893,2.32263401601436,s1133,2,"('s1133', 2)"
2,HP,11.187772899081562,2.050676536804752,s1133,2,"('s1133', 2)"
1,LP,6.1384931883619736,2.4023083824529947,s1136,2,"('s1136', 2)"
2,HP,9.278055322075218,3.4934307416827357,s1136,2,"('s1136', 2)"
1,LP,10.520261636889245,2.427122158453286,s1137,2,"('s1137', 2)"
2,HP,10.755067710346832,2.332379449777006,s1137,2,"('s1137', 2)"
1,LP,6.57146072569166,4.174915074300847,s1138,2,"('s1138', 2)"
2,HP,6.962099036177973,4.2141562618392765,s1138,2,"('s1138', 2)"
1,LP,5.539950330972886,1.8436445280264953,s1139,2,"('s1139', 2)"
2,HP,6.547491595205415,1.3178016443873974,s1139,2,"('s1139', 2)"
1,LP,4.682265176037948,2.419719151528765,s1140,2,"('s1140', 2)"
2,HP,8.75601736924886,3.297376187602609,s1140,2,"('s1140', 2)"
1,LP,10.661431421427718,1.4939662715298498,s1141,2,"('s1141', 2)"
2,HP,11.67060017176252,0.8674150098614648,s1141,2,"('s1141', 2)"
1,LP,10.017376756117567,2.3220872606234844,s1142,2,"('s1142', 2)"
2,HP,11.413909891594912,1.2645986632235433,s1142,2,"('s1142', 2)"
1,LP,5.629289794858485,1.4584755618874439,s1143,2,"('s1143', 2)"
2,HP,5.610457137195338,1.5315109380450385,s1143,2,"('s1143', 2)"
1,LP,3.872706902038388,1.2721419005109718,s1146,2,"('s1146', 2)"
2,HP,6.454131943008936,1.589727154421066,s1146,2,"('s1146', 2)"
1,LP,5.599818995968181,1.8013965383548551,s1148,2,"('s1148', 2)"
2,HP,8.027567110194068,2.1172779973192695,s1148,2,"('s1148', 2)"
1,LP,4.114246011887514,2.400644852308199,s1149,2,"('s1149', 2)"
2,HP,8.574345045662442,3.8562089132792194,s1149,2,"('s1149', 2)"
1,LP,9.600992916813189,2.06859717225882,s1150,2,"('s1150', 2)"
2,HP,10.325504969214343,1.717595703007883,s1150,2,"('s1150', 2)"
1,LP,3.110544003500583,1.5825675933429735,s1151,2,"('s1151', 2)"
2,HP,4.123158117886983,1.855232068508861,s1151,2,"('s1151', 2)"
1,LP,4.826052171214554,4.0952703148244565,s1153,2,"('s1153', 2)"
2,HP,4.67840226876101,4.005462999408462,s1153,2,"('s1153', 2)"
1,LP,3.6882174712077456,1.3864289043815003,s1154,2,"('s1154', 2)"
2,HP,4.645659504001381,1.6778025973026434,s1154,2,"('s1154', 2)"
1,LP,2.8291583427262017,0.9737232042960088,s1155,2,"('s1155', 2)"
2,HP,3.4055257128143417,1.2884225952653625,s1155,2,"('s1155', 2)"
1,LP,7.9368023114533175,2.9390029351333893,s1156,2,"('s1156', 2)"
2,HP,8.181804839192592,2.6943092114379086,s1156,2,"('s1156', 2)"
1,LP,9.839055612349508,3.1591270847902164,s1157,2,"('s1157', 2)"
2,HP,10.394483415426974,2.7455669647291243,s1157,2,"('s1157', 2)"
1,LP,1.2242546415303455,0.6841552077348453,s1159,2,"('s1159', 2)"
2,HP,1.8564774148319827,1.6377275787833203,s1159,2,"('s1159', 2)"
1,LP,2.8185832694254045,1.3940993462183786,s1160,2,"('s1160', 2)"
2,HP,3.3505366954649864,1.5696702301341088,s1160,2,"('s1160', 2)"
1,LP,4.033787203684999,1.508397345955236,s1161,2,"('s1161', 2)"
2,HP,5.90608659001161,1.9775726565937202,s1161,2,"('s1161', 2)"
1,LP,4.6495317284234625,2.143936866100143,s1162,2,"('s1162', 2)"
2,HP,5.080327170680642,2.1737573468066356,s1162,2,"('s1162', 2)"
1,LP,6.089986226649247,2.9799690927585596,s1163,2,"('s1163', 2)"
2,HP,8.99745030072867,3.8507894707893824,s1163,2,"('s1163', 2)"
1,LP,7.941194129757274,2.9294761221577033,s1164,2,"('s1164', 2)"
2,HP,10.464472911974493,2.8490080070438872,s1164,2,"('s1164', 2)"
1,LP,3.6830595971836217,2.1481478363443625,s1167,2,"('s1167', 2)"
2,HP,7.957412607120415,3.560925795061734,s1167,2,"('s1167', 2)"
1,LP,3.5298784882240355,2.173349444589591,s1168,2,"('s1168', 2)"
2,HP,7.097846219997349,4.093650170161854,s1168,2,"('s1168', 2)"
1,LP,8.285127818107695,2.8358535560234754,s1169,2,"('s1169', 2)"
2,HP,8.542189680562727,2.888450383067549,s1169,2,"('s1169', 2)"
1,LP,2.5549022836426287,1.1345804400328594,s1170,2,"('s1170', 2)"
2,HP,3.7311949612232893,1.0501293889723589,s1170,2,"('s1170', 2)"
1,LP,2.7304432511952426,1.208087426213725,s1171,2,"('s1171', 2)"
2,HP,4.388503094448033,1.4436385696751723,s1171,2,"('s1171', 2)"
1,LP,5.983324686791584,1.373192384172007,s1172,2,"('s1172', 2)"
2,HP,8.475355978933127,1.8824933686616707,s1172,2,"('s1172', 2)"
1,LP,6.237671182767893,2.15036670878017,s1173,2,"('s1173', 2)"
2,HP,7.615198359574971,2.431678024451483,s1173,2,"('s1173', 2)"
1,LP,10.581751759554686,3.0349261050618335,s1175,2,"('s1175', 2)"
2,HP,10.976506779582069,2.4928543231892286,s1175,2,"('s1175', 2)"
1,LP,2.569884309053318,1.2828741136849269,s1178,2,"('s1178', 2)"
2,HP,3.1085527268653705,1.4635602983064349,s1178,2,"('s1178', 2)"
1,LP,9.386742682116283,1.4016202882574005,s1179,2,"('s1179', 2)"
2,HP,10.924382842064905,1.3751667435752126,s1179,2,"('s1179', 2)"
1,LP,3.7465215419111075,1.8539965566727012,s1180,2,"('s1180', 2)"
2,HP,5.152820690616063,2.0089423309385843,s1180,2,"('s1180', 2)"
1,LP,6.041666012163455,1.9125981649240296,s1181,2,"('s1181', 2)"
2,HP,6.118737035011764,1.9733381756993584,s1181,2,"('s1181', 2)"
1,LP,8.65973146954005,1.4451269414808103,s1182,2,"('s1182', 2)"
2,HP,8.847128403922113,1.5495546241186995,s1182,2,"('s1182', 2)"
1,LP,8.032656065373194,3.9736193122645282,s1183,2,"('s1183', 2)"
2,HP,8.11194666317198,4.0169426693688965,s1183,2,"('s1183', 2)"
1,LP,4.040713505403687,1.7603443778719998,s1184,2,"('s1184', 2)"
2,HP,7.586190425460378,2.538072583144028,s1184,2,"('s1184', 2)"
1,LP,7.628482117634474,2.8747163812846757,s1185,2,"('s1185', 2)"
2,HP,7.876571594864153,2.959947747260458,s1185,2,"('s1185', 2)"
1,LP,5.398372780460225,3.8350067057604926,s1187,2,"('s1187', 2)"
2,HP,5.73293458631977,4.109256170981214,s1187,2,"('s1187', 2)"
1,LP,6.144483482048742,2.175916937500649,s1188,2,"('s1188', 2)"
2,HP,6.219896736682452,2.1563292430022942,s1188,2,"('s1188', 2)"
1,LP,4.476167567596454,2.6264642048945754,s1189,2,"('s1189', 2)"
2,HP,7.03680481754689,2.7373176073935817,s1189,2,"('s1189', 2)"
1,LP,5.401990800008027,2.459866510554746,s1191,2,"('s1191', 2)"
2,HP,8.742961077166727,3.52592024097383,s1191,2,"('s1191', 2)"
1,LP,3.4524489579481,0.4997068076199481,s1192,2,"('s1192', 2)"
2,HP,3.5008751188138794,0.45039141201497895,s1192,2,"('s1192', 2)"
1,LP,10.413939278793027,2.947038297401978,s1194,2,"('s1194', 2)"
2,HP,10.692657334347832,2.6283628579384333,s1194,2,"('s1194', 2)"
1,LP,6.28956163330769,2.147814221893779,s1195,2,"('s1195', 2)"
2,HP,8.191779197769835,2.903811289644152,s1195,2,"('s1195', 2)"
1,LP,10.478794260351558,2.066921706717958,s1197,2,"('s1197', 2)"
2,HP,10.982036309545524,1.6579687992664056,s1197,2,"('s1197', 2)"
1,LP,9.618993319615669,3.2785003992413166,s1198,2,"('s1198', 2)"
2,HP,10.33070770321024,2.8587546624817675,s1198,2,"('s1198', 2)"
1,LP,11.750904720546524,1.017142622788655,s1199,2,"('s1199', 2)"
2,HP,11.758980488277649,0.8995881656149978,s1199,2,"('s1199', 2)"
1,LP,4.224865687334137,2.0837226133741376,s1201,2,"('s1201', 2)"
2,HP,5.025431583533303,2.070179857837322,s1201,2,"('s1201', 2)"
1,LP,6.429554016997599,2.5148985475701435,s1203,2,"('s1203', 2)"
2,HP,7.987550113261446,2.1844565597872982,s1203,2,"('s1203', 2)"
1,LP,5.389432406620147,3.157011086537306,s1204,2,"('s1204', 2)"
2,HP,9.176162777276945,4.035927165250046,s1204,2,"('s1204', 2)"
1,LP,4.431845264203629,1.6458113593550645,s1205,2,"('s1205', 2)"
2,HP,5.927659395868485,1.3737379322535,s1205,2,"('s1205', 2)"
1,LP,5.3239903178397885,1.6337778763739987,s1206,2,"('s1206', 2)"
2,HP,5.351627646539848,1.6859853322596503,s1206,2,"('s1206', 2)"
1,LP,5.7597406938342175,1.7014750203652462,s1207,2,"('s1207', 2)"
2,HP,6.985304781817929,1.5379851794374841,s1207,2,"('s1207', 2)"
1,LP,7.740162284294156,1.7152953554379184,s1208,2,"('s1208', 2)"
2,HP,7.89396812615467,1.8821160053217383,s1208,2,"('s1208', 2)"
1,LP,3.7766167976834497,1.1621202367387227,s1209,2,"('s1209', 2)"
2,HP,5.57929191901939,1.4247702083042484,s1209,2,"('s1209', 2)"
1,LP,4.182769194517872,1.7732658262945633,s1210,2,"('s1210', 2)"
2,HP,4.379760691845592,1.6921098848452754,s1210,2,"('s1210', 2)"
1,LP,9.743183456102491,1.868867768240177,s1211,2,"('s1211', 2)"
2,HP,10.171698462023464,1.9383674879553243,s1211,2,"('s1211', 2)"
1,LP,5.387962829457573,1.6376537103174056,s1212,2,"('s1212', 2)"
2,HP,7.31665757687036,1.2552486736711441,s1212,2,"('s1212', 2)"
1,LP,7.696402073927722,3.715521322490047,s1213,2,"('s1213', 2)"
2,HP,8.169512467609895,3.721082233566309,s1213,2,"('s1213', 2)"
1,LP,6.725186347830632,3.294758816307059,s1215,2,"('s1215', 2)"
2,HP,9.833478758435618,2.9426611579561905,s1215,2,"('s1215', 2)"
1,LP,3.368894153351705,2.725488369194454,s1216,2,"('s1216', 2)"
2,HP,8.501056448779067,4.649181304504072,s1216,2,"('s1216', 2)"
1,LP,1.7557483858242295,1.111892589908968,s1217,2,"('s1217', 2)"
2,HP,3.196415952844868,3.5419822629415165,s1217,2,"('s1217', 2)"
1,LP,4.527675131311312,2.0768597838000638,s1218,2,"('s1218', 2)"
2,HP,6.006344296696151,2.1129278149922706,s1218,2,"('s1218', 2)"
1,LP,9.852609528892884,2.978917182439054,s1219,2,"('s1219', 2)"
2,HP,10.788871593408606,2.536310044033521,s1219,2,"('s1219', 2)"
1,LP,6.971818948532714,3.182952663049252,s1220,2,"('s1220', 2)"
2,HP,9.154780377934017,2.4774585189948644,s1220,2,"('s1220', 2)"
1,LP,7.314032297078333,3.904832083111568,s1221,2,"('s1221', 2)"
2,HP,8.007132819993393,3.6460333985096947,s1221,2,"('s1221', 2)"
1,LP,4.962953330943157,1.8474076964984598,s1222,2,"('s1222', 2)"
2,HP,7.951717752025854,2.5544274409344236,s1222,2,"('s1222', 2)"
1,LP,2.3451463422850787,1.0707438445980608,s1223,2,"('s1223', 2)"
2,HP,3.336763412092721,1.476376844833379,s1223,2,"('s1223', 2)"
1,LP,4.04581119804769,2.067369830002263,s1224,2,"('s1224', 2)"
2,HP,7.713666725141152,3.6156064597068562,s1224,2,"('s1224', 2)"
1,LP,11.536504446480766,1.6963703757837671,s1225,2,"('s1225', 2)"
2,HP,11.489895845475335,2.115598719743731,s1225,2,"('s1225', 2)"
1,LP,7.9954627223459624,1.4882727752270153,s1227,2,"('s1227', 2)"
2,HP,8.050616924274639,1.7128695001184997,s1227,2,"('s1227', 2)"
1,LP,6.342995657685182,2.419862597058093,s1228,2,"('s1228', 2)"
2,HP,7.133777734957117,2.379505395421485,s1228,2,"('s1228', 2)"
1,LP,4.593353181559484,1.5941870048682216,s1229,2,"('s1229', 2)"
2,HP,5.999687241482062,1.3881808996214409,s1229,2,"('s1229', 2)"
1,LP,8.005459978201301,3.140226347743654,s1230,2,"('s1230', 2)"
2,HP,8.295123873697253,2.9602078267281478,s1230,2,"('s1230', 2)"
1,LP,3.9787864443175716,1.9878508681743015,s1231,2,"('s1231', 2)"
2,HP,5.981104925326864,2.35352365239685,s1231,2,"('s1231', 2)"
1,LP,3.110441373903072,3.187700222096333,s1232,2,"('s1232', 2)"
2,HP,6.172546872578251,4.939848819836709,s1232,2,"('s1232', 2)"
1,LP,8.661392628380009,3.5530766894589787,s1233,2,"('s1233', 2)"
2,HP,10.474832061043049,2.9688744625105774,s1233,2,"('s1233', 2)"
1,LP,5.456988320494499,0.7924394969030637,s1234,2,"('s1234', 2)"
2,HP,6.083329393447707,0.7993074326848622,s1234,2,"('s1234', 2)"
1,LP,4.2330854664278394,2.360145739791449,s1235,2,"('s1235', 2)"
2,HP,8.059966881572226,3.032856878261025,s1235,2,"('s1235', 2)"
1,LP,3.618979105676707,2.123338239789463,s1236,2,"('s1236', 2)"
2,HP,6.681099635227819,3.3424868571166826,s1236,2,"('s1236', 2)"
1,LP,4.718133019095619,0.8993310104801544,s1238,2,"('s1238', 2)"
2,HP,4.759354286143356,0.9276141413037701,s1238,2,"('s1238', 2)"
1,LP,9.230779102372596,2.9467552615363877,s1241,2,"('s1241', 2)"
2,HP,10.248992557077726,2.44760538029603,s1241,2,"('s1241', 2)"
1,LP,9.067520822388591,1.5553440574113688,s1242,2,"('s1242', 2)"
2,HP,10.288039953510648,1.5170280819554227,s1242,2,"('s1242', 2)"
1,LP,6.981910332889811,1.8818086298386358,s1243,2,"('s1243', 2)"
2,HP,7.012758819577483,2.1007700654847037,s1243,2,"('s1243', 2)"
1,LP,7.03548388143404,3.242772743826469,s1244,2,"('s1244', 2)"
2,HP,11.112402966593518,2.3216959809059015,s1244,2,"('s1244', 2)"
1,LP,3.667956967218361,0.6119674427525199,s1245,2,"('s1245', 2)"
2,HP,4.244287505888819,0.683498200361955,s1245,2,"('s1245', 2)"
1,LP,7.430650535007667,1.1791739495390559,s1246,2,"('s1246', 2)"
2,HP,8.129929295797712,1.4549963216578596,s1246,2,"('s1246', 2)"
1,LP,10.81746989271515,2.3609950145520466,s1247,2,"('s1247', 2)"
2,HP,11.227690534943866,2.0407282738606427,s1247,2,"('s1247', 2)"
1,LP,7.765404545128661,4.135589785810003,s1249,2,"('s1249', 2)"
2,HP,8.315959602338582,4.113088104405966,s1249,2,"('s1249', 2)"
1,LP,9.5553930316188,3.573761953940025,s1251,2,"('s1251', 2)"
2,HP,9.844291043311554,3.2344567967511524,s1251,2,"('s1251', 2)"
1,LP,5.470636272422979,1.4341213572324623,s1252,2,"('s1252', 2)"
2,HP,6.293250053507907,1.2985210902678097,s1252,2,"('s1252', 2)"
1,LP,5.549573480099854,1.7225887742771,s1253,2,"('s1253', 2)"
2,HP,7.265281031738292,2.0074270695683576,s1253,2,"('s1253', 2)"
1,LP,1.2967266074866903,0.5420081913743175,s1254,2,"('s1254', 2)"
2,HP,1.5966302442835387,0.5594434613450157,s1254,2,"('s1254', 2)"
1,LP,6.295243320321447,2.759393132843814,s1255,2,"('s1255', 2)"
2,HP,9.835375945158116,3.1876369468581993,s1255,2,"('s1255', 2)"
1,LP,7.9963059560539635,3.80410544285211,s1256,2,"('s1256', 2)"
2,HP,8.315467831838422,3.7752627041442963,s1256,2,"('s1256', 2)"
1,LP,8.513079793024536,3.691073092650016,s1257,2,"('s1257', 2)"
2,HP,8.720560941851222,3.784337472555049,s1257,2,"('s1257', 2)"
1,LP,11.595753651156588,1.0660715650959207,s1258,2,"('s1258', 2)"
2,HP,11.786870043982328,0.8130449406386235,s1258,2,"('s1258', 2)"
1,LP,8.52311126045257,3.223201650010553,s1259,2,"('s1259', 2)"
2,HP,8.656978021482221,3.2463399883926174,s1259,2,"('s1259', 2)"
1,LP,5.692302943366572,3.100086589422755,s1261,2,"('s1261', 2)"
2,HP,6.9220244179491885,3.308614309771363,s1261,2,"('s1261', 2)"
1,LP,9.776381562890439,2.250793710554891,s1262,2,"('s1262', 2)"
2,HP,11.15011551327432,1.8087190723709117,s1262,2,"('s1262', 2)"
1,LP,11.742159879855297,1.3103058240378465,s1263,2,"('s1263', 2)"
2,HP,11.809219140707036,1.0131561104558342,s1263,2,"('s1263', 2)"
1,LP,1.584002929089166,0.7351717732595023,s1264,2,"('s1264', 2)"
2,HP,3.5579629635009633,1.093078285365487,s1264,2,"('s1264', 2)"
1,LP,6.227524612683811,1.2661095998796177,s1265,2,"('s1265', 2)"
2,HP,9.827793514204235,3.258243588626525,s1265,2,"('s1265', 2)"
1,LP,3.8202613834069608,2.102962568221356,s1266,2,"('s1266', 2)"
2,HP,5.349746742846868,2.7902534675206683,s1266,2,"('s1266', 2)"
1,LP,5.868623774392724,1.771462096097125,s1268,2,"('s1268', 2)"
2,HP,6.834802238520706,2.471914918984031,s1268,2,"('s1268', 2)"
1,LP,4.382964790865018,1.6488984053794808,s1269,2,"('s1269', 2)"
2,HP,6.3288976168834274,2.1359573480942857,s1269,2,"('s1269', 2)"
1,LP,4.076346909717745,2.56553716781137,s1270,2,"('s1270', 2)"
2,HP,4.91340643361431,2.738117908285218,s1270,2,"('s1270', 2)"
1,LP,5.7374981199208115,2.8562626220722525,s1271,2,"('s1271', 2)"
2,HP,5.725829948678556,2.961125428557774,s1271,2,"('s1271', 2)"
1,LP,1.1139693207213532,0.5412763857764211,s1272,2,"('s1272', 2)"
2,HP,2.096141605932056,1.1157134646001312,s1272,2,"('s1272', 2)"
1,LP,2.5125730793870042,1.6482249509159264,s1275,2,"('s1275', 2)"
2,HP,3.4644738757280082,1.900232112041835,s1275,2,"('s1275', 2)"
1,LP,10.663994514045736,1.2073947465277377,s1276,2,"('s1276', 2)"
2,HP,10.848768824734197,1.1673988285923431,s1276,2,"('s1276', 2)"
1,LP,4.767046891057344,2.576930608987072,s1277,2,"('s1277', 2)"
2,HP,9.397605310105693,3.782398030396725,s1277,2,"('s1277', 2)"
1,LP,4.81123774699584,2.341348696531735,s1278,2,"('s1278', 2)"
2,HP,7.831761784570977,2.8203101757996007,s1278,2,"('s1278', 2)"
1,LP,4.6495960387810396,1.930394786586555,s1280,2,"('s1280', 2)"
2,HP,8.290565035786418,2.578728751549444,s1280,2,"('s1280', 2)"
1,LP,7.782657899747773,4.098554032814573,s1281,2,"('s1281', 2)"
2,HP,8.428216160009,4.024849993862277,s1281,2,"('s1281', 2)"
1,LP,2.0222092087183445,0.7319813266478377,s1282,2,"('s1282', 2)"
2,HP,3.073031988274013,1.243839663701435,s1282,2,"('s1282', 2)"
1,LP,4.5051880786918455,1.4688166229623096,s1283,2,"('s1283', 2)"
2,HP,6.294920523691792,1.5212398668822624,s1283,2,"('s1283', 2)"
1,LP,9.594877634626732,2.179338441372624,s1284,2,"('s1284', 2)"
2,HP,11.218557622679615,2.217915801926012,s1284,2,"('s1284', 2)"
1,LP,6.554268704785488,3.74741652106363,s1285,2,"('s1285', 2)"
2,HP,6.946657497528491,3.6460391644377808,s1285,2,"('s1285', 2)"
1,LP,3.589835034364332,1.7952263404775035,s1286,2,"('s1286', 2)"
2,HP,4.216982335828395,2.024819205910529,s1286,2,"('s1286', 2)"
1,LP,8.802786767245138,3.3053081604686794,s1287,2,"('s1287', 2)"
2,HP,9.04102512923362,3.3435349389379803,s1287,2,"('s1287', 2)"
1,LP,2.6827912951797104,0.9961888170175334,s1288,2,"('s1288', 2)"
2,HP,3.1168396291453866,0.9230895791714545,s1288,2,"('s1288', 2)"
1,LP,4.345447574596002,2.1336279533902247,s1290,2,"('s1290', 2)"
2,HP,5.1007632402536105,2.2939412233696985,s1290,2,"('s1290', 2)"
1,LP,4.049160365569684,2.672943361085956,s1291,2,"('s1291', 2)"
2,HP,8.98472397759094,4.123059941871548,s1291,2,"('s1291', 2)"
1,LP,5.516387917773395,1.7956744318378928,s1293,2,"('s1293', 2)"
2,HP,6.758380526091298,1.7248948475365373,s1293,2,"('s1293', 2)"
1,LP,6.3373540781528845,1.788530082463837,s1295,2,"('s1295', 2)"
2,HP,9.631646312562083,1.644767246819145,s1295,2,"('s1295', 2)"
1,LP,3.3045343367391817,1.5641849925402753,s1296,2,"('s1296', 2)"
2,HP,4.123436496541124,1.5271918758643437,s1296,2,"('s1296', 2)"
1,LP,4.2201311610709515,1.2303165197868786,s1297,2,"('s1297', 2)"
2,HP,5.552544747793922,1.5331899366032133,s1297,2,"('s1297', 2)"
1,LP,5.378699398032975,0.885196841301618,s1298,2,"('s1298', 2)"
2,HP,5.583856572058016,0.9176599348686805,s1298,2,"('s1298', 2)"
1,LP,3.36838924521456,1.1731931084985459,s1299,2,"('s1299', 2)"
2,HP,4.438404907534698,1.273576791350239,s1299,2,"('s1299', 2)"
1,LP,3.352331597492384,1.4856661468994798,s1300,2,"('s1300', 2)"
2,HP,5.969149112890221,2.81686260624204,s1300,2,"('s1300', 2)"
1,LP,6.017778784345013,1.8394788570891454,s1301,2,"('s1301', 2)"
2,HP,6.720007919674766,2.1178499606500893,s1301,2,"('s1301', 2)"
1,LP,7.508056347065926,3.6361833372773944,s1302,2,"('s1302', 2)"
2,HP,8.2029155485308,3.4913256788098366,s1302,2,"('s1302', 2)"
1,LP,3.865733004174183,2.0697743846540644,s1304,2,"('s1304', 2)"
2,HP,4.432988550435923,2.2757444191260037,s1304,2,"('s1304', 2)"
1,LP,6.596015282280289,1.4034325752065249,s1305,2,"('s1305', 2)"
2,HP,8.418603047029588,2.4414148154952677,s1305,2,"('s1305', 2)"
