,NU,PU,PM,PS,SS,Attentional,Motor,Nonplanning,discount_logk,auc,std_wtw,auc_delta,alpha,alphaU,tau,gamma,eta
0,13.0,16.0,18.0,25.0,14.0,12.0,18.0,37.0,-6.146750686596859,6.028526475801822,3.04472447745274,3.844452682022665,0.026365258412733,0.00102074087089485,4.265655315441309,0.8456457958854585,1.2751719071271501
1,22.0,21.0,17.0,12.0,29.0,9.0,17.0,25.0,-2.7397799347102096,7.576397510460174,2.1440162814031405,4.068863976964304,0.0239915473759269,0.00077806812814725,6.11715086275741,0.840646459174167,1.06937594239556
2,17.0,15.0,16.0,11.0,31.0,12.0,21.0,18.0,-4.938035139442151,8.168941543962774,2.113525214807987,3.1930355778056576,0.0153625702069318,0.00108026484482285,6.8523106124663595,0.8557697409377475,1.1160744831152
3,19.0,19.0,14.0,19.0,22.0,14.0,16.0,23.0,-5.242633812407953,5.742276825738746,2.2640563152365294,2.2168528586101433,0.0332346779781107,0.0010808307286529501,5.283734768414,0.8592743713023445,0.97509412140896
4,20.0,16.0,11.0,13.0,16.0,13.0,17.0,27.0,-4.615140087212151,6.589061439470132,1.4835122158645713,1.5745767044033068,0.0097882034161404,0.00077432595501825,6.578710282314304,0.9133230514371824,1.2451616357829585
5,12.0,14.0,13.0,10.0,16.0,8.0,15.0,18.0,-3.9912415579653286,3.4861920190890694,1.0421510225598853,0.15959598696635258,0.0413510427774305,0.00078393970603665,4.433165156256425,0.8379535273795795,0.426406335658073
6,20.0,14.0,18.0,10.0,21.0,10.0,18.0,23.0,-3.9912415579653286,5.930731146243086,2.2486650814676348,0.768637192942657,0.0044452073939054,0.0010872485178904,4.59390529535561,0.8470995215422714,1.9033383969528264
7,45.0,40.0,31.0,14.0,23.0,12.0,31.0,29.0,-3.667986407800441,4.228306014110897,1.1348791357792725,-0.01033074908553222,0.005375700509884699,0.00044367319226215,6.450603298455976,0.9489744899590056,0.548531858744786
8,12.0,14.0,14.0,10.0,12.0,8.0,14.0,17.0,-3.0475578705002144,8.381227351009969,2.2021996786799005,2.319910997028078,0.0218660705033458,0.0040368690181456,6.440826219851475,0.8232701422000736,1.166631168845879
9,15.0,14.0,22.0,13.0,31.0,10.0,21.0,27.0,-4.30842465305103,7.625602051688805,1.6202118380548651,1.7950749595815605,0.0165701352389626,0.00094550271961055,6.63468872882666,0.7789707124060895,0.826000978771414
10,27.0,24.0,13.0,21.0,34.0,13.0,18.0,28.0,-6.994255851150005,4.224263708372575,1.7115761779072525,2.521714979182714,0.05735369998642925,0.0013426376765622,4.118717073636715,0.8023483567568095,0.58670086436932
11,36.0,35.0,29.0,22.0,41.0,15.0,27.0,24.0,-4.93591837824684,9.773782393798996,2.1556990657955764,-0.013369304753924283,0.0044043215492563,0.00375685691232535,6.372833991745235,0.9405853658392771,2.026001113811465
12,23.0,30.0,20.0,17.0,21.0,11.0,16.0,23.0,-6.751127700046942,9.742434521465443,2.8266800534936776,2.0939440514941134,0.01046447356561835,0.0098351423093314,5.71377862403322,0.8225041115775185,1.84636282611599
13,17.0,15.0,11.0,11.0,17.0,11.0,15.0,15.0,-7.6741645751708125,7.589396060511836,1.900530139112281,5.968667631916961,0.02963820680131145,0.00168043177802005,5.483997840007515,0.8369914735355385,1.406170632467788
14,24.0,17.0,20.0,14.0,19.0,12.0,20.0,28.0,-4.9178354126547426,7.080106014750955,3.121820799240427,0.8886336027772739,0.0033437502310374,0.0012696108146796,3.60727825347702,0.848782741197088,1.55517649897915
15,17.0,18.0,23.0,21.0,32.0,16.0,19.0,27.0,-7.060536879768903,5.560186428288341,1.4235471629350078,0.2387211247291976,0.00303940684830575,0.00166027826550185,5.7225865007191,0.8521219616270255,0.749076603212533
16,28.0,19.0,18.0,25.0,15.0,22.0,20.0,30.0,-4.615140087212151,4.256830769964585,1.3854389432366316,-0.8938846230861166,0.00179837272467965,0.0048581884700871995,4.987715405194195,0.909816277083734,0.644519924557383
17,14.0,14.0,12.0,13.0,14.0,13.0,22.0,22.0,-7.060536879768903,10.410822686472526,2.422954657378754,3.0110914691602106,0.0077407492348118,0.03429093481355205,5.506788162784475,0.8186687235536975,7.56430248329348
18,30.0,39.0,21.0,20.0,31.0,18.0,27.0,25.0,-8.135722184623791,6.004791520973497,2.440986035532293,3.8178705758819844,0.03403754561599545,0.0010936455204096501,5.15850198963474,0.8419010642754765,1.103763528740044
19,16.0,15.0,22.0,21.0,25.0,10.0,16.0,26.0,-1.6912232987168239,7.0555253568935274,2.7636957726881026,2.0488592598694857,0.01151440146470905,0.0015402031207173,5.100043527916769,0.881876169877683,1.47293872861992
20,21.0,26.0,20.0,12.0,25.0,13.0,16.0,25.0,-7.057961176799213,4.482459095301516,1.2151986376112887,-0.7012461600463151,0.00353000840075315,0.00040250051373595,5.2292911114602205,0.831145009194603,0.6029619776185104
21,25.0,21.0,14.0,14.0,24.0,15.0,21.0,23.0,-3.0514777908736224,7.771504582144703,2.3823631682811057,1.1369907293864614,0.0063262131198321,0.0026278517821396,6.03469981152277,0.9153170890001925,1.39485664653154
22,26.0,29.0,20.0,22.0,31.0,17.0,15.0,18.0,-6.146750686596859,3.63941222243157,1.425434171563851,0.4040661058537245,0.008173216745377899,0.00022555300411955,3.39764539441335,0.918701315573204,1.0057927890070795
23,17.0,16.0,16.0,25.0,25.0,18.0,18.0,26.0,-2.442074169337788,4.4292854002794275,1.9914116716865253,-0.17485490756472677,0.0051158709395731,0.0002581294597872,3.40573414648353,0.892446125894494,4.1305419349768036
24,13.0,14.0,11.0,11.0,18.0,9.0,14.0,16.0,-6.751127700046942,5.712166489173477,1.7298225557876208,0.4870218138931621,0.0028319986641276,0.00121811443303805,5.9290688175087,0.903411242518118,0.8559303258294815
25,24.0,28.0,22.0,21.0,22.0,11.0,14.0,30.0,-3.3602084720104366,3.8308406318119497,1.9640448584312313,2.267389257500893,0.0461667656702148,0.0021124697335413,4.03987227370718,0.821726217958745,0.859437782054074
26,31.0,19.0,15.0,13.0,27.0,16.0,14.0,24.0,-3.996726796887618,4.874013531147388,1.7053699801496731,-0.341354724383381,0.0079105468024545,0.0006869937232259,4.29880404732468,0.7556266823352025,0.8086441440738436
27,29.0,36.0,29.0,23.0,27.0,17.0,23.0,27.0,-8.751473627018223,8.256260801943094,2.9075937581682556,2.749554530990206,0.013557573531038,0.00831449952197535,5.8307806332634105,0.864615464336555,1.29336525165301
28,20.0,17.0,19.0,10.0,26.0,10.0,18.0,20.0,-5.54996881720391,11.294342974539008,2.1525362498522957,0.9356085173251447,0.00390657631085575,0.036472077749845,6.062109791648975,0.776649113102755,7.093404691462685
29,21.0,14.0,14.0,15.0,15.0,26.0,13.0,27.0,-5.227238479775541,5.028105650329533,1.6962014122637732,-0.05661254327015364,0.00531957867807855,0.0004635259108842,4.738576436926875,0.981409197118327,1.057956300322225
30,28.0,38.0,26.0,23.0,31.0,20.0,30.0,27.0,-5.537566200726799,3.6672460687070325,1.1029960019483611,0.4430980456408429,0.00914991437980825,0.00094989773494345,5.944171665997275,0.9057928047829691,0.4981067636732005
31,25.0,19.0,20.0,10.0,28.0,13.0,18.0,17.0,-6.156361365224172,5.585477633220613,1.4936095087493828,1.3917636334231411,0.01409626178573695,0.0010786925436537002,5.99881136364202,0.8634492955891035,0.775287675168831
32,15.0,16.0,15.0,14.0,17.0,8.0,19.0,17.0,-6.758359806259969,6.763972170491538,2.9682700441063665,1.4868299784238654,0.0054564765555343,0.00482397911761895,4.154393740924405,0.830545783852225,3.153805545937272
33,15.0,14.0,11.0,15.0,18.0,10.0,14.0,19.0,-6.44376970469036,7.064240574217452,2.8045136539257793,2.693167268733523,0.0221822288372691,0.00044199836855715,5.002383399404275,0.847315879331872,1.407339653451795
34,22.0,15.0,12.0,15.0,12.0,16.0,17.0,18.0,-6.146750686596859,5.418717973645126,2.193960664896731,-0.6218050931064165,0.0013256155176634,0.00149684864507045,4.3758022184129395,0.9098730558393235,1.0219429950237826
35,31.0,20.0,20.0,18.0,22.0,13.0,16.0,24.0,-3.667986407800441,6.194341027418389,2.7887310023784924,3.0974456987068337,0.02975491419950625,0.00147955766812145,4.94107887853772,0.8476682519323095,2.1991029263929263
36,35.0,36.0,27.0,26.0,45.0,21.0,22.0,25.0,-2.1389790475323194,7.88907378985377,2.295810113163113,2.399350120002735,0.012698165225289201,0.00123385102571225,5.4121683953786555,0.9049015635432145,2.162088595597255
37,37.0,30.0,23.0,22.0,22.0,18.0,23.0,35.0,-1.3921913702857978,9.891750107583508,1.9633158085592883,0.918818267332453,0.0105798082239855,0.00149599988172495,7.051799590718,0.9209453708050306,2.12238274578499
38,16.0,16.0,17.0,10.0,25.0,10.0,16.0,23.0,-6.456159866318824,5.51696545137278,2.4783148053791764,0.49539418152953907,0.0055995497565714,0.0011619956674383,3.8408759712013403,0.7906593414711935,1.0828845521454216
39,16.0,14.0,20.0,21.0,14.0,13.0,15.0,27.0,-3.0731072552926797,9.385283428724403,2.097915214991032,0.8831432346200243,0.0052995127780989,0.00333702715467725,6.132512318357721,0.8497931419733925,1.9110191677292199
40,12.0,14.0,15.0,11.0,35.0,12.0,17.0,22.0,-3.679543701801917,11.058197278539138,1.5692013171117813,0.31818210958839277,0.0077929141416602,0.0126728747451493,8.838532734477921,0.8767793119156295,1.49381706176299
41,13.0,15.0,11.0,13.0,19.0,8.0,13.0,19.0,-1.840307295827524,4.754540609179502,0.9182768622558293,0.47371106143259745,0.0038809931044683998,0.0007183624207442001,7.06808926665294,0.8591280387776206,0.54560960957142
42,14.0,14.0,13.0,11.0,24.0,12.0,14.0,19.0,-5.839415681800902,8.898656649092612,3.217073300638181,2.177618283254171,0.00681686737157295,0.05468891319993685,5.169383390857956,0.9403128525661459,6.572761028818349
43,30.0,15.0,18.0,23.0,16.0,19.0,25.0,23.0,-5.839415681800902,6.5288530661323225,2.542418549744192,-0.9963443662988078,0.0027220053821649997,0.0036997750883841,4.2859044410698,0.906258042576917,2.0239078714063394
44,15.0,14.0,13.0,11.0,23.0,11.0,16.0,16.0,-3.679543701801917,6.5932423342321265,2.54209240061907,0.7232165131319075,0.0045721146316552,0.00261466337319325,4.919637090604885,0.92704758958341,1.2591115552421952
45,16.0,16.0,21.0,11.0,22.0,12.0,18.0,22.0,-4.297150038549828,6.366641774324193,2.3757845222531477,2.082541374346733,0.0101250357791384,0.00164930431780515,4.956637257932055,0.8870559352627885,1.1988800563492599
46,15.0,17.0,15.0,12.0,31.0,9.0,21.0,17.0,-3.9912415579653286,4.977066140125175,2.466732073773308,-0.21840306732270998,0.01879577083831605,0.0138334516346331,5.05561586005365,0.9038642522694675,0.9589884281394
47,27.0,28.0,20.0,18.0,26.0,12.0,20.0,22.0,-5.539617180706257,5.427320961230226,2.3082042890137213,2.760805214573699,0.013424972746940999,0.0008199274882116999,4.55951912346994,0.8864062322874805,1.13973360243084
48,23.0,20.0,21.0,20.0,25.0,12.0,21.0,24.0,-4.30842465305103,7.0826058751191265,0.9882860733473218,2.8101382276823785,0.011232969026322301,0.000745650621612,7.90371028657729,0.852543217086016,0.8118453454142175
49,26.0,27.0,17.0,12.0,36.0,16.0,21.0,21.0,-3.9912415579653286,7.280137188334237,1.6874038394816835,0.8750135834223385,0.0092100358172716,0.0021373783775556,6.55747223945263,0.8634913269197495,0.8974302237264186
50,14.0,16.0,20.0,13.0,36.0,8.0,21.0,21.0,-3.9912415579653286,9.264483168015879,2.537311313460664,-0.8684170024021443,0.0039866855537389,0.00347437717868785,5.4625340757386045,0.7780801457101925,1.960379330728215
51,17.0,31.0,13.0,12.0,33.0,11.0,21.0,27.0,-3.679543701801917,8.968517593542995,1.9281544641485617,-0.9050239380762832,0.00411905876392995,0.0044930201059633496,6.95545523722347,0.8867782645703205,2.4237128285626586
52,32.0,29.0,22.0,20.0,30.0,18.0,24.0,26.0,-2.1434024176329927,6.265220122451488,1.729414312572095,-0.33584075348671805,0.0056625093782357,0.0011845040329740001,6.100972473834255,0.9453233480723645,1.0598033261033084
53,13.0,14.0,18.0,11.0,26.0,13.0,20.0,19.0,-5.839415681800902,5.288432797257772,1.595616918356527,1.2003439729007113,0.0098704777492778,0.0009504573608207999,5.68081887701161,0.897112387518323,0.7659223101233019
54,26.0,28.0,18.0,12.0,41.0,15.0,20.0,26.0,-8.751473627018223,8.089712521184959,2.2942973424555135,2.3250744363297473,0.0138448881570409,0.00250502667431205,5.891972867093084,0.8558146074572586,1.17183204993791
55,14.0,16.0,15.0,13.0,19.0,11.0,16.0,26.0,-4.615140087212151,3.313924604713306,1.5016690046614507,-0.3947539218658276,0.0104161916863197,0.00112916878036995,4.14710201424243,0.9206589265877996,0.5915507781885925
56,21.0,14.0,13.0,20.0,28.0,15.0,17.0,20.0,-6.44376970469036,4.614019682665317,2.016796053888588,1.7118832124997978,0.02178298743822345,0.0005419984034135,4.321374074446865,0.8996068382984634,0.8357210549456959
57,20.0,16.0,19.0,10.0,35.0,11.0,18.0,20.0,-7.3683349133543485,4.581253912662769,1.0256213102028746,0.7807277534153885,0.0245316348304453,0.00098163329192905,6.42572352559653,0.781643815360517,0.4648978985565315
58,21.0,26.0,17.0,13.0,31.0,10.0,13.0,21.0,-3.671273842394984,5.287813506925515,1.9201148134364534,0.19053077125394235,0.00162402818557135,0.00135080994467555,4.20979957583897,0.791549120645627,1.4432680659632187
59,19.0,25.0,14.0,15.0,17.0,10.0,18.0,23.0,-4.615140087212151,7.147316182346902,2.126307280219417,4.531004335705735,0.022559287109680498,0.00146009677611855,6.245739601216205,0.8594908540885845,1.04680211045409
60,30.0,25.0,21.0,12.0,37.0,13.0,21.0,22.0,-2.7498521051277915,4.461113389515682,1.4763453744389647,0.0478096407066837,0.00305541671199045,0.00126801510330825,5.176856876710315,0.974867285807635,0.67570339318735
61,28.0,20.0,25.0,18.0,39.0,12.0,27.0,23.0,-3.995066246381335,5.404725682629776,2.4315763833107074,0.5444237385615815,0.01474781437344565,0.00086321723392365,4.030188505622835,0.839658490275961,1.22425995345644
62,26.0,28.0,17.0,15.0,23.0,16.0,22.0,26.0,-6.456159866318824,9.038648996777289,2.017018843887067,1.9880851600523792,0.012018954796018399,0.00450811517855025,7.773535733069631,0.8567731566079055,1.049200925403913
63,23.0,15.0,14.0,11.0,16.0,13.0,18.0,19.0,-6.753178884412317,5.981387364453151,1.2861896753761193,1.0996218464229308,0.0327725303390373,0.0037159880226645,7.4682183774080855,0.7648052008594259,0.49781503246409753
64,39.0,30.0,30.0,32.0,27.0,20.0,23.0,30.0,-7.366366541585366,6.609917626288876,1.7943394103010861,1.8897904727639196,0.0096926877005045,0.00196021061551435,6.4517336975774295,0.9045892847348395,0.8687734492181369
65,15.0,14.0,11.0,12.0,37.0,19.0,13.0,21.0,-2.1389790475323194,6.9284989370279115,1.6343751051259328,0.07596014548638808,0.001291925792463,0.00141664167695825,6.57436956288032,0.8464186791449511,0.8639082981426209
66,16.0,16.0,13.0,11.0,24.0,10.0,17.0,22.0,-4.30842465305103,7.724747412413436,1.9132068834553444,1.4141259862774929,0.0060647837365477505,0.0031795793134723003,6.1512423876268905,0.8947951778476805,1.15901081860337
67,23.0,21.0,16.0,11.0,25.0,12.0,18.0,26.0,-3.3592557266636263,8.797703602140794,2.1622861220431537,-0.2706250310125293,0.0028182286867958,0.00327940697943705,6.89446314206867,0.9637987661487615,1.436533807079285
68,36.0,42.0,24.0,23.0,32.0,17.0,25.0,26.0,-6.146750686596859,8.462308826666494,2.1473398724710013,3.3574015880944446,0.03952781224151505,0.0046806151058304,7.00728241844897,0.852712286398606,1.3446125428633688
69,36.0,25.0,11.0,24.0,17.0,21.0,21.0,31.0,-7.675735851378194,5.256344363480508,1.0441155600133678,-0.0916422585730885,0.01025633814670095,0.0006130504652455501,6.11182551962406,0.7827100170671645,0.5947228398008859
70,36.0,17.0,20.0,15.0,22.0,17.0,26.0,25.0,-3.0475578705002144,4.323676740644336,1.5285500421092446,1.4076140173096792,0.02977380519916635,0.00071093168994465,4.895360842470235,0.837330492905455,0.5694106040128225
71,20.0,19.0,12.0,16.0,28.0,13.0,18.0,21.0,-3.0475578705002144,5.631400755046044,1.9773936599726527,-1.1399330661255123,0.0112503508312488,0.0005490011441952,4.29838782285962,0.9163880732822565,1.3714420663455176
72,23.0,15.0,18.0,15.0,20.0,13.0,17.0,23.0,-3.9912415579653286,6.127796185373672,2.3708516370311283,2.485200864769047,0.00910582743584955,0.00046733429946245,4.5368438026268,0.8873465231896935,2.642053094370646
73,13.0,14.0,18.0,11.0,44.0,8.0,19.0,22.0,-3.356288551637029,4.425656308826467,1.637287726730416,0.6193940586791533,0.01008910587858655,0.00069149689994275,4.19875765244965,0.896817744800749,0.8871210896639555
74,22.0,19.0,18.0,28.0,25.0,20.0,18.0,24.0,-3.9862591359630324,3.2321474218097856,0.8026862372242081,0.27489885224429145,0.00871295465687545,0.0008017700063367001,5.864501726105695,0.8968281440743175,0.37102330310317
75,27.0,20.0,16.0,15.0,40.0,11.0,19.0,22.0,-3.0475578705002144,5.5805117604724455,2.194498106549781,3.2185650293853723,0.0181057730192684,0.00091636983259485,4.5649719545628304,0.8621903495133825,4.095706066623219
76,20.0,14.0,22.0,19.0,22.0,13.0,18.0,20.0,-8.751473627018223,8.808201274341203,2.724042606721367,0.8794558746721046,0.0057261819588163496,0.00238428249891565,5.666932737288111,0.9405159920294195,2.663434837635285
77,27.0,33.0,18.0,22.0,29.0,14.0,21.0,22.0,-3.9912415579653286,8.821971964932791,2.460843511255498,2.1527422851993006,0.022946325475164852,0.00813479297301655,6.25292560797002,0.8440653198171799,1.409110666925296
78,13.0,14.0,13.0,10.0,30.0,10.0,15.0,23.0,-6.146750686596859,6.702379610611721,1.0165776549474954,-0.9872416689347192,0.0008112831100862,0.00050356057660765,10.0969105009554,0.807692639074392,0.764829147371339
79,22.0,17.0,19.0,14.0,31.0,14.0,20.0,20.0,-7.6741645751708125,10.648856137723094,1.2214342681576587,2.137637541403631,0.00914458316962165,0.023205397991843502,8.086293958586015,0.785529370027489,1.63144362679371
80,19.0,15.0,15.0,14.0,29.0,10.0,16.0,17.0,-4.938035139442151,3.721128596789847,0.9565640069438177,1.0403498475426873,0.017560880035168848,0.0008278189217392499,6.07533930635285,0.8371369812003815,0.45606275654355
81,24.0,17.0,22.0,15.0,29.0,12.0,23.0,24.0,-3.0475578705002144,7.4148080700035575,1.7569709307188976,1.3151665288226435,0.00523685801481655,0.0016792729480319501,6.235958503358026,0.8347776466364194,1.107880382312676
82,12.0,14.0,13.0,11.0,19.0,8.0,14.0,15.0,-7.3683349133543485,11.51422488480119,1.2547244918100886,0.0225986584912663,0.00157668711832375,0.0231571106294866,7.206241788478855,0.7707280411466806,2.7379933313372202
83,28.0,23.0,12.0,13.0,37.0,12.0,18.0,23.0,-4.615140087212151,6.425247535945413,2.075465316353636,0.5418975288310501,0.019445319825112148,0.00050995754678715,5.00340727777602,0.85876759749473,1.0527332537799305
84,34.0,27.0,19.0,24.0,17.0,20.0,17.0,29.0,-7.45575271159966,7.452325520277659,2.9612732015137175,2.9472903101919172,0.002067078424726,0.024359921613043598,4.03593788263614,0.8351127394079925,7.892399368799099
85,20.0,18.0,22.0,20.0,20.0,13.0,15.0,28.0,-3.3602084720104366,5.614121860979392,1.2032902222031163,1.1204492322134816,0.0088934700150581,0.0007846538776603501,5.746622410536805,0.8013714666597684,0.646607527013874
86,36.0,22.0,13.0,13.0,18.0,10.0,19.0,24.0,-3.667986407800441,6.70864929936226,2.656231943970764,5.995354714297298,0.042580557467639654,0.00158455826221125,4.876029220131921,0.8318266837333286,1.266225354146165
87,24.0,28.0,25.0,22.0,25.0,8.0,14.0,17.0,-8.751473627018223,4.395649472740724,2.216899741913402,1.291079812004051,0.0090947216646602,0.01344444795202705,4.446910189797425,0.927234285133458,0.8211925050217366
88,23.0,16.0,22.0,11.0,22.0,10.0,24.0,28.0,-3.0475578705002144,10.138169618297356,2.2066735734477647,2.4958237210791947,0.0306287978142737,0.15211089101445874,7.443121928877245,0.810037643215362,5.7078539716688
89,26.0,18.0,17.0,17.0,23.0,12.0,22.0,23.0,-6.456159866318824,7.508925131270047,2.571942569045455,3.9904540120449754,0.0199607337722568,0.0028868108502917997,5.6143507633168195,0.8406162725469375,1.045317009171365
90,29.0,24.0,22.0,18.0,25.0,13.0,19.0,26.0,-3.679543701801917,6.063245278957841,1.792571221977062,2.2253089164239603,0.012845711808616149,0.0005973490919632,5.35466667574692,0.8956461856105971,1.2807855340162035
91,22.0,22.0,20.0,16.0,29.0,16.0,16.0,29.0,-6.751127700046942,4.60946666300682,2.1275000836115625,3.071014700976945,0.040098084682276006,0.00124730236530605,4.63146448582089,0.853207104475658,0.7794882091380705
92,29.0,15.0,12.0,19.0,14.0,18.0,18.0,29.0,-3.0475578705002144,5.713237969141842,1.1868779714841513,0.1280091810219206,0.0037968676408052502,0.0011560591872341501,7.695329521982201,0.9306124263163835,0.6897550993748596
93,13.0,14.0,25.0,15.0,17.0,16.0,21.0,23.0,-5.242633812407953,7.375682417485754,2.2470274409052067,3.6082362645181805,0.022307324276571852,0.00126904652240285,5.7118590340125746,0.8285172495474455,1.01239267782285
94,17.0,16.0,14.0,13.0,19.0,15.0,18.0,22.0,-6.753178884412317,7.5371770264592985,2.5979629990492943,5.585257042381016,0.04155885865659585,0.00501656793362545,5.55554364677381,0.8287399029684059,1.157574715233225
95,18.0,15.0,21.0,20.0,34.0,14.0,20.0,25.0,-2.7498521051277915,9.37687569320289,1.5675941612378832,0.7260616620950051,0.0050626975655716,0.0070345707890569495,9.820770410611765,0.9322978334203205,1.179664687660459
96,17.0,22.0,15.0,13.0,24.0,10.0,18.0,21.0,-3.356288551637029,4.85292143047018,2.0787754188823464,0.6054763912133518,0.01137199179064315,0.0007088685084805501,4.391686522172035,0.9129643808505875,1.207085695398963
97,20.0,26.0,13.0,15.0,22.0,9.0,16.0,16.0,-7.981565513194658,6.272341463427415,1.8365824536205153,0.3944699450934581,0.00539243284327035,0.0006859710967422,5.472147785061216,0.9557188856828315,1.21611352907955
98,25.0,30.0,14.0,19.0,20.0,16.0,13.0,27.0,-5.54996881720391,7.473906638689613,3.036227692177465,3.201609268527329,0.020856786267985,0.0011881857201066501,5.108474754199586,0.8635609510272599,1.754706003417415
99,12.0,15.0,11.0,10.0,34.0,11.0,12.0,14.0,-3.370813020665102,6.172685335611662,1.2731883494841605,1.18716048054773,0.005674127393384951,0.00034239725093279997,5.812489972142615,0.9428573340278545,1.0276452011015667
100,12.0,15.0,17.0,12.0,43.0,8.0,16.0,17.0,-4.30842465305103,7.373576787034928,2.305921888898853,1.1603056155974851,0.0104567166095389,0.0010940737915282,6.051716155437095,0.9294725232843,1.41205449458407
101,27.0,28.0,20.0,18.0,35.0,15.0,17.0,26.0,-3.0475578705002144,6.560469439859325,2.073154653226172,-0.11311863957815582,0.004432651570968451,0.0012529298915639501,6.136948035411935,0.977687729244453,1.1148194472958548
102,24.0,19.0,21.0,23.0,18.0,15.0,25.0,30.0,-4.6313197052810295,5.010587346062105,2.639112348419335,2.0641310207535923,0.01826628695210425,0.00070639859129815,3.8098014111207004,0.886643601872714,3.478012622072242
103,32.0,32.0,26.0,21.0,33.0,16.0,25.0,27.0,-3.996726796887618,8.532629657508851,2.5924051157092727,3.7296733736096486,0.017745284445436202,0.0027982358310222003,6.447680626318025,0.859398342626669,1.3031917274714448
104,44.0,20.0,31.0,29.0,14.0,18.0,29.0,36.0,-5.539617180706257,4.70066203497848,1.8499594898280547,0.06061466552071204,0.0074133395079799495,0.0007679182014864,4.647384100153454,0.901094310496225,0.7678806473275135
105,25.0,30.0,25.0,20.0,31.0,18.0,23.0,30.0,-4.6313197052810295,7.586061490250373,2.669082669672095,4.202756237761451,0.015333341010266548,0.00108297442291855,4.81104789774213,0.9059005057872365,2.79352984418952
106,12.0,15.0,11.0,11.0,23.0,11.0,16.0,23.0,-6.146750686596859,7.66611404054372,2.188706283607612,1.4044003504705742,0.0097139563458197,0.00078245912930495,4.688398142999085,0.8384031782555585,1.87710205119644
107,33.0,22.0,29.0,12.0,32.0,19.0,22.0,33.0,-7.366366541585366,6.365696866090518,1.8975395275815945,2.492335840234879,0.02036228227531895,0.00401941127335135,6.2955880181023005,0.8913582037108385,1.07067114181965
108,35.0,30.0,19.0,17.0,28.0,14.0,18.0,26.0,-2.5219469840831197,5.592323185685009,1.7777548758356982,0.7826447445916531,0.00967663497548595,0.0014273955003465,5.737927924932425,0.9162755098812014,0.8096984294805625
109,19.0,15.0,12.0,14.0,16.0,14.0,15.0,27.0,-6.44376970469036,7.20887724731042,1.7390409020790536,-0.1628375516911782,0.00328502161630345,0.0014359306934987,6.135356069284705,0.761055533551117,0.894450058899023
110,18.0,15.0,27.0,14.0,47.0,11.0,27.0,26.0,-4.30842465305103,6.8765341139674305,1.5042239890730789,3.2896804894387897,0.0131193156201234,0.0012700082546650499,6.579483921004185,0.853759347584478,0.8823004359223335
111,26.0,30.0,29.0,19.0,42.0,17.0,25.0,23.0,-3.3757658813503095,6.845006880890869,1.9230730696753469,0.7577618511403452,0.004912734697893949,0.00098145856723185,6.004303121748515,0.955971464949583,1.3526337176836494
112,17.0,24.0,21.0,14.0,32.0,12.0,21.0,20.0,-5.216722128476244,8.04603736943687,2.618044699897667,1.7348298669272442,0.01289913975902495,0.00251603775286145,5.823188326018655,0.8775817046824985,1.33796044755193
113,14.0,15.0,14.0,14.0,24.0,10.0,15.0,19.0,-7.982002278723731,9.687342792185774,2.3627476888026986,0.024674563389234017,0.0051024018451444,0.009788894544420251,7.057343151726815,0.797573213631015,1.33278701762869
114,13.0,15.0,23.0,18.0,29.0,11.0,18.0,24.0,-6.44376970469036,5.38906826284129,1.617975101691881,1.1170396530384887,0.0144055959215102,0.0011670249306193,5.47725652971573,0.8458996962015655,0.7308065452166486
115,19.0,17.0,23.0,10.0,29.0,16.0,22.0,23.0,-7.060536879768903,6.421258443597077,2.377393420194976,4.086379142124409,0.041428764804250146,0.0008710057906020001,5.478373623314875,0.8053188770852211,0.7664212999598374
116,22.0,22.0,22.0,17.0,24.0,12.0,21.0,24.0,-4.293090879350648,3.019675138309018,1.1838012640835114,0.4470957381898746,0.0104094193291149,0.00032871957973185,4.723128160559581,0.918765628493621,0.4318187793801725
117,15.0,16.0,11.0,18.0,14.0,13.0,18.0,25.0,-7.3683349133543485,9.69097796546339,1.9862454628775434,0.984418046014004,0.0064887472568864995,0.00461814233705965,7.145413957252285,0.880948775277234,1.4398559931647799
118,14.0,18.0,14.0,11.0,38.0,12.0,21.0,16.0,-3.356288551637029,5.919006186751346,2.4416716448522333,1.3540632326774233,0.011458610966740201,0.0009450567605027,4.5031779448323555,0.8942493545868275,3.3822730642212897
119,27.0,19.0,20.0,17.0,27.0,13.0,23.0,25.0,-4.30842465305103,7.358449477836448,2.3579139260870563,4.529399665149696,0.0227104451339231,0.00185149647502155,5.118101737932941,0.8316550083633295,1.1728480078771701
120,17.0,20.0,12.0,13.0,16.0,16.0,19.0,23.0,-6.456159866318824,7.115035206179674,1.6717824101018857,-0.8070763215806434,0.0012849256709982,0.0013192455149515,5.97237119261143,0.8822405386618279,1.019499395945096
121,28.0,24.0,36.0,15.0,41.0,18.0,27.0,28.0,-7.3683349133543485,10.290630536613303,2.8777211275153176,1.8195201562669832,0.0079695652169309,0.00581865986032465,5.46679139793189,0.7758190417176805,2.6870620693783502
122,31.0,18.0,21.0,22.0,17.0,18.0,24.0,33.0,-4.6102739744363515,9.209074142981887,2.5583868762775497,-1.0843200738095442,0.0018618860747717,0.00379962937153625,5.726191548213325,0.8040369026902026,1.550514982560075
123,17.0,15.0,12.0,10.0,31.0,11.0,17.0,23.0,-2.2181962934360033,4.4982237227668325,2.203952235854001,1.3431300251003393,0.0081599278567081,0.0010859415071675,4.044264202466995,0.923134038187249,2.007495981982507
124,15.0,14.0,22.0,23.0,17.0,15.0,18.0,26.0,-2.2839696909079663,3.197334300551554,0.9797165029093193,1.0752712641840307,0.0473358244304745,0.0001849880650891,4.46788613057555,0.8538342881006189,0.46998587598071295
125,30.0,16.0,11.0,14.0,13.0,20.0,15.0,16.0,-6.141592631181374,6.316398915436512,2.088890530190699,1.264807616396432,0.012312186657578699,0.00070165450393335,5.566156966905715,0.9164763773078639,1.0865882462660639
126,25.0,29.0,22.0,20.0,23.0,17.0,16.0,28.0,-4.615140087212151,7.996473629882108,3.1185483087470063,0.3663113307712491,0.0030505902094251003,0.00152406394727405,4.0196862710673145,0.8066321290814825,3.114478217025495
127,24.0,14.0,19.0,20.0,26.0,12.0,19.0,23.0,-6.456159866318824,9.294018203103196,1.1632862255850929,3.1498128974344657,0.026787103412988948,0.0015006723704821,10.0769563409144,0.8367061341558566,0.963576003632401
128,25.0,21.0,24.0,19.0,29.0,15.0,26.0,29.0,-5.54996881720391,8.147413013662716,2.532494812689592,3.74932200785926,0.0097656311218201,0.0022763090810589,5.377118747556995,0.8936486679614035,4.415265315727095
129,18.0,16.0,18.0,16.0,15.0,11.0,18.0,31.0,-2.294041861325549,4.518876537259863,1.5888122959092295,0.4671551016610289,0.009830526768211851,0.00061905775719085,4.601854840496845,0.874764346423428,0.711876122866847
130,42.0,25.0,17.0,22.0,16.0,14.0,22.0,25.0,-4.938035139442151,4.498169144106053,1.04131563541677,-0.2692979904537367,0.0112849718137033,0.00046478497374570005,5.914833890506285,0.8110065560910711,0.5087981855249369
131,13.0,14.0,14.0,10.0,29.0,8.0,16.0,20.0,-4.302132460552128,7.6945178222296615,2.4622099989798154,2.367725846560746,0.0247290208250212,0.00662724294733335,6.243923643288975,0.895883783669166,1.196192963592487
132,17.0,15.0,11.0,12.0,16.0,17.0,15.0,21.0,-4.303442231048738,8.059753343760478,2.438598644551541,3.7579859527927195,0.0192196983519702,0.0017237722258395501,5.74161225526986,0.8637677974207005,1.40678897048316
133,28.0,19.0,20.0,20.0,32.0,17.0,22.0,30.0,-4.615140087212151,4.058318361842259,1.849356597197068,-0.8271557502036135,0.0184302894509858,0.00093011360207465,3.254913367165085,0.845733422368447,0.8072950044147296
134,14.0,15.0,13.0,11.0,26.0,9.0,17.0,18.0,-3.9912415579653286,4.661162113840939,1.2530737115415045,0.30302990159367216,0.0208821124721224,0.00036092225685910003,4.232487210127865,0.8819842226055625,1.120517156631466
135,25.0,18.0,17.0,11.0,43.0,12.0,18.0,23.0,-3.667986407800441,7.886831724377695,1.1802150689996467,3.626234329022389,0.0284616292199739,0.00230761064484355,8.656494720856895,0.8287267988459366,0.871821240812662
136,16.0,16.0,16.0,13.0,31.0,13.0,23.0,20.0,-4.6313197052810295,5.38094921042456,1.9864531505050949,0.5827374161125523,0.004538299489191849,0.000528206761841,4.57872209972171,0.9332567725372896,1.0105871037619885
137,20.0,15.0,17.0,14.0,19.0,14.0,20.0,16.0,-8.751473627018223,7.757386189653869,2.5594007527449865,1.7905563021151116,0.0077685345430479995,0.0020664485021746498,5.61149740080657,0.8893631836211765,1.320884961099915
138,22.5,24.0,16.0,18.0,23.0,12.0,17.5,21.5,-5.843183933651558,5.986100714995626,1.7853517958822316,1.612287535690884,0.0083420447510763,0.0010146317993562,5.362465737495755,0.9043712839330705,0.9938711364266131
139,17.5,20.0,12.5,11.0,40.0,17.0,21.0,17.5,-7.368356384687963,7.815645975705026,2.3279303301403074,0.7886810061102765,0.0043378739713517,0.0658828416816263,5.15151661942717,0.7289124065644415,9.364237680095119
140,14.5,18.5,12.5,10.0,18.5,12.0,18.5,19.0,-8.751473627018223,6.718701407177521,2.1357695363221447,0.3183932179589304,0.0051771435042531,0.00117008447340695,5.4839763497633705,0.9445066161502935,1.447958491644855
141,30.0,33.5,27.5,23.5,28.0,19.5,27.0,26.0,-1.885467476288139,5.906308617623325,3.1247596390491355,2.363180362235421,0.00603259276743125,0.0008844030521096501,3.59858917362212,0.909071915635276,3.29751467056868
142,21.5,19.0,17.0,14.0,25.5,9.5,17.0,20.0,-6.151556025910516,11.431705426763516,1.983368303194045,0.21815926412002185,0.006653507163123049,0.0119345323889005,6.912285602926035,0.7645280189656336,2.46140206852621
143,19.0,14.5,22.0,20.5,21.0,11.0,16.5,27.0,-7.981565513194658,5.949297045104883,1.29704792002422,1.9654821732503578,0.0181061286388487,0.0010259233866699,7.277905517085585,0.8194437305138165,0.608120829801969
144,12.5,15.0,12.5,12.0,24.5,8.0,15.0,17.0,-8.597399349069823,4.829381669860343,2.2016704111100576,2.8027108913774947,0.0280692995078422,0.00027774301420685,4.411854697231989,0.8715201890194085,0.9936824136849715
145,31.0,24.5,16.5,14.0,35.5,16.0,21.5,22.0,-3.9939841774264733,7.176111215901582,2.395787015074451,1.307621266962232,0.00936116850118185,0.00335084755922965,5.4962023387860395,0.912598329218252,1.635145900788653
146,30.0,16.0,22.5,14.0,40.5,13.0,21.0,21.0,-3.0475578705002144,9.04259446609031,2.717284196214563,1.262728566053112,0.00716091546113035,0.0063286743353034,5.660858677566305,0.802447105777315,1.6862794762056001
147,21.5,23.5,22.0,18.0,21.0,13.0,17.5,26.5,-5.6851787483776555,3.446364194367021,1.8257938510146965,1.1749365831795318,0.013033274569847451,0.001485691415592,3.3282398737249,0.8949478490393995,1.0283858576245684
148,22.0,15.0,12.0,14.0,28.5,15.5,18.0,30.5,-5.391293624107687,3.8046494324021403,1.503481103554936,1.0432935805638839,0.2069095555555527,0.026326386823381998,3.6033189045171854,0.788437380609431,0.683708403220719
149,20.5,28.5,26.0,18.0,34.5,10.5,20.0,22.0,-5.072426643404723,7.006098616626694,3.0996923048200187,0.9664241744718138,0.00264616805689965,0.0011821283570571,4.12516212332447,0.9127483734319755,2.2993715610902052
150,22.0,14.5,17.0,14.5,27.5,13.0,15.5,16.0,-7.981782635299934,3.42747098238328,1.2304092970237543,0.816814135344073,0.0139013706293697,0.00043829097892940003,4.1518705712696455,0.8564890729092325,0.49601672021286103
151,19.0,20.0,13.0,13.0,20.0,12.0,23.0,22.5,-6.7613440184402,5.828925706328144,1.6457346266874944,-0.7587546526525384,0.0028503799778339996,0.0014561270404531501,5.67519700839491,0.9882199348694545,0.9421226949945449
152,12.5,14.0,12.5,14.5,20.5,11.5,13.0,23.5,-8.751473627018223,7.423537984627494,2.5515116015206347,6.255278684951454,0.040501040185813596,0.0008620884605684,5.64043442799894,0.8512256440185699,1.5086170931397076
153,32.5,28.0,21.5,22.0,24.5,21.0,20.5,29.5,-6.917416878468177,5.850341830481772,3.2911727140020064,-0.24083104126856147,0.00400258963955955,0.00107797984264755,3.448115900413985,0.857028660609657,4.707504088869145
154,17.5,14.0,16.5,17.0,13.5,10.5,17.0,24.5,-6.86752228696692,11.665897609978991,1.7084888876858666,-0.006150086164467439,0.010881860685565,0.041773380870235244,7.71188421429293,0.681544892561348,3.5356585652952353
155,29.5,15.0,13.5,20.5,13.0,12.5,26.5,24.5,-8.751473627018223,5.670544573117125,1.4715145105675593,2.2336399013847967,0.00934466891331525,0.00045270727100525003,6.131482959235475,0.9213678834462995,0.937182180060218
156,30.5,26.0,13.0,22.5,16.0,18.0,18.5,27.0,-4.149833105508179,6.2803895788440744,3.058772585901191,-0.4632606592415467,0.01053737976409275,0.0042011891953463495,4.266788461053141,0.9147805295480125,1.705174982063645
157,16.0,18.0,16.5,12.0,17.5,12.0,16.5,20.0,-2.590927052023999,7.887996363720956,2.858794124890542,3.433830118083802,0.008100825379746851,0.00228929414486075,4.74613668003421,0.855466749938308,1.89347423610867
158,22.0,17.0,16.5,18.0,28.0,17.0,20.0,23.5,-4.615140087212151,5.072227356141195,1.7545686921392347,5.035360810293716,0.0598642722670028,0.00170716897868585,4.449482646856265,0.8496559688418885,0.9950352914610605
159,13.5,14.5,18.5,11.5,39.0,8.5,16.0,16.0,-4.782244365973687,2.597455180041665,1.1576647581446644,0.21134992801857921,0.03092800959180795,0.0018694766364897501,3.731923959117085,0.8274268779874916,0.3118454732368505
160,41.5,48.0,25.0,22.5,18.5,22.5,21.0,25.5,-4.149833105508179,3.4477275396478424,1.6834176861231758,-0.43215305182578034,0.00221296084834825,0.0014062033814811,3.371304747583855,0.909059234690753,0.6547737036673564
161,23.0,17.0,11.5,22.0,19.0,16.0,21.0,23.5,-4.925079297476294,9.647565570368085,1.9184343451193677,3.004279466288109,0.0205622930626016,0.0034160871534961,6.59789733708693,0.8212880917521039,1.5857759741385151
162,20.0,22.0,17.5,11.5,21.0,13.0,21.5,20.0,-6.912750075332678,3.7986603757658552,2.187431346826242,1.3024427255986057,0.0327804095674436,0.00087457825878955,3.180070099125795,0.8283138486546475,0.8878599694433196
163,34.0,34.0,18.5,28.5,32.5,20.5,19.0,24.5,-4.149833105508179,11.448412200753776,1.2905869045815683,-0.5081868029742411,0.0015703477534712998,0.00659111443722745,6.498312143879495,0.859049871962841,3.8648437365582904
164,23.0,15.0,13.0,14.0,22.0,11.5,18.5,27.0,-4.76643106992111,6.063833668898664,2.308500125000971,3.826275036502349,0.01372886150826045,0.0007423003582159001,4.57581891911832,0.8923697705497475,1.214654304548955
165,36.0,35.0,14.5,14.5,17.0,11.5,20.5,24.5,-3.2244365683214955,9.081880202185246,1.9803232178413115,0.7235974605544642,0.0076793739753077,0.0006592807928875,4.41907453557944,0.88917854739277,1.49602961360825
166,13.0,14.0,15.5,11.0,16.5,12.5,14.5,17.5,-7.214435896561626,8.251227146241526,1.9547462477243052,2.8697917057856412,0.0142883469933147,0.00224060248275485,7.498826600538525,0.8744207275964551,1.068325973577745
167,13.0,15.5,15.0,10.5,22.0,10.0,15.5,20.0,-2.2927382934853906,9.977945496322972,1.8118372553468602,0.3145253379969857,0.00686792357415205,0.00165301005527045,6.82772483739233,0.945417652425192,2.866252867146115
168,14.5,14.0,21.0,13.5,26.5,10.0,20.5,23.0,-4.473561434846173,5.003657772321261,3.2022604287850713,5.2083637348905825,0.045721606710815446,0.0213524610181958,4.5832249006593795,0.8826920210282845,1.8346383509429098
169,32.5,37.5,22.0,21.5,22.5,17.5,18.5,29.0,-5.996851436049532,8.97067194727899,2.111506845141971,2.0430460653970064,0.006396624722004651,0.00238508184574305,5.55741171214898,0.777516871680692,1.606251338061045
170,28.0,42.5,16.0,10.0,42.5,13.0,17.0,18.5,-4.303190822588739,4.131665246924639,1.4715376318293465,1.830131812045983,0.015759779492960847,0.00044547247631109997,4.383881642544015,0.8530091043079431,0.6593932334867469
171,28.5,36.5,27.5,26.0,31.0,14.0,23.0,27.0,-6.305235023588843,6.625035355461871,2.669054180372746,0.807770378491842,0.00784136705913285,0.0034090261920355,4.527970800420105,0.9045955957691365,1.5438360717911048
172,20.5,15.5,22.5,20.5,25.0,15.5,23.5,29.5,-6.603643783182902,5.942353604135763,2.4599120290439993,3.8371280933511285,0.0302635575757207,0.01250247960485645,5.2110750495675955,0.8591145171556991,0.8919932576126555
173,32.0,23.5,13.5,17.5,15.0,17.0,23.5,26.0,-3.512137479718735,8.764746183127839,1.5922458821799648,2.8682444070720035,0.0148253948186984,0.00200790103473625,7.895343448716716,0.8411494050401169,1.0134124739434704
174,31.0,21.5,15.0,11.0,26.0,13.0,22.0,18.5,-5.53945605851051,7.336883656996184,1.7747921165613672,2.871159998602444,0.025163973683342153,0.0029277156134954,7.37315846894911,0.7725472960204021,0.7608643225580395
175,14.5,20.5,16.0,12.0,16.0,9.0,18.0,21.0,-1.7281882695135162,6.3279771679931445,2.6208082599184266,0.6852945367851753,0.0026781206181399,0.0029455963676363,4.107493643717915,0.7679219845508696,1.40955106107115
176,21.5,23.5,15.0,18.5,27.0,14.0,24.0,25.5,-3.5193997142327715,7.807334743113867,2.1504385204627536,3.7620200074352352,0.0267692260818045,0.00232335975442405,7.034745201346765,0.847105877935777,0.9616956318470765
177,33.0,39.5,23.5,26.5,34.0,17.5,28.0,24.0,-2.141146867284877,9.848711838028017,2.906718282723507,1.4965376486363713,0.0070774298368885494,0.007395860630142,5.83048761970261,0.8609056065825544,2.109258596417765
178,25.0,30.5,17.5,19.5,30.0,13.5,18.5,25.0,-8.751473627018223,5.361131204702669,0.9795919289426992,-0.44356295513760413,0.0009353016284569,0.0007300888006411,7.811129452655945,0.8184955415736406,0.557927357050922
179,39.0,43.0,25.0,35.0,16.5,16.5,22.5,34.5,-3.8353926298836227,5.615729288490439,1.4558992787438116,2.0817582192702258,0.00980825587739875,0.00054477090027445,6.36650666609465,0.9034272304543245,0.773718088252023
180,21.5,19.5,17.5,16.5,26.0,10.5,21.0,23.0,-3.988004772123424,5.748499218890841,1.081105927817742,1.5683710026795272,0.0085582435131345,0.0018293532592662,7.720930586929205,0.885626373292472,0.677073806410651
181,38.5,25.5,26.0,22.5,28.5,19.0,26.5,29.0,-5.539617180706257,4.514484386301213,1.9589631261599627,2.718417958126585,0.0067998359450726995,0.0005794572605642,4.58234296802085,0.9620403614287195,4.178782575423166
182,16.0,14.0,20.0,13.5,31.5,12.0,15.5,23.0,-7.751810166224534,6.240864138371174,2.2702550504507153,1.802331419340811,0.0086929333016313,0.0016794367292023,5.00282399252673,0.88819379783592,1.127272109630195
183,13.5,14.0,13.5,11.0,22.0,11.5,18.0,23.0,-4.314023251084324,6.894428633730349,0.9147431800725657,2.2932233934527586,0.0144979149472075,0.0010576475813263999,9.17372265225258,0.841396646507941,0.7292688223300865
184,43.5,47.5,20.0,17.5,45.0,23.5,30.5,23.0,-1.3921913702857978,10.337949345905216,2.8902457083766793,0.09904510473641537,0.0114979621015534,0.04264564733601969,5.875075138194405,0.7933462110039651,10.42567785252885
185,23.0,19.5,15.5,20.5,15.5,20.5,20.0,24.5,-3.9912415579653286,3.294525589217735,1.8960362394260715,0.9471540237904026,0.0279636441131561,0.0005422789570921,3.03823254378797,0.842086068392763,0.8779354302847651
186,19.0,14.0,12.0,18.5,25.0,19.0,18.5,18.5,-5.242633812407953,6.753103762529112,2.2796460733992494,3.1091323222261753,0.0091881274960084,0.00074525064086525,5.28880401620202,0.9427358641182855,1.767937438921125
187,40.5,42.5,27.0,28.5,26.5,21.0,24.0,28.5,-3.202399583742027,5.095020222711751,2.1483320974333986,1.2595629476932475,0.0043813867106222,0.0007102218069127,4.208486026144255,0.9229028865620285,1.02622251808211
188,19.5,16.0,12.0,13.0,18.5,14.5,13.0,20.0,-3.8353926298836227,10.132433806337943,1.5812039721396656,1.024172076961598,0.00433307257398705,0.0028104167532147497,7.29204124240239,0.9353003169811784,1.83955732809819
189,24.5,28.0,22.0,20.0,34.0,16.0,22.5,24.0,-1.9916747683671427,7.4531818560099925,1.401218916167802,5.332205597841936,0.03133757947953035,0.0009572420495808499,5.963139423455205,0.8134127225365471,0.912956333936216
190,36.5,27.0,18.5,26.0,27.0,20.0,24.0,24.0,-4.6313197052810295,5.094884685523893,1.6911035131595704,0.7729394703918713,0.006260874758429499,0.0008683021036912501,6.127238343304535,0.9620066475460041,0.8109619265997985
191,35.5,40.5,15.5,28.0,12.5,22.0,24.5,29.0,-4.770238722254865,5.201662912781272,3.383278595830115,2.169100530318702,0.010448418378192149,0.00109467845617935,3.3389191614659097,0.8978426608866015,3.828997606616745
192,24.0,22.0,19.5,12.0,35.5,12.0,18.5,20.5,-4.46987217916603,8.63502047413915,1.7144911361867001,0.45366415218436673,0.0057566732803957495,0.0026721193966010998,9.188351092859886,0.937743472213833,1.145208242597691
193,14.5,14.0,13.5,11.0,24.5,10.5,17.0,21.5,-3.0608089355698525,1.3511359587036291,0.47806464342863353,0.17962866045890258,0.009670381005813751,0.0021021744411488,3.83499091627967,0.985328865591576,0.134140104806315
194,24.0,27.0,22.5,20.5,23.5,16.0,21.0,23.0,-8.289204270871178,7.218866093439065,1.9708947837495217,6.613690060534765,0.0314103273937463,0.0011543551363817,4.844032802833615,0.820239640204689,1.1458082287977112
195,16.5,15.0,14.0,14.0,23.0,12.5,16.5,21.5,-6.146750686596859,7.927891339744397,1.5187162769269602,6.737238478119032,0.04689109187698755,0.00157267958098985,6.62082001246673,0.8334372745753456,1.0481114505505986
196,16.5,14.5,14.5,10.5,30.5,10.5,18.0,20.0,-6.306260615771498,4.183876215848921,1.240190614644796,1.5486099173525087,0.0377867339456741,0.000333373111975,5.653724024237144,0.8254447385097989,0.446196279556917
197,25.5,16.0,19.5,17.0,40.5,10.5,18.5,26.5,-3.673765054801179,2.920249045730868,1.3650901602479752,-0.07334842541844311,0.00726014394704045,0.0009098407205656,3.686559183293375,0.881055712112324,0.4526587084843725
198,12.5,14.0,11.0,13.0,12.0,8.5,15.5,21.0,-5.544792998955083,4.95593793058609,1.5150228149108584,1.9337004469582941,0.00892564828408895,0.0005031298446005,5.16195976520075,0.9009286107575776,0.7946595606815006
199,15.5,16.0,17.5,15.5,22.0,10.0,14.0,26.0,-4.938035139442151,3.0396279210668116,2.9604366541169216,2.9789687116883448,0.151221619806822,0.0744661610074509,3.923788928545945,0.9140099502719514,8.633894947364436
200,13.5,14.0,12.5,11.0,13.0,10.0,14.0,16.5,-2.590927052023999,4.183942375850558,1.9162048008970565,0.6563574366371066,0.0518106309643874,0.0022343457562898,4.25768739823971,0.8893939798352499,0.8252568875556505
201,14.0,16.5,13.5,10.0,33.5,12.0,14.5,17.0,-3.9941879375836367,5.237659697484408,2.469179524780663,2.384084956245305,0.02031953958564635,0.0033703476888925,4.379440655823535,0.8424091795014925,0.9219580387596111
202,22.0,20.0,14.0,15.5,29.0,15.0,19.0,25.5,-6.59744870236865,8.410614326552963,2.7622625025403424,3.6607699216036877,0.01122091892278425,0.0027059979008381,5.591215266606206,0.875913053005952,2.65043579012908
203,18.0,14.5,21.0,15.5,18.0,13.0,20.5,27.0,-6.603643783182881,4.192806101905159,1.9278317082440115,0.4727238137236456,0.0191178008084529,0.0003794295416287,4.1256332913187945,0.9121390120425246,1.870620426044704
204,22.5,16.5,20.5,18.5,33.0,13.5,24.0,29.0,-4.459291159130444,5.047765487614869,2.407371006479333,3.4997239165926315,0.018891385981445852,0.00088114284229055,4.36303265846985,0.8972165000834296,1.062150656200492
205,24.0,28.0,22.0,20.5,30.0,11.5,19.5,27.0,-2.593268459016267,3.670002581853775,1.302313603595221,0.8786887400256933,0.0055979948941329,0.00034834323586345,4.50890107084682,0.902064229494641,0.511936179739361
206,34.0,37.0,28.0,25.5,23.5,20.0,26.5,30.0,-4.920471325279842,5.7347707701078345,2.4244451594837577,1.067368870686416,0.0047624164881061,0.00228374251569865,4.339125793462495,0.8865945685330889,1.1556897412130231
207,16.5,17.5,20.5,15.5,22.0,13.5,17.0,23.5,-4.46987217916603,5.478803173298507,1.4930515243314566,1.689012751224905,0.01005846818808605,0.0023019669983003,6.306171065952965,0.8607353076944215,0.687743149595571
208,12.5,14.0,14.0,12.5,14.5,8.5,14.5,20.0,-6.4517918227813205,8.538154351424366,1.8966328086230024,0.06698029971051422,0.0033511858164768,0.0025805071136506,6.3176352134807505,0.9725952544903205,1.9656909731283585
209,23.5,29.5,22.0,17.5,40.0,17.5,19.0,23.0,-5.544792998955079,4.944392704475522,1.5785450059919475,0.8581472927814977,0.0100705013664847,0.00043073911653745,5.01287881434879,0.887709876291628,0.665031903940132
210,17.0,15.5,15.0,19.5,23.0,13.5,18.5,21.0,-8.135702747735653,7.776632949885179,2.4723077965170246,6.7894286636417025,0.05848436431123045,0.00428115244126685,5.611591657796815,0.8167102238579925,2.9473717129925703
211,30.5,37.5,29.0,23.0,30.0,15.5,26.5,17.5,-1.3921913702857978,7.29891081305062,2.6471172119714232,3.784591558266913,0.03116655855260085,0.0023550246434708997,4.71845796012083,0.8014237870425724,1.188231825011766
212,28.5,32.5,16.5,22.5,21.5,17.0,15.0,23.0,-4.142108064044739,5.061996239105664,2.2215227283704606,-1.0678212588733473,0.00177128625720555,0.00240791284789485,3.979074997555805,0.9261614495121746,0.9918331709827091
213,20.5,15.0,17.5,16.5,16.0,13.5,20.5,22.0,-5.539617180706257,5.911618171827547,1.5987043789658935,3.24753019765342,0.0332400174342828,0.0006625236433205,6.916296681808335,0.8200139721634185,0.606867184010641
214,24.0,29.0,23.0,27.0,26.0,11.5,17.5,31.0,-5.68076745424572,3.703925314684561,1.2911944536390472,1.5414826246844826,0.0251054601158925,0.0004762434856937,4.24605076188905,0.8202740617277375,0.5136064398997651
215,27.0,17.5,11.0,10.0,14.5,11.0,17.0,23.5,-4.305933442049884,11.689650216885807,1.4353917413923327,-0.21078453354864735,0.0070984036719962005,0.038851716553027604,7.61098469575426,0.728224118886559,2.8134247975633047
216,15.0,19.5,15.5,19.0,26.5,12.5,15.5,23.5,-7.3683349133543485,6.969849447605627,2.2661903795145077,3.16580647415796,0.0113286153451389,0.0010373620348566501,5.134296389380205,0.878689747633678,1.20729165742071
217,16.5,16.5,11.5,10.5,33.5,9.0,13.0,18.0,-1.840307295827524,9.537602103221861,3.7661836944824083,1.709190933138144,0.0176345883103605,0.05225717169273635,5.08119886222406,0.7981197704638601,10.57305409702968
218,24.5,28.5,22.0,16.0,22.5,16.5,21.5,22.0,-5.376969616226759,7.402420806825078,2.4368324650795703,5.73746664012716,0.0354148135679295,0.004859869259232301,5.726846215835025,0.8331465540185355,1.0872846601680002
219,12.5,15.0,11.5,11.0,18.5,8.5,16.5,22.5,-3.05307032838241,9.674716081753065,2.064465434408646,1.3306966701802976,0.0041699933629102,0.0044319339727221,5.73937121666054,0.880043504778129,2.2893699282973747
220,24.0,28.5,25.0,21.5,42.0,15.0,24.0,28.0,-3.9912415579653286,4.445563270655422,2.5146194453647936,0.18455236499761063,0.0086150337046694,0.0019104958847877,3.337982341265155,0.8271279283713975,1.111585616060155
221,37.0,44.5,22.5,23.0,37.0,19.0,27.5,25.5,-1.3921913702857978,5.8389777150060835,3.668362261135999,1.8974474716159992,0.01028383592599515,0.00820771459554305,3.8499156694394996,0.9203694250625005,2.726883707449005
222,20.0,19.5,12.0,14.5,32.5,14.5,18.0,23.0,-8.751473627018223,6.005418664791129,1.4628684770611926,2.761009848884667,0.0124736982423833,0.00153056065109745,7.82902697934924,0.936212927512732,0.8551662752836691
223,14.0,14.0,12.0,12.0,21.5,10.0,17.0,22.0,-4.617996065784299,10.304669769977885,1.8252419424836301,0.490697514866163,0.0066246222000695,0.013726270610073199,7.322997537144265,0.9437481851137726,2.289838072584595
224,28.0,24.0,21.0,18.0,17.5,17.0,20.0,22.5,-4.921189283493845,4.4349772196090615,2.3096100246641083,1.0053824887961404,0.0103419791097417,0.00091791731156205,3.666179674646835,0.913883982109593,1.931801736404029
225,23.5,26.5,20.5,24.5,24.5,14.5,21.0,25.5,-4.46987217916603,4.777839067392962,1.962944791073331,3.5714263820078083,0.026397648407136952,0.0007697806478118,4.83001765205805,0.8750394436554455,0.8099242634467435
226,41.0,39.0,18.5,14.5,20.5,18.5,30.5,28.5,-3.5179161267194727,2.2509303109109084,1.156679516452201,0.5792499879024995,0.02391072852129805,0.00042315133098165,3.20208450313365,0.8117684791722335,0.28909614322972454
227,31.0,21.5,20.0,23.0,31.0,20.0,22.0,23.5,-3.3690632440332617,7.391386072589276,2.7145880509783127,4.79248594025539,0.04359799130384595,0.0008865966226547499,5.50800711606949,0.8177203781758735,1.122708383001013
228,26.0,28.5,23.0,22.0,23.5,13.5,19.0,26.5,-4.6313197052810295,2.800463120325639,1.3647507802206253,0.20120507762632456,0.01759753497656695,0.0005717913351931,3.02760753867932,0.8132203300440171,0.4300276886654285
229,23.0,14.0,14.0,14.5,15.0,11.5,19.5,24.5,-2.749593759771378,7.090190454517495,2.9259952404423366,1.8141914867727396,0.0062428055372857495,0.00087520639554135,4.42007986671017,0.9395059925564464,2.724457740557205
230,21.5,21.0,14.0,14.0,35.0,18.5,22.5,26.5,-1.3921913702857978,3.232663986696241,1.4020037944439891,0.7967257887434407,0.00952890300023485,0.00056207690120575,3.615399075172885,0.9057356501514819,0.5727691928676875
231,23.0,28.5,14.0,13.5,37.5,12.5,20.5,19.5,-3.3577721391503275,5.098760035913202,1.1504519894545266,0.09259211682563384,0.00326198280704565,0.0004585458516212,6.224415155336425,0.9291726135083811,0.6851931591444185
232,17.0,17.0,21.0,11.5,37.5,14.0,17.5,15.5,-2.893668902605212,4.820323350491133,2.8288249947490924,4.982711143686814,0.04304769647873605,0.010490046031771501,3.549880552143215,0.8340897405667864,1.356250216229155
233,25.0,17.0,22.5,14.5,38.0,10.5,20.0,25.5,-5.2440019783230305,7.286911006994588,1.4233714840087095,3.294821872746238,0.017625253080501002,0.0006627457267167,7.36636145930684,0.8462386174948375,0.827831108887632
234,14.0,14.0,19.0,12.0,21.5,16.0,20.0,21.5,-3.343876029278867,11.465353194726166,0.9001343258160899,-0.6700005070993909,0.01074180768143485,0.28489008352475975,8.16906937409589,0.875108360291332,6.39315533188146
235,24.0,18.5,17.0,15.0,17.0,15.5,18.0,22.5,-3.520808603128306,10.784408586761824,2.032258061567009,-0.4935526134968704,0.0022252011060474,0.0067894767654524,6.19449634296101,0.8529965371638331,2.725868600466025
236,27.0,28.0,18.5,18.5,29.0,14.0,17.5,23.0,-4.1431657876583365,8.304344114463898,2.276326640918159,-1.9563527978485569,0.00434104745988485,0.0012027593637876,4.541779731386155,0.8019947084449806,2.738074061923365
237,15.5,21.0,12.5,14.0,27.0,10.0,17.0,19.5,-1.3921913702857978,8.610710135026661,2.821918833235757,-0.12571139158531963,0.0022155644834174,0.0035775056279316,4.95497086501943,0.879937523107731,2.1489997256732947
238,13.5,20.0,11.5,12.0,40.0,11.5,23.5,17.5,-4.46987217916603,7.1162897684120665,3.097255233651783,2.2517590885200938,0.0118182476144949,0.0009763106445015,4.122464202009215,0.8442299226045805,2.742563676195135
239,36.0,43.5,22.0,21.5,36.0,19.5,29.0,21.0,,10.259442549954047,2.4408459768542983,1.4663757083669644,0.0140958947100901,0.0027558973895675,6.796686481700615,0.8290167384693915,1.381469479637095
240,22.5,18.0,22.5,11.5,37.0,12.0,20.0,28.5,-3.836876217396921,3.8259982695116896,1.0202361662044188,1.2386943588390864,0.0188103859405815,0.0012047690143949501,5.098870572110879,0.8255924813515425,0.439333394251205
241,26.5,23.5,18.5,18.0,17.5,14.5,20.0,24.5,-3.2510818131420276,7.569565876112011,2.078342168864288,0.8202242866736991,0.0030571911753805997,0.0010002854235518,5.89463959000798,0.953358910224622,1.4812215577449201
242,24.0,26.5,22.0,19.0,31.0,15.0,18.0,22.5,-3.524265734075878,3.857723251264391,1.9617930074194077,0.42716307537245246,0.050328989878255646,0.0010845285964838,4.022511928786505,0.904200356538995,0.989218065934276
243,22.0,18.0,20.0,18.5,23.5,11.0,20.5,20.5,-4.78467742236159,4.8427380947183565,1.5183417895857227,1.8172911161060483,0.0081134708041325,0.0008296883290165,5.9528038985404095,0.930443363165272,0.762998567405234
244,27.5,24.0,14.5,21.0,15.0,19.0,14.5,18.5,-2.6753034860796605,4.552804917351178,1.9784430503364232,1.3895332669122231,0.0046341193423417,0.0007653672056479001,4.035122015184864,0.915428826183427,0.929338082630018
245,35.0,16.0,19.5,13.0,29.0,12.0,23.0,25.5,-2.893668902605212,3.9539548115085776,1.3201624755578,1.0434049091414972,0.026872418728871604,0.00093396367118,5.159829849003545,0.8063708222063205,0.5019147045097551
246,19.5,16.0,11.5,23.5,21.5,14.0,22.0,25.5,-5.077378633959199,4.80868894188262,1.3777684192209527,0.7130250919504391,0.0043738771266504,0.001044811522674,7.79231699034564,0.967481152524909,0.542313482216726
247,12.0,16.0,15.0,10.0,35.5,10.5,18.0,17.0,-3.2033320999641566,10.41891500136515,2.620386137399216,-0.719805024742227,0.0025259676018113,0.0061923020674407,5.506443829170305,0.9430515313079355,4.63175308463528
248,25.5,24.0,19.0,17.5,17.0,14.5,22.0,23.5,-3.2219601379788907,10.547048224473738,1.7613057545827873,1.6990082136533546,0.010752544618236149,0.0027581664946032002,6.899657501156035,0.9170579121430384,4.1775139857788695
249,24.0,27.5,18.5,12.0,19.5,15.0,17.0,21.5,-5.378953157442842,11.320900578299725,1.847302407786441,0.6980535372780965,0.0056976316530490505,0.0464728349350557,8.293466228294704,0.954898162500029,5.3092906834621
250,31.5,21.5,25.5,12.5,29.5,14.5,25.5,25.0,-4.460748334721284,6.7701298030689205,2.9318012167167926,2.797588147182181,0.021851114857574152,0.0012658415229051,4.518700564158115,0.871690973140996,4.084470092485665
251,12.5,14.5,12.5,21.0,22.0,12.0,16.5,22.5,-3.054925196733271,10.075235944757964,1.8967477646508233,0.7888751153223739,0.0022502836664320502,0.00336939455701405,5.83397975787095,0.871008990820151,2.28179040201682
252,23.5,15.5,18.0,13.0,27.5,14.0,18.0,19.5,-7.369773457528172,5.810920591523415,3.2742906811729857,2.163638467442893,0.0158452866021922,0.00352509162315915,3.720823269893515,0.810919047480135,1.87842853654872
253,31.5,15.5,19.0,25.0,20.5,14.5,19.5,31.5,-5.388725410621527,7.312134106948336,1.6978240891074257,-0.04755637412482683,0.0049772359636209,0.0021975873924639498,10.007858958292635,0.9942093300244614,1.1341510368784131
254,15.0,15.0,14.0,13.0,32.0,8.0,20.0,24.5,-6.1477877740598625,6.930653059734167,2.7146340891410894,4.1745414260883695,0.019030519945062052,0.00088060778796895,4.5492049574000095,0.811872072337553,1.3962871722037602
255,27.0,15.0,26.5,17.0,21.0,15.0,21.5,24.5,-3.6810272893152156,11.331062310606061,0.9583326890736026,1.2140087121212115,0.0161901005394799,0.00501655968229565,11.10701870657715,0.8057818805078965,1.164548458221415
256,28.5,15.5,19.0,32.0,14.0,14.5,21.5,26.0,-4.62322989624659,9.786063577335037,1.4471469084498447,0.9912864869767928,0.00740041234288835,0.0021034019408169,9.851719100682004,0.8885741772839295,1.234529582228767
257,32.5,34.0,18.5,25.0,23.5,15.0,19.5,23.5,-5.539617180706257,5.7098029555668806,1.2058189201575042,0.23729556277529618,0.00256580479688855,0.0006636627446635,6.167284870650445,0.9492776316016676,0.7930426098045905
258,14.0,16.0,14.0,12.0,33.0,11.0,18.0,21.0,-4.784987207679004,8.446089467911488,1.085010487750432,1.6122380125052909,0.022372002118652097,0.0065896799647694,9.30738647222441,0.8224084955468545,1.0057895224240736
259,18.5,14.0,11.0,20.0,17.0,25.0,13.0,17.0,-8.751473627018223,7.166406490802034,1.662522891083782,2.263645181843586,0.01226770658532015,0.0018402579492065,6.94575790057983,0.849859341133154,0.8610474227350886
260,13.5,16.5,12.5,14.5,39.0,12.0,20.5,20.0,-4.30842465305103,6.518467740938029,2.6132954826166284,5.75142824651947,0.0173385502859038,0.0045722746257936,4.460983196223265,0.885141342345392,1.980270960485195
261,35.5,37.0,25.0,19.5,30.0,15.0,32.0,30.0,-5.697457056669238,9.851222685010864,2.056497852540338,1.0941471675447083,0.0090687020387333,0.0027101978891956,8.19755654395734,0.91312457775538,1.351456827847175
262,19.0,28.0,16.0,14.0,40.5,13.0,24.5,18.0,-2.75992549881472,4.147163507130223,2.136123753906316,2.233426163787996,0.0129625284499138,0.00180488234706245,3.87125489029326,0.8893595864152355,1.1595696383914191
263,22.0,14.0,17.0,18.5,16.0,14.0,15.0,26.5,-5.542720523234501,5.354313862468681,1.983267580756659,0.6747941099877299,0.00824276227311665,0.00046916082829929996,4.49705747631293,0.896751095997151,1.3961726338137757
264,23.5,16.0,13.5,22.0,14.5,18.5,16.0,25.5,-3.0475578705002144,3.3490743427995726,1.0973406884170636,1.5070973413186899,0.028234733277357052,0.000288448254337,3.78206981511066,0.7801650371772115,0.4187013368365925
265,21.5,24.0,11.0,12.0,24.5,16.0,14.0,19.5,-7.981565513194658,5.378241550000487,1.6889160046518144,-1.3898427716713448,0.00598237927167125,0.0009332693786225,4.20230016653881,0.9313376494939255,1.3298192217072948
266,14.5,14.0,13.5,11.0,12.0,12.0,17.5,24.5,-5.239135945391617,10.089442780050314,1.741719379194466,0.8412580201462898,0.0071754266639048,0.00298989510228385,6.5078904833515,0.9584493844010296,3.92603230094482
267,19.0,16.5,13.0,13.0,34.5,10.0,17.5,22.5,-5.684141660914635,3.993414886054409,1.798075230282325,-0.20907576298050157,0.0051653699279615006,0.0020055361768453,4.302242984408714,0.9720878639224444,0.8962575668493029
268,37.0,35.5,14.5,24.0,29.5,19.5,24.5,29.5,-3.5148800991798796,5.081502117377688,1.9172140703037357,3.0543306021613974,0.036357554988252404,0.00055582902158785,4.67456250183433,0.805676163694379,0.6437340762562676
269,47.5,15.5,20.0,35.5,16.0,18.0,22.5,32.5,-5.699868067751227,4.575856545457032,1.9682547236011723,1.3357225043503962,0.00407186514678045,0.0007144152400120501,4.13374406545964,0.9574025610482295,1.031108992702092
270,21.5,16.0,13.0,10.5,26.0,14.0,17.0,22.5,-6.905832289907922,7.412458069080939,2.8238899598162828,5.014746306503992,0.028296937639709897,0.0009700330876203,5.38395032329751,0.8330992831552471,1.199240477171435
271,41.0,31.5,23.5,13.5,19.5,13.5,23.0,28.5,-5.846952185502205,8.684015850395781,2.3619164253427543,4.025817684616802,0.0161027886325938,0.0029106930477592503,6.2633405384542655,0.8624642061730615,1.3163862667355999
272,37.5,50.0,17.5,23.0,14.0,18.0,21.0,32.0,-2.290043615268867,5.788657963546566,2.3815987674010763,5.476159762370506,0.0250252403262805,0.0011217738324267,4.640265277787655,0.8672357533111494,1.1659075742300549
273,18.5,16.5,16.5,25.0,27.5,14.5,19.0,24.0,-7.520067010597289,6.121070081346949,2.983502334788673,5.02642626947433,0.0319816704997763,0.00560185739008085,4.316565724394691,0.8441073318033441,1.45242423269925
274,13.0,14.0,12.5,15.5,17.5,10.5,21.0,21.5,-7.058747120816154,9.70737556758202,1.779084952862866,-0.12654657360833577,0.0043885603678873,0.0042278579852841995,7.037053544382324,0.8811529148641954,1.595668415230515
275,22.0,16.0,19.0,13.5,32.5,10.5,18.0,22.5,-3.3676238488480816,3.4623652286560223,1.1399301197603442,1.2039394421909704,0.017153770906348002,0.0003075457876624,5.32822151025103,0.8860745574007625,0.503835576786045
276,19.5,15.5,20.0,13.5,26.0,12.0,19.5,21.5,-7.5212497442625805,3.735516096570149,1.3307214290689537,2.0519752137322227,0.02121426551041795,0.0006090023213971,4.789884973882075,0.8759950572612105,0.6117736210915465
277,22.5,14.5,17.5,30.0,12.5,14.5,17.5,30.5,-6.29526019564361,6.1099439791052506,1.6735901638215718,2.2757602958728382,0.0386338021550961,0.0012966889686678,6.55418677425133,0.8158145943466755,0.6633203947188315
278,15.0,15.0,19.0,11.0,29.0,11.0,21.0,24.5,-5.998259002447702,7.288791205669922,1.882455796217556,1.4867195104925686,0.00652108646007095,0.0011496019681384501,5.901712877841044,0.7868382227552391,0.925992714009256
279,41.0,36.0,27.0,21.0,42.0,18.5,27.0,26.0,-3.6765076742623233,8.58196416478932,2.9188846279001703,4.2635510996829975,0.01193320376523845,0.0029713931193439498,4.41042852835671,0.8334062993152436,4.73563396987496
280,16.5,14.0,15.0,15.0,26.5,10.0,20.5,19.5,-1.3921913702857978,7.283220371674341,3.8730911734850233,4.425407990866358,0.0037589252736992,0.06674141157635055,4.20101867731986,0.9090405486642286,9.888984306868004
281,13.0,14.5,12.5,18.0,32.5,9.0,23.0,27.5,-5.238826160074204,3.8671298101329326,1.5237427310215566,0.4172813137728497,0.00507541944266775,0.00044567896412735003,4.055005607790925,0.9335702254906391,0.682695054412212
282,16.0,14.0,11.0,17.0,24.5,13.5,22.0,22.0,-5.090334475925053,10.268372878841769,1.0691601174580954,0.7634814057780019,0.011922288654786749,0.0018728718301948,11.807532763725401,0.8898512864999305,1.0629717523906894
283,20.5,14.5,17.5,13.0,29.5,21.0,19.5,22.0,-6.44376970469036,4.7967909909700355,2.2255151066103074,1.9132751740315233,0.007616217787774901,0.00063700174837155,4.0224958755757605,0.877659851799752,1.18731364928249
284,24.5,17.0,21.5,22.5,31.5,15.0,18.0,28.0,-2.901522767479676,7.490750209042129,1.9580416994433025,-2.165394716558228,0.00054826473806115,0.00238060294405295,5.490906846471555,0.8458851423864451,1.1158516050010985
285,35.5,31.5,24.0,24.0,32.0,16.5,22.0,24.0,-4.928886949810051,9.11670831235476,1.7562990723343823,1.1933921886192937,0.00495409026414465,0.0010000746819681001,7.497408027629071,0.8058018493906935,1.4386131326426745
286,22.0,15.5,20.5,11.5,13.0,12.0,22.5,27.0,-2.141190732582656,7.4821678399794305,3.0082601300405325,2.4645807527981956,0.0054527176361034504,0.00128147764230365,4.11735011890134,0.8394933284317675,2.90215317740396
287,16.0,15.0,13.0,10.5,30.0,10.5,18.5,18.5,-2.7498521051277915,6.2343849660882,1.6020011650184989,4.278775159678263,0.03357834861902015,0.00075757250922475,5.687479964847385,0.8189627941815094,0.7311628714383831
288,22.0,14.0,11.5,12.5,24.5,16.0,16.0,27.5,-1.6926068940550478,7.460439299124568,2.451586548914153,1.666677029536407,0.0034453513809016,0.00174463698170025,5.91847809010628,0.941170840295289,1.38652560848328
289,14.5,14.5,14.0,10.5,24.5,12.5,16.0,20.0,-6.146750686596859,6.825275724417987,3.527077341866275,0.8796934040297608,0.005039030023342101,0.0039029796424114504,3.7300063392136646,0.7899540833580645,2.150065239244375
290,19.0,16.0,11.0,23.5,18.0,17.0,15.5,23.5,-6.146750686596859,5.969161726990674,1.6160778791267534,1.9266135491966123,0.005371450306165,0.00077008318884835,5.1393447650620505,0.832040004279062,0.9318402034301665
291,27.0,19.5,17.0,19.0,31.5,11.5,16.5,21.0,-7.10469731240075,5.130186299824386,2.11771420363875,3.017888555088602,0.0099220509334648,0.0006082291569108,4.83875118833631,0.9407681812900586,1.19764591376259
292,17.0,14.0,14.5,12.0,20.5,14.0,16.0,20.5,-2.590927052023999,7.6723536413528395,3.006415156909604,4.233387203055958,0.0241015296116011,0.0037132723571171498,5.150880111850485,0.8271156081962214,1.2596542005784954
293,31.0,24.0,16.0,18.0,29.5,13.0,22.0,25.5,-4.141563247506296,4.342182328118765,1.020391524319674,-1.0053938270792417,0.0012422840332775998,0.0019810221684255,8.703979942636366,0.9742237349728815,0.577284481808534
294,15.5,16.5,26.5,23.5,26.5,16.0,23.5,26.5,-4.299864677371841,10.12655710874968,2.3901058142048908,1.3381784964427847,0.0048954469421502,0.00521805357442075,6.239130775464885,0.831775989096563,1.8670394012537548
295,15.5,16.5,16.0,11.5,21.0,12.0,15.0,20.0,-6.752153292229629,7.742607402441285,2.6750433400523668,3.6607000311295037,0.01759302880638745,0.00220955849829045,5.50532118672061,0.8240044095465164,1.143419165527146
296,15.5,16.0,18.5,17.5,24.0,11.0,18.0,24.5,-4.771721580395738,10.352577270523788,1.9062913090292222,0.29395348935416976,0.0039698853634542,0.0025109234160914,7.76967473515408,0.849375777673682,1.32819285344081
297,21.0,16.0,19.0,25.5,22.5,15.0,30.0,34.5,-4.6313197052810295,8.124954769645107,2.062964209121147,2.9646432494271506,0.0077317486105547995,0.001258046841132,5.075867611414105,0.875339847843432,1.82094376177915
298,16.0,15.0,13.0,13.5,16.0,10.0,17.5,20.5,-4.931742928382198,5.715365413091945,1.8264871453900324,1.005861475227824,0.0053866215357501,0.0015751684505143,5.592220672618685,0.937136752023328,0.898670072022695
299,20.5,29.5,14.5,26.0,16.5,14.5,16.5,20.0,-4.938035139442151,7.554754339438107,1.8576244141813814,2.5358684010984365,0.0078168790234836,0.00562632328355425,7.54746497551856,0.9238625281065176,1.0645644154492
300,26.5,26.0,14.0,24.5,19.5,25.5,17.5,25.0,-3.365510746337769,7.777597341762195,2.717880744672405,5.246926337961135,0.0244611964061596,0.00651542462408845,5.6052286333076395,0.8664821041304875,1.5366846720226301
301,17.5,16.0,12.5,24.5,16.0,17.0,16.5,30.0,-3.5179161267194727,5.142172178019152,0.9792475574024027,1.7640071515488556,0.0123267016587221,0.00078953094405815,7.074307334057785,0.8306488209834311,0.582177742706342
302,15.5,18.5,17.5,12.0,29.5,12.5,22.0,22.5,-5.843183933651558,5.2681984376641235,1.6614691044513017,0.5471588369350466,0.0025963798232235,0.001207877233665,5.4983732776398,0.8991207791023785,0.7743157689049815
303,14.0,14.5,15.0,13.0,15.0,10.5,13.5,22.0,-5.090334475925053,5.229280388902847,2.1535456828355386,2.5384035387575814,0.0041911774454778,0.00406061570411005,4.685891169223066,0.9054534975056945,5.718066235469472
304,34.5,22.0,21.5,21.5,30.0,16.0,20.0,35.0,-3.9871979069378884,8.816028034959675,1.9227427802486476,-0.7077503816935504,0.0011009413086044998,0.00216291129861455,6.30786540321852,0.851496828915846,1.697376338659031
305,20.5,18.5,15.5,13.0,21.5,9.5,17.0,20.5,-6.602639662333813,4.513384847049878,1.2236934897344889,0.8254139805841696,0.0131340972939288,0.0009604120647405,6.151030345690595,0.907913049349951,0.5561886891637264
306,13.0,15.5,17.5,10.5,28.5,9.5,20.0,20.5,-6.29886549659277,4.748302957361,1.6331538248878257,-1.703288193465133,0.0010323536084929,0.0018153105116067501,4.361593918499045,0.9517488564589061,0.7427978546727845
307,16.0,15.0,15.0,10.0,36.5,9.5,14.5,16.5,-4.767439423695054,7.790105362507113,1.6106830086569217,-0.24051684255334127,0.0051956498273501,0.0009532875368819501,7.362544964451985,0.8673930445077735,0.9237337053189161
308,13.5,15.5,17.5,11.5,33.0,8.0,18.5,21.0,-5.227277884506526,6.511095213853143,1.163346940701441,2.5367786937344117,0.011994665769621701,0.00089097687562015,10.34738394167707,0.8943360827066256,0.783502445232614
309,27.5,28.0,16.0,14.0,21.0,17.0,21.0,25.0,-7.3683349133543485,6.473202769752282,2.9189206597199417,1.0856599696342313,0.0047741025180531,0.0026569541418466998,4.71562453429765,0.964026825225787,1.8634495870281502
310,19.0,15.5,12.5,16.0,15.5,11.5,15.5,27.0,-6.912027370722191,9.245773336561276,2.722899397306129,0.03690606555677567,0.00537889214790925,0.0019393611017020501,5.420123266714505,0.887074976538395,3.37330317762092
311,29.5,16.5,12.5,30.5,18.5,18.5,18.0,20.5,-5.688316392889089,5.49033317494989,3.007684778187118,6.8947404931935194,0.055861215262653946,0.0051210563825877,4.223044339588689,0.876547206391751,2.3131296883686803
312,12.0,15.5,19.5,10.0,45.5,8.0,15.0,14.0,-6.151556025910514,3.9727397849039163,2.3569690070799507,3.8566022169087457,0.242270121546187,0.02046583536969325,3.587308889303345,0.8309665028195825,1.6820368581637615
313,33.0,29.5,16.5,19.0,25.5,15.5,21.0,30.5,-6.146750686596859,5.452317608299149,1.9597163610013997,3.578016272974608,0.0244004508019124,0.00153916194745695,5.002548963377015,0.866287928639487,0.7913674488589886
314,13.5,14.0,12.5,10.0,30.0,9.0,18.5,15.0,-4.933054414284934,9.123454563603444,2.321474563589493,1.036052578896717,0.0063178200995287,0.0018682435924908002,5.97212014607309,0.8846817246977285,1.504694362131825
315,40.5,21.5,13.0,19.5,13.5,17.5,18.0,26.5,-3.837505732393935,7.147147610911135,2.284671819859662,3.9177153011704293,0.00884968420082175,0.0006959145677152,5.9720280635730045,0.930109716081416,1.41876123845058
316,14.5,23.5,22.5,14.5,39.0,8.0,17.5,16.0,-7.98180373094293,7.754324074446291,2.702303126978649,2.9769725057889747,0.0017635949293334,0.0006943960155763,3.81333551440571,0.818318755707364,2.41512231069571
317,23.0,16.0,15.5,12.5,21.0,12.5,14.5,22.5,-3.523551222589451,6.760893563562624,2.19801428292814,5.1273081125042665,0.03593961486949355,0.00062832354802815,5.794905486822765,0.8239768829425216,0.847442498077173
318,32.0,20.0,32.5,20.5,17.5,23.0,25.5,34.5,-4.152575724969324,4.571187534827076,1.7741457014013708,0.9061885612441034,0.0147078815773846,0.00146615392798265,4.08233958243464,0.898920514099101,0.9480020272569745
319,19.0,19.5,14.5,14.0,34.5,13.0,20.0,20.5,-7.060536879768903,5.17156662978975,2.580961431563642,3.380623034834623,0.02805542425445945,0.00082634627496205,4.015111924933731,0.8562116138139766,1.504956642380995
320,12.0,14.0,12.0,11.0,23.5,9.5,16.0,14.5,-2.442074169337788,11.6601026733255,1.7972949647667948,0.14729465334900027,0.02830803531577565,0.368519100549823,10.395941584299106,0.7597027292572525,9.72309370951229
321,38.5,34.0,16.0,30.0,20.5,13.0,22.5,32.0,-3.8323566023440296,7.791588886598962,1.4068425429199993,0.11415775123797944,0.0026823928727556,0.0143019833450939,9.903830302390865,0.956574802556404,0.993017183930639
322,23.5,20.0,21.0,19.5,19.5,13.0,20.5,27.5,-5.244311763640445,8.705475244668378,2.0813781359049615,0.8302536445410151,0.0048413353389246995,0.0027187366236442,6.32730642614833,0.8629765356273835,1.336055488750175
323,28.0,16.5,11.5,31.5,13.0,16.0,16.0,26.0,-8.751473627018223,4.8316124319697025,1.2771358258415475,1.6635916415224974,0.01812729749192365,0.0006739263699728499,5.715735331968805,0.8372024420671036,0.6029135787832121
324,22.5,15.0,16.5,18.0,16.0,13.5,15.5,23.0,-4.926083551595788,7.780432469063394,2.432673340740319,1.834297157784781,0.005353231176646401,0.00311362177181395,5.620945588916236,0.834037831283819,1.22518431313269
325,15.5,15.0,13.0,11.0,18.0,10.0,16.0,16.5,-6.603643783182881,4.463015178011801,1.6405794468295465,1.9009943928062827,0.015543907569573499,0.0003266228697458,4.454876200184355,0.855355356786519,0.7382195820166244
326,21.0,27.5,12.5,21.5,27.0,18.0,17.0,21.0,-3.5179161267194727,4.646337252796684,3.600120239280934,5.196801375473954,0.0626372026114064,0.00554184972441675,3.708582114404755,0.8596327979652014,3.77939566989214
327,14.5,19.5,18.5,17.5,26.5,11.5,13.5,21.5,-6.912247389836587,8.796097399895018,2.4277857051424285,4.194055846233302,0.016925197088665002,0.00201911270265125,5.347889330461944,0.858227567572566,2.193634533877745
328,38.5,33.5,15.0,12.0,24.0,17.0,25.0,22.0,-6.29526019564361,6.466465588411905,1.1058582681382352,0.6614318158383008,0.0042277484621025,0.0006174797633065,9.168020210258689,0.901930005051176,0.7817493092274765
329,27.0,20.0,11.5,16.0,15.5,13.0,23.5,28.0,-7.982569534062885,5.352922878982893,2.2520594332475468,4.134898233601501,0.03815810707549915,0.00904319935569375,4.6366418576893,0.8220638118690395,0.8438147397796549
330,19.0,15.5,24.0,14.0,28.5,12.0,19.5,20.5,-7.367350727469858,4.146982299190224,1.9779852530813997,3.2222866921253637,0.0260456768091478,0.00066152173441085,4.625785357186325,0.911546523782033,0.7204680025893075
331,12.5,14.0,13.0,11.0,19.0,9.0,15.0,15.0,-5.994973041982593,4.812550901256096,0.9261781115040859,-0.26332849073504994,0.00358105839731365,0.00017881851801795,7.702971962010575,0.7517007074807971,0.492855558699323
332,20.5,14.0,13.0,18.5,15.5,11.0,18.5,22.0,-6.449964785504588,4.764494279964382,1.1139325539386138,0.40183938800467844,0.00283179471870735,0.00045850315593925,7.283806558681305,0.8656304379302745,0.5717767346997065
333,14.0,14.5,20.0,12.5,16.5,9.5,15.5,19.0,-6.003075837041717,6.899844372817473,2.5236590758746322,3.1424797377846816,0.02260193401096005,0.0021182993182454497,5.0360747400196395,0.9117454999081795,2.0268210475408552
334,29.5,16.0,16.0,21.0,15.0,20.0,18.0,20.5,-4.30842465305103,9.140788947122285,1.4886029862274488,0.2107043056503617,0.00534973942918495,0.00290692414937735,8.884077999478224,0.84852428769173,1.038581534507715
335,29.0,22.0,18.0,16.5,36.0,14.5,23.0,22.5,-5.998741293833245,6.522516412965234,1.9653363038179767,0.43890343765381346,0.0058399241652643,0.0014988601580459499,5.84109717436289,0.75471531170874,0.8533531167528046
336,22.0,15.5,11.0,11.0,18.5,12.5,17.0,22.5,-5.391125496557105,10.142319718289574,1.7795751357793965,2.641115802021058,0.01251973628418915,0.0026131703893359,7.4342923674483,0.8985845147618245,1.965206754520505
337,24.0,18.5,15.0,27.0,28.5,14.5,15.0,19.5,-6.456159866318824,4.08888672985351,0.5856887214141084,0.3887054097859006,0.0061502661304082,0.0015749461736731,10.055978532280275,0.847123970909086,0.37599089856094203
338,21.5,15.5,20.0,19.5,28.5,10.5,19.5,30.5,-5.846952185502205,6.915531254498481,1.3273094244141639,1.9069954154359725,0.00851771569164875,0.0011202359020074,7.435358746504365,0.7930613904769745,0.745857369189369
339,19.0,19.5,12.0,14.0,16.5,14.0,13.0,15.0,-7.827865044182735,10.596464063075707,1.8439871662592133,0.34054274668494955,0.0021488292411068,0.0172497970224754,7.2736365585280645,0.6788808958957825,1.451253575854375
340,13.0,14.0,13.0,11.5,22.0,9.0,18.0,19.0,-5.228624757286958,9.604315294476837,2.511678174555036,0.791981275675282,0.0018911053620156,0.0084123447561392,4.02658780463889,0.826045221788835,2.25992884636417
341,28.5,29.5,19.0,24.0,32.0,21.5,22.0,28.0,-6.752153292229629,8.904655846933986,3.141092145557881,2.0978050146459415,0.0050150453007471,0.002464868405282,4.5648024022473095,0.8644398455381895,3.7558040112026996
342,15.0,16.0,13.0,10.0,17.5,9.5,16.5,19.0,-4.46987217916603,6.797932182085367,1.2714751801842785,2.3331333358754702,0.00956176638137905,0.0019766858798582502,7.5020533208786055,0.867451211733674,0.7940229850323766
343,22.5,24.5,22.5,22.5,22.5,15.5,21.0,29.5,-8.751473627018223,7.86843534728365,1.7419065979744417,0.5695021268431799,0.00723479147356305,0.00388299979183045,7.0639727091948155,0.864954940121089,0.9873597384713515
344,14.0,14.5,20.5,20.0,24.0,12.0,18.0,26.5,-5.68951643125358,1.610682133006095,0.6106323865637999,0.005314337643338107,0.3318059075681727,0.01540390165502235,2.663641648269765,0.9330599397502051,3.476122751163432
345,22.5,23.0,21.0,14.5,36.0,14.0,21.5,25.0,-3.201923211068622,8.108184327596316,2.444393675188253,4.811549320478331,0.01851855758192555,0.00214780815482385,5.78261010791813,0.8585295921254755,1.3238865086813751
346,21.5,21.0,15.0,12.5,35.5,15.0,16.0,17.0,-6.758348373043864,7.909477643361765,2.314415960168142,4.454370792950764,0.0105610083232263,0.0010661269332731499,5.572518040536725,0.8790180650902499,2.17300550600846
347,23.0,22.5,16.0,14.0,29.0,15.5,23.0,22.5,-2.219874620393006,9.351088104009314,2.7936862169986965,-0.2413845742603522,0.0012466795903939,0.00256645087834105,4.626684601386605,0.810605533884465,4.13835085606568
348,15.0,15.5,17.0,11.0,15.5,8.0,19.0,25.0,-4.456548539669297,11.863843988203268,0.6875717195003843,0.2723120235934662,0.0089079325686,0.014088731340160301,8.83765016522797,0.7398390117523714,1.8344673663680102
349,20.0,24.5,14.5,14.5,42.0,12.0,17.5,21.5,-3.9887503469641805,8.221806977673126,2.7000396250842202,0.18161280163393956,0.00260965185363785,0.003531543155615,5.102420732430235,0.8127390873581071,1.45123719380656
350,12.5,18.0,14.5,10.0,22.5,9.5,14.5,14.5,-1.3921913702857978,7.006258760304195,1.5558430775765952,1.5385383567877127,0.013334218444690949,0.00095814120063995,6.40764247687936,0.84226945780978,0.9060291243328745
351,35.0,22.5,29.5,30.0,34.0,21.5,24.0,32.0,-3.3582485118237333,5.591734176566052,2.6183662532638694,2.5054656864307314,0.0056134464574157,0.0007574558959832999,3.970261628622735,0.9152062394329015,1.572576369546485
352,13.5,14.0,11.0,10.0,32.0,8.5,13.0,15.5,-4.30842465305103,9.53158001354916,2.442906545105034,1.3338569572203993,0.00949161156681165,0.00290016959024645,6.826811328025386,0.848478711198994,1.2648121550665499
353,16.0,16.0,14.0,12.5,28.0,11.0,14.0,25.0,-4.313393734133488,9.261377126484666,2.3199108744734147,3.133414109210602,0.043132335763644905,0.0388351113065211,6.36064775167937,0.776609133509069,5.010116409714325
354,18.5,14.5,13.5,20.0,17.0,13.5,21.5,32.0,-4.938035139442151,2.7553709934455597,0.9336920927165497,2.4267235967895777,0.0710232540819219,0.0080164799145341,4.89019042808121,0.8810630150536005,0.486668534592246
355,18.0,14.5,13.5,14.0,26.5,11.0,16.5,19.0,-7.060536879768903,8.256784459939563,1.6028780721743419,3.0252757716085785,0.03660876681529005,0.009650173759413249,9.4671657876971,0.815418902864641,0.701071759068071
356,23.0,16.0,14.0,13.5,26.0,9.5,18.5,21.0,-3.2089192564641165,4.309530460853312,2.318037900714206,1.7385064966305166,0.01605483448052825,0.00056092788483625,3.92920859185901,0.8784072410057915,1.1166972080374244
357,12.5,14.0,16.5,15.5,15.5,9.5,13.5,24.0,-2.595956516740009,5.613021723118765,1.5753581999917592,1.8165729506863686,0.02178549730872885,0.0007744567460770001,5.284600504849595,0.766820144272356,0.596753378240816
358,21.5,22.5,21.0,17.5,34.0,14.0,19.0,25.5,-4.149833105508179,5.811949300497441,1.7755449108233639,3.0129097275703027,0.0150043789039449,0.00066535023668195,5.53235730192697,0.860384941111612,0.8410322729050925
359,32.0,35.0,23.5,19.0,35.0,16.5,24.0,24.5,-1.3921913702857978,5.815577934996245,2.5279347819816103,1.8595747840275179,0.0175821987400219,0.0031158458338564,4.468742159170494,0.8711420693533429,0.9651966011195184
360,29.5,21.5,19.0,18.0,21.0,15.0,17.0,26.0,-6.2988762487500995,6.330204284956276,2.5527928470563825,2.033488137372744,0.00272228408223455,0.00102981461511295,4.1633375510331,0.8290578955427406,1.33082150843184
361,25.0,19.0,15.0,10.5,33.0,13.0,19.0,20.0,-4.938035139442151,2.448990474003524,0.8348124115200422,1.1651830258713058,0.0834535955305074,0.0060950649035079,4.3973225312965205,0.8797762360164101,0.40607939077282196
362,18.0,22.5,20.5,15.5,35.0,12.0,17.5,27.5,-5.843183933651553,4.8194689878069,2.173579413843881,3.0254283696422513,0.020980406945296896,0.0009725543742507,4.1289339395754805,0.9036881983001135,1.123521878054512
363,13.5,14.5,20.0,13.0,21.0,10.0,16.5,24.0,-5.68951643125358,10.454032094913437,1.3111800727335616,0.06688232679633366,0.0020339914600716,0.00746616060567075,11.80356541933485,0.8639825664501065,1.113593542750305
364,14.5,16.5,12.5,15.0,21.5,12.5,18.5,23.0,-5.391125496557105,6.951299868958419,2.0260614090069615,6.3768370303933954,0.0328749046896717,0.00428875512229965,5.138252198013455,0.8392603497537955,1.217309468878875
365,20.5,19.5,19.0,23.0,33.0,15.5,21.5,29.0,-5.9930831841988805,6.190160116544178,2.3187660945814903,4.348566629456288,0.0204876201369869,0.005614466486927199,5.487273804420806,0.8680457853677754,0.972308546137993
366,12.0,14.0,13.5,11.0,29.5,9.0,13.5,23.0,-8.751473627018223,6.978494076389407,1.607518022432382,4.384787484548401,0.015319469480707,0.00278967184913745,5.498042144210135,0.8790636877766884,1.4454926830610466
367,29.5,25.0,13.0,24.0,14.5,14.5,18.5,22.5,-2.4789881140731067,9.038672118692707,3.2701801746144907,-1.5004763578663782,0.0035747602857674,0.0090263548665305,4.939933936521145,0.948028772438532,5.36582222369716
368,22.0,15.0,13.0,19.5,15.0,13.0,17.0,25.0,-3.512137479718735,2.6190989820520136,0.8870657843440954,1.4281792903950763,0.02324623056476535,0.0035410428179337003,4.368707013049709,0.914465745347024,0.358230481116658
369,42.0,29.0,16.5,19.5,39.5,18.5,21.0,27.0,-3.6810272893152156,5.321295711449248,1.9702132146298383,1.9771349165290482,0.0089838956992482,0.0005960261684096,5.20041840989736,0.917355857265845,1.0669855737260674
370,12.5,16.0,17.5,13.0,22.5,11.0,17.5,20.0,-5.9930831841988805,9.443466130690442,1.6966635290117704,3.8495423275767653,0.0227487434406383,0.0013592596109363,7.06909421512381,0.8251270576054306,1.2347004778997102
371,21.0,24.5,25.5,17.5,45.5,13.0,23.5,27.5,-2.4487819595167633,5.6003495092617825,2.375464909404173,1.70685547860502,0.0046298157967825,0.00074236328826905,3.79287673062505,0.8535947667739885,1.75531182782312
372,27.5,22.0,20.0,22.0,29.0,12.0,20.5,28.5,-4.146797077968587,4.691331656875051,1.8735256968467595,0.9099449655596108,0.00435903162760545,0.0003698655435192,3.786728012926835,0.9445910520633105,1.43139497501939
373,21.0,16.5,19.5,20.5,22.5,14.0,20.0,21.0,-4.456273481283333,7.515091384581742,2.844671124609492,1.2114694587783612,0.0025283608208539,0.00182525837434585,4.720902017555345,0.915802642715033,1.639121682649985
374,35.0,44.0,16.0,30.5,16.0,22.0,26.0,34.5,-1.9948739261484039,3.1914358879427196,0.9251285039759203,0.38918050383917424,0.0055615713584904,0.00132019704601735,5.664212033577256,0.929469962770882,0.3977221185648575
375,13.5,15.5,18.0,11.0,29.0,9.5,21.5,21.0,-2.875293377163432,4.711169653841586,1.7496349630392487,-0.33275595074026665,0.00311039670032235,0.00166118405942155,4.2512096866412,0.9446570758113135,0.8372449619793569
376,27.5,24.0,18.0,24.0,35.0,19.0,15.5,22.0,-8.366263169697607,7.7954048576927715,2.911533659741057,5.389535428031433,0.0187061351178985,0.00459803387912645,4.762901562958826,0.888551277789071,3.243946160917505
377,21.5,15.5,11.5,11.5,18.0,11.5,18.5,23.0,-2.904217445696199,6.804840172509356,1.497562832087506,1.8780189155124254,0.00784057942155095,0.00073789175223185,7.34788643337173,0.9305462832865534,0.9720800983952249
378,15.5,15.0,18.5,32.0,30.0,21.5,17.0,25.0,-4.615140087212151,7.80587341666356,1.820424805638662,2.1429938595537683,0.011750817225679,0.0008890680349926,7.423361826832,0.8595081384585841,0.9825600238975074
379,19.5,16.5,14.0,21.5,16.5,16.5,18.0,18.0,-5.081186286292954,5.807516653333025,1.2812694413732906,3.8657678774439557,0.0054732231332156,0.0002318277818391,4.49049336273487,0.970630543325052,0.631466059386738
380,22.5,17.5,13.0,18.5,38.0,14.0,17.5,29.0,-5.235367693540965,4.4716353961426645,1.2673061276301385,2.1707514384803086,0.01677718765163805,0.00034674097071429996,5.067440672273765,0.8498434792607434,0.6416290316966056
381,30.0,28.0,21.5,18.5,32.0,16.0,18.0,21.5,-7.060536879768903,3.7339858934558112,1.0293156905652356,0.9825198045440175,0.00970193721036415,0.0005457505861935,5.393206592757485,0.887161220661679,0.46688188550166
382,31.5,21.0,14.5,24.5,32.0,15.0,18.5,25.0,-4.938035139442151,4.315450776693802,2.1164385157290173,1.9487829874825502,0.0408470376270947,0.0004438225976957,4.07033926889271,0.8269132299225855,0.771236418752981
383,12.5,14.5,17.0,10.0,34.5,9.5,14.0,21.0,-4.46463834870374,7.019348742174772,1.6292003483842405,0.8439331301812136,0.00599924132412785,0.00100945568432655,6.437176260844264,0.8771922542019426,0.928111539949772
384,30.0,42.5,24.0,23.0,37.5,17.5,28.5,24.5,-1.3921913702857978,7.178256007733321,3.0978010928570905,1.8951271725780314,0.0053966555832462,0.0019632473471023,4.438721126109135,0.879118804498003,1.6136194855350898
385,19.0,24.0,15.5,17.0,20.5,14.0,19.5,22.0,-3.670785706360255,4.782546520131236,2.4233641488254802,1.1390708394362716,0.0173308246712552,0.0006618346984032501,3.6901142707183547,0.8858702785320355,1.109731893057148
386,32.5,31.0,15.5,16.5,17.5,12.5,23.5,26.0,-5.3938405352526,6.114484413564826,1.7832253535055513,1.1899583306310983,0.01585970956199035,0.00055001733885685,5.391328678085214,0.8676223684155004,1.179316733002318
